/*
 Navicat Premium Dump SQL

 Source Server         : localhost
 Source Server Type    : MySQL
 Source Server Version : 80400 (8.4.0)
 Source Host           : localhost:3306
 Source Schema         : studyr3q1

 Target Server Type    : MySQL
 Target Server Version : 80400 (8.4.0)
 File Encoding         : 65001

 Date: 22/12/2025 15:56:34
*/

SET NAMES utf8mb4;
SET FOREIGN_KEY_CHECKS = 0;

-- ----------------------------
-- Table structure for ai_keys
-- ----------------------------
DROP TABLE IF EXISTS `ai_keys`;
CREATE TABLE `ai_keys`  (
  `id` int NOT NULL AUTO_INCREMENT,
  `api_key` varchar(255) CHARACTER SET utf8mb4 COLLATE utf8mb4_bin NOT NULL,
  PRIMARY KEY (`id`) USING BTREE
) ENGINE = InnoDB AUTO_INCREMENT = 10 CHARACTER SET = utf8mb4 COLLATE = utf8mb4_bin ROW_FORMAT = DYNAMIC;

-- ----------------------------
-- Records of ai_keys
-- ----------------------------
INSERT INTO `ai_keys` VALUES (1, 'ENjSyOf82jRnE7vtFXiiBK6s794GHyplqkwULtuPsfM=');

-- ----------------------------
-- Table structure for comments
-- ----------------------------
DROP TABLE IF EXISTS `comments`;
CREATE TABLE `comments`  (
  `id` int NOT NULL AUTO_INCREMENT,
  `user_id` int UNSIGNED NOT NULL,
  `content` text CHARACTER SET utf8mb4 COLLATE utf8mb4_bin NOT NULL,
  `times` timestamp NULL DEFAULT CURRENT_TIMESTAMP,
  PRIMARY KEY (`id`) USING BTREE,
  INDEX `user_id`(`user_id` ASC) USING BTREE
) ENGINE = InnoDB AUTO_INCREMENT = 133 CHARACTER SET = utf8mb4 COLLATE = utf8mb4_bin ROW_FORMAT = DYNAMIC;

-- ----------------------------
-- Records of comments
-- ----------------------------
INSERT INTO `comments` VALUES (119, 1, '1', '2025-10-14 08:42:34');
INSERT INTO `comments` VALUES (120, 1, '她是我女票', '2025-10-14 08:43:14');
INSERT INTO `comments` VALUES (121, 1, '老公', '2025-10-14 08:54:16');

-- ----------------------------
-- Table structure for crypto_market_data
-- ----------------------------
DROP TABLE IF EXISTS `crypto_market_data`;
CREATE TABLE `crypto_market_data`  (
  `id` bigint NOT NULL AUTO_INCREMENT,
  `name` varchar(100) CHARACTER SET utf8mb4 COLLATE utf8mb4_0900_ai_ci NOT NULL COMMENT '币种名称（VARCHAR）',
  `price` varchar(50) CHARACTER SET utf8mb4 COLLATE utf8mb4_0900_ai_ci NOT NULL COMMENT '价格',
  `day_increase` varchar(20) CHARACTER SET utf8mb4 COLLATE utf8mb4_0900_ai_ci NOT NULL COMMENT '日涨跌幅',
  `weeks_increase` varchar(20) CHARACTER SET utf8mb4 COLLATE utf8mb4_0900_ai_ci NOT NULL COMMENT '周涨跌幅',
  `suggestion` int NOT NULL,
  `create_time` datetime NOT NULL COMMENT '入库时间',
  PRIMARY KEY (`id`) USING BTREE
) ENGINE = InnoDB AUTO_INCREMENT = 676 CHARACTER SET = utf8mb4 COLLATE = utf8mb4_0900_ai_ci ROW_FORMAT = Dynamic;

-- ----------------------------
-- Records of crypto_market_data
-- ----------------------------
INSERT INTO `crypto_market_data` VALUES (46, '比特币', '$88,082.6', '-0.17%', '-2.25%', 1, '2025-12-21 17:13:36');
INSERT INTO `crypto_market_data` VALUES (47, '以太坊', '$2,976.14', '-0.23%', '-4.31%', 1, '2025-12-21 17:13:36');
INSERT INTO `crypto_market_data` VALUES (48, '泰达币', '$1.0004', '+0.02%', '-0.05%', 1, '2025-12-21 17:13:36');
INSERT INTO `crypto_market_data` VALUES (49, 'BNB', '$850.20', '-0.41%', '-4.91%', 1, '2025-12-21 17:13:36');
INSERT INTO `crypto_market_data` VALUES (50, 'XRP', '$1.9210', '+0.32%', '-4.59%', 1, '2025-12-21 17:13:36');
INSERT INTO `crypto_market_data` VALUES (51, 'USDC', '$1.0002', '+0.01%', '-0.01%', 1, '2025-12-21 17:13:36');
INSERT INTO `crypto_market_data` VALUES (52, 'Solana', '$125.424', '-0.90%', '-5.55%', 1, '2025-12-21 17:13:36');
INSERT INTO `crypto_market_data` VALUES (53, '波场币', '$0.282982', '+1.31%', '+3.18%', 0, '2025-12-21 17:13:36');
INSERT INTO `crypto_market_data` VALUES (54, '狗狗币', '$0.131540', '+0.27%', '-4.51%', 1, '2025-12-21 17:13:36');
INSERT INTO `crypto_market_data` VALUES (55, '艾达币', '$0.3686', '-1.37%', '-9.52%', 1, '2025-12-21 17:13:36');
INSERT INTO `crypto_market_data` VALUES (56, '比特币现金', '$593.91', '-1.78%', '+3.13%', 1, '2025-12-21 17:13:36');
INSERT INTO `crypto_market_data` VALUES (57, 'Chainlink', '$12.53', '+0.20%', '-8.38%', 1, '2025-12-21 17:13:36');
INSERT INTO `crypto_market_data` VALUES (58, '门罗币', '$464.475', '+4.15%', '+12.06%', 0, '2025-12-21 17:13:36');
INSERT INTO `crypto_market_data` VALUES (59, 'Hyperliquid', '$24.1636', '-2.43%', '-17.30%', 1, '2025-12-21 17:13:36');
INSERT INTO `crypto_market_data` VALUES (60, 'UNUS SED LEO', '$8.4516', '+6.25%', '-7.79%', 1, '2025-12-21 17:13:36');
INSERT INTO `crypto_market_data` VALUES (121, '比特币', '$88,082.6', '-0.17%', '-2.25%', 1, '2025-12-21 20:00:48');
INSERT INTO `crypto_market_data` VALUES (122, '以太坊', '$2,976.14', '-0.23%', '-4.31%', 1, '2025-12-21 20:00:48');
INSERT INTO `crypto_market_data` VALUES (123, '泰达币', '$1.0004', '+0.02%', '-0.05%', 1, '2025-12-21 20:00:48');
INSERT INTO `crypto_market_data` VALUES (124, 'BNB', '$850.20', '-0.41%', '-4.91%', 1, '2025-12-21 20:00:48');
INSERT INTO `crypto_market_data` VALUES (125, 'XRP', '$1.9210', '+0.32%', '-4.59%', 1, '2025-12-21 20:00:48');
INSERT INTO `crypto_market_data` VALUES (126, 'USDC', '$1.0002', '+0.01%', '-0.01%', 1, '2025-12-21 20:00:48');
INSERT INTO `crypto_market_data` VALUES (127, 'Solana', '$125.424', '-0.90%', '-5.55%', 1, '2025-12-21 20:00:48');
INSERT INTO `crypto_market_data` VALUES (128, '波场币', '$0.282982', '+1.31%', '+3.18%', 0, '2025-12-21 20:00:48');
INSERT INTO `crypto_market_data` VALUES (129, '狗狗币', '$0.131540', '+0.27%', '-4.51%', 1, '2025-12-21 20:00:48');
INSERT INTO `crypto_market_data` VALUES (130, '艾达币', '$0.3686', '-1.37%', '-9.52%', 1, '2025-12-21 20:00:48');
INSERT INTO `crypto_market_data` VALUES (131, '比特币现金', '$593.91', '-1.78%', '+3.13%', 0, '2025-12-21 20:00:48');
INSERT INTO `crypto_market_data` VALUES (132, 'Chainlink', '$12.53', '+0.20%', '-8.38%', 1, '2025-12-21 20:00:48');
INSERT INTO `crypto_market_data` VALUES (133, '门罗币', '$464.475', '+4.15%', '+12.06%', 0, '2025-12-21 20:00:48');
INSERT INTO `crypto_market_data` VALUES (134, 'Hyperliquid', '$24.1636', '-2.43%', '-17.30%', 1, '2025-12-21 20:00:48');
INSERT INTO `crypto_market_data` VALUES (135, 'UNUS SED LEO', '$8.4516', '+6.25%', '-7.79%', 1, '2025-12-21 20:00:48');
INSERT INTO `crypto_market_data` VALUES (136, '比特币', '$88,082.6', '-0.17%', '-2.25%', 1, '2025-12-22 14:02:22');
INSERT INTO `crypto_market_data` VALUES (137, '以太坊', '$2,976.14', '-0.23%', '-4.31%', 1, '2025-12-22 14:02:22');
INSERT INTO `crypto_market_data` VALUES (138, '泰达币', '$1.0004', '+0.02%', '-0.05%', 1, '2025-12-22 14:02:22');
INSERT INTO `crypto_market_data` VALUES (139, 'BNB', '$850.20', '-0.41%', '-4.91%', 1, '2025-12-22 14:02:22');
INSERT INTO `crypto_market_data` VALUES (140, 'XRP', '$1.9210', '+0.32%', '-4.59%', 1, '2025-12-22 14:02:22');
INSERT INTO `crypto_market_data` VALUES (141, 'USDC', '$1.0002', '+0.01%', '-0.01%', 1, '2025-12-22 14:02:22');
INSERT INTO `crypto_market_data` VALUES (142, 'Solana', '$125.424', '-0.90%', '-5.55%', 1, '2025-12-22 14:02:22');
INSERT INTO `crypto_market_data` VALUES (143, '波场币', '$0.282982', '+1.31%', '+3.18%', 0, '2025-12-22 14:02:22');
INSERT INTO `crypto_market_data` VALUES (144, '狗狗币', '$0.131540', '+0.27%', '-4.51%', 1, '2025-12-22 14:02:22');
INSERT INTO `crypto_market_data` VALUES (145, '艾达币', '$0.3686', '-1.37%', '-9.52%', 1, '2025-12-22 14:02:22');
INSERT INTO `crypto_market_data` VALUES (146, '比特币现金', '$593.91', '-1.78%', '+3.13%', 0, '2025-12-22 14:02:22');
INSERT INTO `crypto_market_data` VALUES (147, 'Chainlink', '$12.53', '+0.20%', '-8.38%', 1, '2025-12-22 14:02:22');
INSERT INTO `crypto_market_data` VALUES (148, '门罗币', '$464.475', '+4.15%', '+12.06%', 0, '2025-12-22 14:02:22');
INSERT INTO `crypto_market_data` VALUES (149, 'Hyperliquid', '$24.1636', '-2.43%', '-17.30%', 1, '2025-12-22 14:02:22');
INSERT INTO `crypto_market_data` VALUES (150, 'UNUS SED LEO', '$8.4516', '+6.25%', '-7.79%', 1, '2025-12-22 14:02:22');
INSERT INTO `crypto_market_data` VALUES (151, '比特币', '$88,082.6', '-0.17%', '-2.25%', 1, '2025-12-22 14:02:24');
INSERT INTO `crypto_market_data` VALUES (152, '以太坊', '$2,976.14', '-0.23%', '-4.31%', 1, '2025-12-22 14:02:24');
INSERT INTO `crypto_market_data` VALUES (153, '泰达币', '$1.0004', '+0.02%', '-0.05%', 1, '2025-12-22 14:02:24');
INSERT INTO `crypto_market_data` VALUES (154, 'BNB', '$850.20', '-0.41%', '-4.91%', 1, '2025-12-22 14:02:24');
INSERT INTO `crypto_market_data` VALUES (155, 'XRP', '$1.9210', '+0.32%', '-4.59%', 1, '2025-12-22 14:02:24');
INSERT INTO `crypto_market_data` VALUES (156, 'USDC', '$1.0002', '+0.01%', '-0.01%', 1, '2025-12-22 14:02:24');
INSERT INTO `crypto_market_data` VALUES (157, 'Solana', '$125.424', '-0.90%', '-5.55%', 1, '2025-12-22 14:02:24');
INSERT INTO `crypto_market_data` VALUES (158, '波场币', '$0.282982', '+1.31%', '+3.18%', 0, '2025-12-22 14:02:24');
INSERT INTO `crypto_market_data` VALUES (159, '狗狗币', '$0.131540', '+0.27%', '-4.51%', 1, '2025-12-22 14:02:24');
INSERT INTO `crypto_market_data` VALUES (160, '艾达币', '$0.3686', '-1.37%', '-9.52%', 1, '2025-12-22 14:02:24');
INSERT INTO `crypto_market_data` VALUES (161, '比特币现金', '$593.91', '-1.78%', '+3.13%', 0, '2025-12-22 14:02:24');
INSERT INTO `crypto_market_data` VALUES (162, 'Chainlink', '$12.53', '+0.20%', '-8.38%', 1, '2025-12-22 14:02:24');
INSERT INTO `crypto_market_data` VALUES (163, '门罗币', '$464.475', '+4.15%', '+12.06%', 0, '2025-12-22 14:02:24');
INSERT INTO `crypto_market_data` VALUES (164, 'Hyperliquid', '$24.1636', '-2.43%', '-17.30%', 1, '2025-12-22 14:02:24');
INSERT INTO `crypto_market_data` VALUES (165, 'UNUS SED LEO', '$8.4516', '+6.25%', '-7.79%', 1, '2025-12-22 14:02:24');
INSERT INTO `crypto_market_data` VALUES (166, '比特币', '$88,082.6', '-0.17%', '-2.25%', 1, '2025-12-22 14:04:33');
INSERT INTO `crypto_market_data` VALUES (167, '以太坊', '$2,976.14', '-0.23%', '-4.31%', 1, '2025-12-22 14:04:33');
INSERT INTO `crypto_market_data` VALUES (168, '泰达币', '$1.0004', '+0.02%', '-0.05%', 1, '2025-12-22 14:04:33');
INSERT INTO `crypto_market_data` VALUES (169, 'BNB', '$850.20', '-0.41%', '-4.91%', 1, '2025-12-22 14:04:33');
INSERT INTO `crypto_market_data` VALUES (170, 'XRP', '$1.9210', '+0.32%', '-4.59%', 1, '2025-12-22 14:04:33');
INSERT INTO `crypto_market_data` VALUES (171, 'USDC', '$1.0002', '+0.01%', '-0.01%', 1, '2025-12-22 14:04:33');
INSERT INTO `crypto_market_data` VALUES (172, 'Solana', '$125.424', '-0.90%', '-5.55%', 1, '2025-12-22 14:04:33');
INSERT INTO `crypto_market_data` VALUES (173, '波场币', '$0.282982', '+1.31%', '+3.18%', 0, '2025-12-22 14:04:33');
INSERT INTO `crypto_market_data` VALUES (174, '狗狗币', '$0.131540', '+0.27%', '-4.51%', 1, '2025-12-22 14:04:33');
INSERT INTO `crypto_market_data` VALUES (175, '艾达币', '$0.3686', '-1.37%', '-9.52%', 1, '2025-12-22 14:04:33');
INSERT INTO `crypto_market_data` VALUES (176, '比特币现金', '$593.91', '-1.78%', '+3.13%', 0, '2025-12-22 14:04:33');
INSERT INTO `crypto_market_data` VALUES (177, 'Chainlink', '$12.53', '+0.20%', '-8.38%', 1, '2025-12-22 14:04:33');
INSERT INTO `crypto_market_data` VALUES (178, '门罗币', '$464.475', '+4.15%', '+12.06%', 0, '2025-12-22 14:04:33');
INSERT INTO `crypto_market_data` VALUES (179, 'Hyperliquid', '$24.1636', '-2.43%', '-17.30%', 1, '2025-12-22 14:04:33');
INSERT INTO `crypto_market_data` VALUES (180, 'UNUS SED LEO', '$8.4516', '+6.25%', '-7.79%', 1, '2025-12-22 14:04:33');
INSERT INTO `crypto_market_data` VALUES (181, '比特币', '$88,082.6', '-0.17%', '-2.25%', 1, '2025-12-22 14:06:34');
INSERT INTO `crypto_market_data` VALUES (182, '以太坊', '$2,976.14', '-0.23%', '-4.31%', 1, '2025-12-22 14:06:34');
INSERT INTO `crypto_market_data` VALUES (183, '泰达币', '$1.0004', '+0.02%', '-0.05%', 1, '2025-12-22 14:06:34');
INSERT INTO `crypto_market_data` VALUES (184, 'BNB', '$850.20', '-0.41%', '-4.91%', 1, '2025-12-22 14:06:34');
INSERT INTO `crypto_market_data` VALUES (185, 'XRP', '$1.9210', '+0.32%', '-4.59%', 1, '2025-12-22 14:06:34');
INSERT INTO `crypto_market_data` VALUES (186, 'USDC', '$1.0002', '+0.01%', '-0.01%', 1, '2025-12-22 14:06:34');
INSERT INTO `crypto_market_data` VALUES (187, 'Solana', '$125.424', '-0.90%', '-5.55%', 1, '2025-12-22 14:06:34');
INSERT INTO `crypto_market_data` VALUES (188, '波场币', '$0.282982', '+1.31%', '+3.18%', 0, '2025-12-22 14:06:34');
INSERT INTO `crypto_market_data` VALUES (189, '狗狗币', '$0.131540', '+0.27%', '-4.51%', 1, '2025-12-22 14:06:34');
INSERT INTO `crypto_market_data` VALUES (190, '艾达币', '$0.3686', '-1.37%', '-9.52%', 1, '2025-12-22 14:06:34');
INSERT INTO `crypto_market_data` VALUES (191, '比特币现金', '$593.91', '-1.78%', '+3.13%', 1, '2025-12-22 14:06:34');
INSERT INTO `crypto_market_data` VALUES (192, 'Chainlink', '$12.53', '+0.20%', '-8.38%', 1, '2025-12-22 14:06:34');
INSERT INTO `crypto_market_data` VALUES (193, '门罗币', '$464.475', '+4.15%', '+12.06%', 0, '2025-12-22 14:06:34');
INSERT INTO `crypto_market_data` VALUES (194, 'Hyperliquid', '$24.1636', '-2.43%', '-17.30%', 1, '2025-12-22 14:06:34');
INSERT INTO `crypto_market_data` VALUES (195, 'UNUS SED LEO', '$8.4516', '+6.25%', '-7.79%', 1, '2025-12-22 14:06:34');
INSERT INTO `crypto_market_data` VALUES (196, '比特币', '$88,082.6', '-0.17%', '-2.25%', 1, '2025-12-22 14:08:42');
INSERT INTO `crypto_market_data` VALUES (197, '以太坊', '$2,976.14', '-0.23%', '-4.31%', 1, '2025-12-22 14:08:42');
INSERT INTO `crypto_market_data` VALUES (198, '泰达币', '$1.0004', '+0.02%', '-0.05%', 1, '2025-12-22 14:08:42');
INSERT INTO `crypto_market_data` VALUES (199, 'BNB', '$850.20', '-0.41%', '-4.91%', 1, '2025-12-22 14:08:42');
INSERT INTO `crypto_market_data` VALUES (200, 'XRP', '$1.9210', '+0.32%', '-4.59%', 1, '2025-12-22 14:08:42');
INSERT INTO `crypto_market_data` VALUES (201, 'USDC', '$1.0002', '+0.01%', '-0.01%', 1, '2025-12-22 14:08:42');
INSERT INTO `crypto_market_data` VALUES (202, 'Solana', '$125.424', '-0.90%', '-5.55%', 1, '2025-12-22 14:08:42');
INSERT INTO `crypto_market_data` VALUES (203, '波场币', '$0.282982', '+1.31%', '+3.18%', 0, '2025-12-22 14:08:42');
INSERT INTO `crypto_market_data` VALUES (204, '狗狗币', '$0.131540', '+0.27%', '-4.51%', 1, '2025-12-22 14:08:42');
INSERT INTO `crypto_market_data` VALUES (205, '艾达币', '$0.3686', '-1.37%', '-9.52%', 1, '2025-12-22 14:08:42');
INSERT INTO `crypto_market_data` VALUES (206, '比特币现金', '$593.91', '-1.78%', '+3.13%', 1, '2025-12-22 14:08:42');
INSERT INTO `crypto_market_data` VALUES (207, 'Chainlink', '$12.53', '+0.20%', '-8.38%', 1, '2025-12-22 14:08:42');
INSERT INTO `crypto_market_data` VALUES (208, '门罗币', '$464.475', '+4.15%', '+12.06%', 0, '2025-12-22 14:08:42');
INSERT INTO `crypto_market_data` VALUES (209, 'Hyperliquid', '$24.1636', '-2.43%', '-17.30%', 1, '2025-12-22 14:08:42');
INSERT INTO `crypto_market_data` VALUES (210, 'UNUS SED LEO', '$8.4516', '+6.25%', '-7.79%', 1, '2025-12-22 14:08:42');
INSERT INTO `crypto_market_data` VALUES (211, '比特币', '$88,082.6', '-0.17%', '-2.25%', 1, '2025-12-22 14:10:43');
INSERT INTO `crypto_market_data` VALUES (212, '以太坊', '$2,976.14', '-0.23%', '-4.31%', 1, '2025-12-22 14:10:43');
INSERT INTO `crypto_market_data` VALUES (213, '泰达币', '$1.0004', '+0.02%', '-0.05%', 1, '2025-12-22 14:10:43');
INSERT INTO `crypto_market_data` VALUES (214, 'BNB', '$850.20', '-0.41%', '-4.91%', 1, '2025-12-22 14:10:43');
INSERT INTO `crypto_market_data` VALUES (215, 'XRP', '$1.9210', '+0.32%', '-4.59%', 1, '2025-12-22 14:10:43');
INSERT INTO `crypto_market_data` VALUES (216, 'USDC', '$1.0002', '+0.01%', '-0.01%', 1, '2025-12-22 14:10:43');
INSERT INTO `crypto_market_data` VALUES (217, 'Solana', '$125.424', '-0.90%', '-5.55%', 1, '2025-12-22 14:10:43');
INSERT INTO `crypto_market_data` VALUES (218, '波场币', '$0.282982', '+1.31%', '+3.18%', 0, '2025-12-22 14:10:43');
INSERT INTO `crypto_market_data` VALUES (219, '狗狗币', '$0.131540', '+0.27%', '-4.51%', 1, '2025-12-22 14:10:43');
INSERT INTO `crypto_market_data` VALUES (220, '艾达币', '$0.3686', '-1.37%', '-9.52%', 1, '2025-12-22 14:10:43');
INSERT INTO `crypto_market_data` VALUES (221, '比特币现金', '$593.91', '-1.78%', '+3.13%', 0, '2025-12-22 14:10:43');
INSERT INTO `crypto_market_data` VALUES (222, 'Chainlink', '$12.53', '+0.20%', '-8.38%', 1, '2025-12-22 14:10:43');
INSERT INTO `crypto_market_data` VALUES (223, '门罗币', '$464.475', '+4.15%', '+12.06%', 0, '2025-12-22 14:10:43');
INSERT INTO `crypto_market_data` VALUES (224, 'Hyperliquid', '$24.1636', '-2.43%', '-17.30%', 1, '2025-12-22 14:10:43');
INSERT INTO `crypto_market_data` VALUES (225, 'UNUS SED LEO', '$8.4516', '+6.25%', '-7.79%', 1, '2025-12-22 14:10:43');
INSERT INTO `crypto_market_data` VALUES (226, '比特币', '$88,082.6', '-0.17%', '-2.25%', 1, '2025-12-22 14:12:49');
INSERT INTO `crypto_market_data` VALUES (227, '以太坊', '$2,976.14', '-0.23%', '-4.31%', 1, '2025-12-22 14:12:49');
INSERT INTO `crypto_market_data` VALUES (228, '泰达币', '$1.0004', '+0.02%', '-0.05%', 1, '2025-12-22 14:12:49');
INSERT INTO `crypto_market_data` VALUES (229, 'BNB', '$850.20', '-0.41%', '-4.91%', 1, '2025-12-22 14:12:49');
INSERT INTO `crypto_market_data` VALUES (230, 'XRP', '$1.9210', '+0.32%', '-4.59%', 1, '2025-12-22 14:12:49');
INSERT INTO `crypto_market_data` VALUES (231, 'USDC', '$1.0002', '+0.01%', '-0.01%', 1, '2025-12-22 14:12:49');
INSERT INTO `crypto_market_data` VALUES (232, 'Solana', '$125.424', '-0.90%', '-5.55%', 1, '2025-12-22 14:12:49');
INSERT INTO `crypto_market_data` VALUES (233, '波场币', '$0.282982', '+1.31%', '+3.18%', 0, '2025-12-22 14:12:49');
INSERT INTO `crypto_market_data` VALUES (234, '狗狗币', '$0.131540', '+0.27%', '-4.51%', 1, '2025-12-22 14:12:49');
INSERT INTO `crypto_market_data` VALUES (235, '艾达币', '$0.3686', '-1.37%', '-9.52%', 1, '2025-12-22 14:12:49');
INSERT INTO `crypto_market_data` VALUES (236, '比特币现金', '$593.91', '-1.78%', '+3.13%', 0, '2025-12-22 14:12:49');
INSERT INTO `crypto_market_data` VALUES (237, 'Chainlink', '$12.53', '+0.20%', '-8.38%', 1, '2025-12-22 14:12:49');
INSERT INTO `crypto_market_data` VALUES (238, '门罗币', '$464.475', '+4.15%', '+12.06%', 0, '2025-12-22 14:12:49');
INSERT INTO `crypto_market_data` VALUES (239, 'Hyperliquid', '$24.1636', '-2.43%', '-17.30%', 1, '2025-12-22 14:12:49');
INSERT INTO `crypto_market_data` VALUES (240, 'UNUS SED LEO', '$8.4516', '+6.25%', '-7.79%', 1, '2025-12-22 14:12:49');
INSERT INTO `crypto_market_data` VALUES (241, '比特币', '$88,082.6', '-0.17%', '-2.25%', 1, '2025-12-22 14:14:57');
INSERT INTO `crypto_market_data` VALUES (242, '以太坊', '$2,976.14', '-0.23%', '-4.31%', 1, '2025-12-22 14:14:57');
INSERT INTO `crypto_market_data` VALUES (243, '泰达币', '$1.0004', '+0.02%', '-0.05%', 1, '2025-12-22 14:14:57');
INSERT INTO `crypto_market_data` VALUES (244, 'BNB', '$850.20', '-0.41%', '-4.91%', 1, '2025-12-22 14:14:57');
INSERT INTO `crypto_market_data` VALUES (245, 'XRP', '$1.9210', '+0.32%', '-4.59%', 1, '2025-12-22 14:14:57');
INSERT INTO `crypto_market_data` VALUES (246, 'USDC', '$1.0002', '+0.01%', '-0.01%', 1, '2025-12-22 14:14:57');
INSERT INTO `crypto_market_data` VALUES (247, 'Solana', '$125.424', '-0.90%', '-5.55%', 1, '2025-12-22 14:14:57');
INSERT INTO `crypto_market_data` VALUES (248, '波场币', '$0.282982', '+1.31%', '+3.18%', 0, '2025-12-22 14:14:57');
INSERT INTO `crypto_market_data` VALUES (249, '狗狗币', '$0.131540', '+0.27%', '-4.51%', 1, '2025-12-22 14:14:57');
INSERT INTO `crypto_market_data` VALUES (250, '艾达币', '$0.3686', '-1.37%', '-9.52%', 1, '2025-12-22 14:14:57');
INSERT INTO `crypto_market_data` VALUES (251, '比特币现金', '$593.91', '-1.78%', '+3.13%', 0, '2025-12-22 14:14:57');
INSERT INTO `crypto_market_data` VALUES (252, 'Chainlink', '$12.53', '+0.20%', '-8.38%', 1, '2025-12-22 14:14:57');
INSERT INTO `crypto_market_data` VALUES (253, '门罗币', '$464.475', '+4.15%', '+12.06%', 0, '2025-12-22 14:14:57');
INSERT INTO `crypto_market_data` VALUES (254, 'Hyperliquid', '$24.1636', '-2.43%', '-17.30%', 1, '2025-12-22 14:14:57');
INSERT INTO `crypto_market_data` VALUES (255, 'UNUS SED LEO', '$8.4516', '+6.25%', '-7.79%', 1, '2025-12-22 14:14:57');
INSERT INTO `crypto_market_data` VALUES (256, '比特币', '$88,082.6', '-0.17%', '-2.25%', 1, '2025-12-22 14:16:57');
INSERT INTO `crypto_market_data` VALUES (257, '以太坊', '$2,976.14', '-0.23%', '-4.31%', 1, '2025-12-22 14:16:57');
INSERT INTO `crypto_market_data` VALUES (258, '泰达币', '$1.0004', '+0.02%', '-0.05%', 1, '2025-12-22 14:16:57');
INSERT INTO `crypto_market_data` VALUES (259, 'BNB', '$850.20', '-0.41%', '-4.91%', 1, '2025-12-22 14:16:57');
INSERT INTO `crypto_market_data` VALUES (260, 'XRP', '$1.9210', '+0.32%', '-4.59%', 1, '2025-12-22 14:16:57');
INSERT INTO `crypto_market_data` VALUES (261, 'USDC', '$1.0002', '+0.01%', '-0.01%', 1, '2025-12-22 14:16:57');
INSERT INTO `crypto_market_data` VALUES (262, 'Solana', '$125.424', '-0.90%', '-5.55%', 1, '2025-12-22 14:16:57');
INSERT INTO `crypto_market_data` VALUES (263, '波场币', '$0.282982', '+1.31%', '+3.18%', 0, '2025-12-22 14:16:57');
INSERT INTO `crypto_market_data` VALUES (264, '狗狗币', '$0.131540', '+0.27%', '-4.51%', 1, '2025-12-22 14:16:57');
INSERT INTO `crypto_market_data` VALUES (265, '艾达币', '$0.3686', '-1.37%', '-9.52%', 1, '2025-12-22 14:16:57');
INSERT INTO `crypto_market_data` VALUES (266, '比特币现金', '$593.91', '-1.78%', '+3.13%', 0, '2025-12-22 14:16:57');
INSERT INTO `crypto_market_data` VALUES (267, 'Chainlink', '$12.53', '+0.20%', '-8.38%', 1, '2025-12-22 14:16:57');
INSERT INTO `crypto_market_data` VALUES (268, '门罗币', '$464.475', '+4.15%', '+12.06%', 0, '2025-12-22 14:16:57');
INSERT INTO `crypto_market_data` VALUES (269, 'Hyperliquid', '$24.1636', '-2.43%', '-17.30%', 1, '2025-12-22 14:16:57');
INSERT INTO `crypto_market_data` VALUES (270, 'UNUS SED LEO', '$8.4516', '+6.25%', '-7.79%', 1, '2025-12-22 14:16:57');
INSERT INTO `crypto_market_data` VALUES (271, '比特币', '$88,082.6', '-0.17%', '-2.25%', 1, '2025-12-22 14:19:01');
INSERT INTO `crypto_market_data` VALUES (272, '以太坊', '$2,976.14', '-0.23%', '-4.31%', 1, '2025-12-22 14:19:01');
INSERT INTO `crypto_market_data` VALUES (273, '泰达币', '$1.0004', '+0.02%', '-0.05%', 1, '2025-12-22 14:19:01');
INSERT INTO `crypto_market_data` VALUES (274, 'BNB', '$850.20', '-0.41%', '-4.91%', 1, '2025-12-22 14:19:01');
INSERT INTO `crypto_market_data` VALUES (275, 'XRP', '$1.9210', '+0.32%', '-4.59%', 1, '2025-12-22 14:19:01');
INSERT INTO `crypto_market_data` VALUES (276, 'USDC', '$1.0002', '+0.01%', '-0.01%', 1, '2025-12-22 14:19:01');
INSERT INTO `crypto_market_data` VALUES (277, 'Solana', '$125.424', '-0.90%', '-5.55%', 1, '2025-12-22 14:19:01');
INSERT INTO `crypto_market_data` VALUES (278, '波场币', '$0.282982', '+1.31%', '+3.18%', 0, '2025-12-22 14:19:01');
INSERT INTO `crypto_market_data` VALUES (279, '狗狗币', '$0.131540', '+0.27%', '-4.51%', 1, '2025-12-22 14:19:01');
INSERT INTO `crypto_market_data` VALUES (280, '艾达币', '$0.3686', '-1.37%', '-9.52%', 1, '2025-12-22 14:19:01');
INSERT INTO `crypto_market_data` VALUES (281, '比特币现金', '$593.91', '-1.78%', '+3.13%', 0, '2025-12-22 14:19:01');
INSERT INTO `crypto_market_data` VALUES (282, 'Chainlink', '$12.53', '+0.20%', '-8.38%', 1, '2025-12-22 14:19:01');
INSERT INTO `crypto_market_data` VALUES (283, '门罗币', '$464.475', '+4.15%', '+12.06%', 0, '2025-12-22 14:19:01');
INSERT INTO `crypto_market_data` VALUES (284, 'Hyperliquid', '$24.1636', '-2.43%', '-17.30%', 1, '2025-12-22 14:19:01');
INSERT INTO `crypto_market_data` VALUES (285, 'UNUS SED LEO', '$8.4516', '+6.25%', '-7.79%', 1, '2025-12-22 14:19:01');
INSERT INTO `crypto_market_data` VALUES (286, '比特币', '$88,082.6', '-0.17%', '-2.25%', 1, '2025-12-22 14:21:07');
INSERT INTO `crypto_market_data` VALUES (287, '以太坊', '$2,976.14', '-0.23%', '-4.31%', 1, '2025-12-22 14:21:07');
INSERT INTO `crypto_market_data` VALUES (288, '泰达币', '$1.0004', '+0.02%', '-0.05%', 1, '2025-12-22 14:21:07');
INSERT INTO `crypto_market_data` VALUES (289, 'BNB', '$850.20', '-0.41%', '-4.91%', 1, '2025-12-22 14:21:07');
INSERT INTO `crypto_market_data` VALUES (290, 'XRP', '$1.9210', '+0.32%', '-4.59%', 1, '2025-12-22 14:21:07');
INSERT INTO `crypto_market_data` VALUES (291, 'USDC', '$1.0002', '+0.01%', '-0.01%', 1, '2025-12-22 14:21:07');
INSERT INTO `crypto_market_data` VALUES (292, 'Solana', '$125.424', '-0.90%', '-5.55%', 1, '2025-12-22 14:21:07');
INSERT INTO `crypto_market_data` VALUES (293, '波场币', '$0.282982', '+1.31%', '+3.18%', 0, '2025-12-22 14:21:07');
INSERT INTO `crypto_market_data` VALUES (294, '狗狗币', '$0.131540', '+0.27%', '-4.51%', 1, '2025-12-22 14:21:07');
INSERT INTO `crypto_market_data` VALUES (295, '艾达币', '$0.3686', '-1.37%', '-9.52%', 1, '2025-12-22 14:21:07');
INSERT INTO `crypto_market_data` VALUES (296, '比特币现金', '$593.91', '-1.78%', '+3.13%', 0, '2025-12-22 14:21:07');
INSERT INTO `crypto_market_data` VALUES (297, 'Chainlink', '$12.53', '+0.20%', '-8.38%', 1, '2025-12-22 14:21:07');
INSERT INTO `crypto_market_data` VALUES (298, '门罗币', '$464.475', '+4.15%', '+12.06%', 0, '2025-12-22 14:21:07');
INSERT INTO `crypto_market_data` VALUES (299, 'Hyperliquid', '$24.1636', '-2.43%', '-17.30%', 1, '2025-12-22 14:21:07');
INSERT INTO `crypto_market_data` VALUES (300, 'UNUS SED LEO', '$8.4516', '+6.25%', '-7.79%', 1, '2025-12-22 14:21:07');
INSERT INTO `crypto_market_data` VALUES (301, '比特币', '$88,082.6', '-0.17%', '-2.25%', 1, '2025-12-22 14:23:11');
INSERT INTO `crypto_market_data` VALUES (302, '以太坊', '$2,976.14', '-0.23%', '-4.31%', 1, '2025-12-22 14:23:11');
INSERT INTO `crypto_market_data` VALUES (303, '泰达币', '$1.0004', '+0.02%', '-0.05%', 1, '2025-12-22 14:23:11');
INSERT INTO `crypto_market_data` VALUES (304, 'BNB', '$850.20', '-0.41%', '-4.91%', 1, '2025-12-22 14:23:11');
INSERT INTO `crypto_market_data` VALUES (305, 'XRP', '$1.9210', '+0.32%', '-4.59%', 1, '2025-12-22 14:23:11');
INSERT INTO `crypto_market_data` VALUES (306, 'USDC', '$1.0002', '+0.01%', '-0.01%', 1, '2025-12-22 14:23:11');
INSERT INTO `crypto_market_data` VALUES (307, 'Solana', '$125.424', '-0.90%', '-5.55%', 1, '2025-12-22 14:23:11');
INSERT INTO `crypto_market_data` VALUES (308, '波场币', '$0.282982', '+1.31%', '+3.18%', 0, '2025-12-22 14:23:11');
INSERT INTO `crypto_market_data` VALUES (309, '狗狗币', '$0.131540', '+0.27%', '-4.51%', 1, '2025-12-22 14:23:11');
INSERT INTO `crypto_market_data` VALUES (310, '艾达币', '$0.3686', '-1.37%', '-9.52%', 1, '2025-12-22 14:23:11');
INSERT INTO `crypto_market_data` VALUES (311, '比特币现金', '$593.91', '-1.78%', '+3.13%', 1, '2025-12-22 14:23:11');
INSERT INTO `crypto_market_data` VALUES (312, 'Chainlink', '$12.53', '+0.20%', '-8.38%', 1, '2025-12-22 14:23:11');
INSERT INTO `crypto_market_data` VALUES (313, '门罗币', '$464.475', '+4.15%', '+12.06%', 0, '2025-12-22 14:23:11');
INSERT INTO `crypto_market_data` VALUES (314, 'Hyperliquid', '$24.1636', '-2.43%', '-17.30%', 1, '2025-12-22 14:23:11');
INSERT INTO `crypto_market_data` VALUES (315, 'UNUS SED LEO', '$8.4516', '+6.25%', '-7.79%', 1, '2025-12-22 14:23:11');
INSERT INTO `crypto_market_data` VALUES (316, '比特币', '$88,082.6', '-0.17%', '-2.25%', 1, '2025-12-22 14:25:16');
INSERT INTO `crypto_market_data` VALUES (317, '以太坊', '$2,976.14', '-0.23%', '-4.31%', 1, '2025-12-22 14:25:16');
INSERT INTO `crypto_market_data` VALUES (318, '泰达币', '$1.0004', '+0.02%', '-0.05%', 1, '2025-12-22 14:25:16');
INSERT INTO `crypto_market_data` VALUES (319, 'BNB', '$850.20', '-0.41%', '-4.91%', 1, '2025-12-22 14:25:16');
INSERT INTO `crypto_market_data` VALUES (320, 'XRP', '$1.9210', '+0.32%', '-4.59%', 1, '2025-12-22 14:25:16');
INSERT INTO `crypto_market_data` VALUES (321, 'USDC', '$1.0002', '+0.01%', '-0.01%', 1, '2025-12-22 14:25:16');
INSERT INTO `crypto_market_data` VALUES (322, 'Solana', '$125.424', '-0.90%', '-5.55%', 1, '2025-12-22 14:25:16');
INSERT INTO `crypto_market_data` VALUES (323, '波场币', '$0.282982', '+1.31%', '+3.18%', 0, '2025-12-22 14:25:16');
INSERT INTO `crypto_market_data` VALUES (324, '狗狗币', '$0.131540', '+0.27%', '-4.51%', 1, '2025-12-22 14:25:16');
INSERT INTO `crypto_market_data` VALUES (325, '艾达币', '$0.3686', '-1.37%', '-9.52%', 1, '2025-12-22 14:25:16');
INSERT INTO `crypto_market_data` VALUES (326, '比特币现金', '$593.91', '-1.78%', '+3.13%', 0, '2025-12-22 14:25:16');
INSERT INTO `crypto_market_data` VALUES (327, 'Chainlink', '$12.53', '+0.20%', '-8.38%', 1, '2025-12-22 14:25:16');
INSERT INTO `crypto_market_data` VALUES (328, '门罗币', '$464.475', '+4.15%', '+12.06%', 0, '2025-12-22 14:25:16');
INSERT INTO `crypto_market_data` VALUES (329, 'Hyperliquid', '$24.1636', '-2.43%', '-17.30%', 1, '2025-12-22 14:25:16');
INSERT INTO `crypto_market_data` VALUES (330, 'UNUS SED LEO', '$8.4516', '+6.25%', '-7.79%', 1, '2025-12-22 14:25:16');
INSERT INTO `crypto_market_data` VALUES (331, '比特币', '$88,082.6', '-0.17%', '-2.25%', 1, '2025-12-22 14:27:21');
INSERT INTO `crypto_market_data` VALUES (332, '以太坊', '$2,976.14', '-0.23%', '-4.31%', 1, '2025-12-22 14:27:21');
INSERT INTO `crypto_market_data` VALUES (333, '泰达币', '$1.0004', '+0.02%', '-0.05%', 1, '2025-12-22 14:27:21');
INSERT INTO `crypto_market_data` VALUES (334, 'BNB', '$850.20', '-0.41%', '-4.91%', 1, '2025-12-22 14:27:21');
INSERT INTO `crypto_market_data` VALUES (335, 'XRP', '$1.9210', '+0.32%', '-4.59%', 1, '2025-12-22 14:27:21');
INSERT INTO `crypto_market_data` VALUES (336, 'USDC', '$1.0002', '+0.01%', '-0.01%', 1, '2025-12-22 14:27:21');
INSERT INTO `crypto_market_data` VALUES (337, 'Solana', '$125.424', '-0.90%', '-5.55%', 1, '2025-12-22 14:27:21');
INSERT INTO `crypto_market_data` VALUES (338, '波场币', '$0.282982', '+1.31%', '+3.18%', 0, '2025-12-22 14:27:21');
INSERT INTO `crypto_market_data` VALUES (339, '狗狗币', '$0.131540', '+0.27%', '-4.51%', 1, '2025-12-22 14:27:21');
INSERT INTO `crypto_market_data` VALUES (340, '艾达币', '$0.3686', '-1.37%', '-9.52%', 1, '2025-12-22 14:27:21');
INSERT INTO `crypto_market_data` VALUES (341, '比特币现金', '$593.91', '-1.78%', '+3.13%', 0, '2025-12-22 14:27:21');
INSERT INTO `crypto_market_data` VALUES (342, 'Chainlink', '$12.53', '+0.20%', '-8.38%', 1, '2025-12-22 14:27:21');
INSERT INTO `crypto_market_data` VALUES (343, '门罗币', '$464.475', '+4.15%', '+12.06%', 0, '2025-12-22 14:27:21');
INSERT INTO `crypto_market_data` VALUES (344, 'Hyperliquid', '$24.1636', '-2.43%', '-17.30%', 1, '2025-12-22 14:27:21');
INSERT INTO `crypto_market_data` VALUES (345, 'UNUS SED LEO', '$8.4516', '+6.25%', '-7.79%', 1, '2025-12-22 14:27:21');
INSERT INTO `crypto_market_data` VALUES (346, '比特币', '$88,082.6', '-0.17%', '-2.25%', 1, '2025-12-22 14:29:26');
INSERT INTO `crypto_market_data` VALUES (347, '以太坊', '$2,976.14', '-0.23%', '-4.31%', 1, '2025-12-22 14:29:26');
INSERT INTO `crypto_market_data` VALUES (348, '泰达币', '$1.0004', '+0.02%', '-0.05%', 1, '2025-12-22 14:29:26');
INSERT INTO `crypto_market_data` VALUES (349, 'BNB', '$850.20', '-0.41%', '-4.91%', 1, '2025-12-22 14:29:26');
INSERT INTO `crypto_market_data` VALUES (350, 'XRP', '$1.9210', '+0.32%', '-4.59%', 1, '2025-12-22 14:29:26');
INSERT INTO `crypto_market_data` VALUES (351, 'USDC', '$1.0002', '+0.01%', '-0.01%', 1, '2025-12-22 14:29:26');
INSERT INTO `crypto_market_data` VALUES (352, 'Solana', '$125.424', '-0.90%', '-5.55%', 1, '2025-12-22 14:29:26');
INSERT INTO `crypto_market_data` VALUES (353, '波场币', '$0.282982', '+1.31%', '+3.18%', 0, '2025-12-22 14:29:26');
INSERT INTO `crypto_market_data` VALUES (354, '狗狗币', '$0.131540', '+0.27%', '-4.51%', 1, '2025-12-22 14:29:26');
INSERT INTO `crypto_market_data` VALUES (355, '艾达币', '$0.3686', '-1.37%', '-9.52%', 1, '2025-12-22 14:29:26');
INSERT INTO `crypto_market_data` VALUES (356, '比特币现金', '$593.91', '-1.78%', '+3.13%', 0, '2025-12-22 14:29:26');
INSERT INTO `crypto_market_data` VALUES (357, 'Chainlink', '$12.53', '+0.20%', '-8.38%', 1, '2025-12-22 14:29:26');
INSERT INTO `crypto_market_data` VALUES (358, '门罗币', '$464.475', '+4.15%', '+12.06%', 0, '2025-12-22 14:29:26');
INSERT INTO `crypto_market_data` VALUES (359, 'Hyperliquid', '$24.1636', '-2.43%', '-17.30%', 1, '2025-12-22 14:29:26');
INSERT INTO `crypto_market_data` VALUES (360, 'UNUS SED LEO', '$8.4516', '+6.25%', '-7.79%', 1, '2025-12-22 14:29:26');
INSERT INTO `crypto_market_data` VALUES (361, '比特币', '$88,082.6', '-0.17%', '-2.25%', 1, '2025-12-22 14:30:32');
INSERT INTO `crypto_market_data` VALUES (362, '以太坊', '$2,976.14', '-0.23%', '-4.31%', 1, '2025-12-22 14:30:32');
INSERT INTO `crypto_market_data` VALUES (363, '泰达币', '$1.0004', '+0.02%', '-0.05%', 1, '2025-12-22 14:30:32');
INSERT INTO `crypto_market_data` VALUES (364, 'BNB', '$850.20', '-0.41%', '-4.91%', 1, '2025-12-22 14:30:32');
INSERT INTO `crypto_market_data` VALUES (365, 'XRP', '$1.9210', '+0.32%', '-4.59%', 1, '2025-12-22 14:30:32');
INSERT INTO `crypto_market_data` VALUES (366, 'USDC', '$1.0002', '+0.01%', '-0.01%', 1, '2025-12-22 14:30:32');
INSERT INTO `crypto_market_data` VALUES (367, 'Solana', '$125.424', '-0.90%', '-5.55%', 1, '2025-12-22 14:30:32');
INSERT INTO `crypto_market_data` VALUES (368, '波场币', '$0.282982', '+1.31%', '+3.18%', 0, '2025-12-22 14:30:32');
INSERT INTO `crypto_market_data` VALUES (369, '狗狗币', '$0.131540', '+0.27%', '-4.51%', 1, '2025-12-22 14:30:32');
INSERT INTO `crypto_market_data` VALUES (370, '艾达币', '$0.3686', '-1.37%', '-9.52%', 1, '2025-12-22 14:30:32');
INSERT INTO `crypto_market_data` VALUES (371, '比特币现金', '$593.91', '-1.78%', '+3.13%', 0, '2025-12-22 14:30:32');
INSERT INTO `crypto_market_data` VALUES (372, 'Chainlink', '$12.53', '+0.20%', '-8.38%', 1, '2025-12-22 14:30:32');
INSERT INTO `crypto_market_data` VALUES (373, '门罗币', '$464.475', '+4.15%', '+12.06%', 0, '2025-12-22 14:30:32');
INSERT INTO `crypto_market_data` VALUES (374, 'Hyperliquid', '$24.1636', '-2.43%', '-17.30%', 1, '2025-12-22 14:30:32');
INSERT INTO `crypto_market_data` VALUES (375, 'UNUS SED LEO', '$8.4516', '+6.25%', '-7.79%', 1, '2025-12-22 14:30:32');
INSERT INTO `crypto_market_data` VALUES (376, '比特币', '$88,082.6', '-0.17%', '-2.25%', 1, '2025-12-22 14:32:33');
INSERT INTO `crypto_market_data` VALUES (377, '以太坊', '$2,976.14', '-0.23%', '-4.31%', 1, '2025-12-22 14:32:33');
INSERT INTO `crypto_market_data` VALUES (378, '泰达币', '$1.0004', '+0.02%', '-0.05%', 1, '2025-12-22 14:32:33');
INSERT INTO `crypto_market_data` VALUES (379, 'BNB', '$850.20', '-0.41%', '-4.91%', 1, '2025-12-22 14:32:33');
INSERT INTO `crypto_market_data` VALUES (380, 'XRP', '$1.9210', '+0.32%', '-4.59%', 1, '2025-12-22 14:32:33');
INSERT INTO `crypto_market_data` VALUES (381, 'USDC', '$1.0002', '+0.01%', '-0.01%', 1, '2025-12-22 14:32:33');
INSERT INTO `crypto_market_data` VALUES (382, 'Solana', '$125.424', '-0.90%', '-5.55%', 1, '2025-12-22 14:32:33');
INSERT INTO `crypto_market_data` VALUES (383, '波场币', '$0.282982', '+1.31%', '+3.18%', 0, '2025-12-22 14:32:33');
INSERT INTO `crypto_market_data` VALUES (384, '狗狗币', '$0.131540', '+0.27%', '-4.51%', 1, '2025-12-22 14:32:33');
INSERT INTO `crypto_market_data` VALUES (385, '艾达币', '$0.3686', '-1.37%', '-9.52%', 1, '2025-12-22 14:32:33');
INSERT INTO `crypto_market_data` VALUES (386, '比特币现金', '$593.91', '-1.78%', '+3.13%', 0, '2025-12-22 14:32:33');
INSERT INTO `crypto_market_data` VALUES (387, 'Chainlink', '$12.53', '+0.20%', '-8.38%', 1, '2025-12-22 14:32:33');
INSERT INTO `crypto_market_data` VALUES (388, '门罗币', '$464.475', '+4.15%', '+12.06%', 0, '2025-12-22 14:32:33');
INSERT INTO `crypto_market_data` VALUES (389, 'Hyperliquid', '$24.1636', '-2.43%', '-17.30%', 1, '2025-12-22 14:32:33');
INSERT INTO `crypto_market_data` VALUES (390, 'UNUS SED LEO', '$8.4516', '+6.25%', '-7.79%', 1, '2025-12-22 14:32:33');
INSERT INTO `crypto_market_data` VALUES (391, '比特币', '$88,082.6', '-0.17%', '-2.25%', 1, '2025-12-22 14:35:11');
INSERT INTO `crypto_market_data` VALUES (392, '以太坊', '$2,976.14', '-0.23%', '-4.31%', 1, '2025-12-22 14:35:11');
INSERT INTO `crypto_market_data` VALUES (393, '泰达币', '$1.0004', '+0.02%', '-0.05%', 1, '2025-12-22 14:35:11');
INSERT INTO `crypto_market_data` VALUES (394, 'BNB', '$850.20', '-0.41%', '-4.91%', 1, '2025-12-22 14:35:11');
INSERT INTO `crypto_market_data` VALUES (395, 'XRP', '$1.9210', '+0.32%', '-4.59%', 1, '2025-12-22 14:35:11');
INSERT INTO `crypto_market_data` VALUES (396, 'USDC', '$1.0002', '+0.01%', '-0.01%', 1, '2025-12-22 14:35:11');
INSERT INTO `crypto_market_data` VALUES (397, 'Solana', '$125.424', '-0.90%', '-5.55%', 1, '2025-12-22 14:35:11');
INSERT INTO `crypto_market_data` VALUES (398, '波场币', '$0.282982', '+1.31%', '+3.18%', 0, '2025-12-22 14:35:11');
INSERT INTO `crypto_market_data` VALUES (399, '狗狗币', '$0.131540', '+0.27%', '-4.51%', 1, '2025-12-22 14:35:11');
INSERT INTO `crypto_market_data` VALUES (400, '艾达币', '$0.3686', '-1.37%', '-9.52%', 1, '2025-12-22 14:35:11');
INSERT INTO `crypto_market_data` VALUES (401, '比特币现金', '$593.91', '-1.78%', '+3.13%', 0, '2025-12-22 14:35:11');
INSERT INTO `crypto_market_data` VALUES (402, 'Chainlink', '$12.53', '+0.20%', '-8.38%', 1, '2025-12-22 14:35:11');
INSERT INTO `crypto_market_data` VALUES (403, '门罗币', '$464.475', '+4.15%', '+12.06%', 0, '2025-12-22 14:35:11');
INSERT INTO `crypto_market_data` VALUES (404, 'Hyperliquid', '$24.1636', '-2.43%', '-17.30%', 1, '2025-12-22 14:35:11');
INSERT INTO `crypto_market_data` VALUES (405, 'UNUS SED LEO', '$8.4516', '+6.25%', '-7.79%', 1, '2025-12-22 14:35:11');
INSERT INTO `crypto_market_data` VALUES (406, '比特币', '$88,082.6', '-0.17%', '-2.25%', 1, '2025-12-22 14:36:48');
INSERT INTO `crypto_market_data` VALUES (407, '以太坊', '$2,976.14', '-0.23%', '-4.31%', 1, '2025-12-22 14:36:48');
INSERT INTO `crypto_market_data` VALUES (408, '泰达币', '$1.0004', '+0.02%', '-0.05%', 1, '2025-12-22 14:36:48');
INSERT INTO `crypto_market_data` VALUES (409, 'BNB', '$850.20', '-0.41%', '-4.91%', 1, '2025-12-22 14:36:48');
INSERT INTO `crypto_market_data` VALUES (410, 'XRP', '$1.9210', '+0.32%', '-4.59%', 1, '2025-12-22 14:36:48');
INSERT INTO `crypto_market_data` VALUES (411, 'USDC', '$1.0002', '+0.01%', '-0.01%', 1, '2025-12-22 14:36:48');
INSERT INTO `crypto_market_data` VALUES (412, 'Solana', '$125.424', '-0.90%', '-5.55%', 1, '2025-12-22 14:36:48');
INSERT INTO `crypto_market_data` VALUES (413, '波场币', '$0.282982', '+1.31%', '+3.18%', 0, '2025-12-22 14:36:48');
INSERT INTO `crypto_market_data` VALUES (414, '狗狗币', '$0.131540', '+0.27%', '-4.51%', 1, '2025-12-22 14:36:48');
INSERT INTO `crypto_market_data` VALUES (415, '艾达币', '$0.3686', '-1.37%', '-9.52%', 1, '2025-12-22 14:36:48');
INSERT INTO `crypto_market_data` VALUES (416, '比特币现金', '$593.91', '-1.78%', '+3.13%', 0, '2025-12-22 14:36:48');
INSERT INTO `crypto_market_data` VALUES (417, 'Chainlink', '$12.53', '+0.20%', '-8.38%', 1, '2025-12-22 14:36:48');
INSERT INTO `crypto_market_data` VALUES (418, '门罗币', '$464.475', '+4.15%', '+12.06%', 0, '2025-12-22 14:36:48');
INSERT INTO `crypto_market_data` VALUES (419, 'Hyperliquid', '$24.1636', '-2.43%', '-17.30%', 1, '2025-12-22 14:36:48');
INSERT INTO `crypto_market_data` VALUES (420, 'UNUS SED LEO', '$8.4516', '+6.25%', '-7.79%', 1, '2025-12-22 14:36:48');
INSERT INTO `crypto_market_data` VALUES (421, '比特币', '$88,082.6', '-0.17%', '-2.25%', 1, '2025-12-22 14:38:49');
INSERT INTO `crypto_market_data` VALUES (422, '以太坊', '$2,976.14', '-0.23%', '-4.31%', 1, '2025-12-22 14:38:49');
INSERT INTO `crypto_market_data` VALUES (423, '泰达币', '$1.0004', '+0.02%', '-0.05%', 1, '2025-12-22 14:38:49');
INSERT INTO `crypto_market_data` VALUES (424, 'BNB', '$850.20', '-0.41%', '-4.91%', 1, '2025-12-22 14:38:49');
INSERT INTO `crypto_market_data` VALUES (425, 'XRP', '$1.9210', '+0.32%', '-4.59%', 1, '2025-12-22 14:38:49');
INSERT INTO `crypto_market_data` VALUES (426, 'USDC', '$1.0002', '+0.01%', '-0.01%', 1, '2025-12-22 14:38:49');
INSERT INTO `crypto_market_data` VALUES (427, 'Solana', '$125.424', '-0.90%', '-5.55%', 1, '2025-12-22 14:38:49');
INSERT INTO `crypto_market_data` VALUES (428, '波场币', '$0.282982', '+1.31%', '+3.18%', 0, '2025-12-22 14:38:49');
INSERT INTO `crypto_market_data` VALUES (429, '狗狗币', '$0.131540', '+0.27%', '-4.51%', 1, '2025-12-22 14:38:49');
INSERT INTO `crypto_market_data` VALUES (430, '艾达币', '$0.3686', '-1.37%', '-9.52%', 1, '2025-12-22 14:38:49');
INSERT INTO `crypto_market_data` VALUES (431, '比特币现金', '$593.91', '-1.78%', '+3.13%', 0, '2025-12-22 14:38:49');
INSERT INTO `crypto_market_data` VALUES (432, 'Chainlink', '$12.53', '+0.20%', '-8.38%', 1, '2025-12-22 14:38:49');
INSERT INTO `crypto_market_data` VALUES (433, '门罗币', '$464.475', '+4.15%', '+12.06%', 0, '2025-12-22 14:38:49');
INSERT INTO `crypto_market_data` VALUES (434, 'Hyperliquid', '$24.1636', '-2.43%', '-17.30%', 1, '2025-12-22 14:38:49');
INSERT INTO `crypto_market_data` VALUES (435, 'UNUS SED LEO', '$8.4516', '+6.25%', '-7.79%', 1, '2025-12-22 14:38:49');
INSERT INTO `crypto_market_data` VALUES (436, '比特币', '$88,082.6', '-0.17%', '-2.25%', 1, '2025-12-22 14:40:55');
INSERT INTO `crypto_market_data` VALUES (437, '以太坊', '$2,976.14', '-0.23%', '-4.31%', 1, '2025-12-22 14:40:55');
INSERT INTO `crypto_market_data` VALUES (438, '泰达币', '$1.0004', '+0.02%', '-0.05%', 1, '2025-12-22 14:40:55');
INSERT INTO `crypto_market_data` VALUES (439, 'BNB', '$850.20', '-0.41%', '-4.91%', 1, '2025-12-22 14:40:55');
INSERT INTO `crypto_market_data` VALUES (440, 'XRP', '$1.9210', '+0.32%', '-4.59%', 1, '2025-12-22 14:40:55');
INSERT INTO `crypto_market_data` VALUES (441, 'USDC', '$1.0002', '+0.01%', '-0.01%', 1, '2025-12-22 14:40:55');
INSERT INTO `crypto_market_data` VALUES (442, 'Solana', '$125.424', '-0.90%', '-5.55%', 1, '2025-12-22 14:40:55');
INSERT INTO `crypto_market_data` VALUES (443, '波场币', '$0.282982', '+1.31%', '+3.18%', 0, '2025-12-22 14:40:55');
INSERT INTO `crypto_market_data` VALUES (444, '狗狗币', '$0.131540', '+0.27%', '-4.51%', 1, '2025-12-22 14:40:55');
INSERT INTO `crypto_market_data` VALUES (445, '艾达币', '$0.3686', '-1.37%', '-9.52%', 1, '2025-12-22 14:40:55');
INSERT INTO `crypto_market_data` VALUES (446, '比特币现金', '$593.91', '-1.78%', '+3.13%', 0, '2025-12-22 14:40:55');
INSERT INTO `crypto_market_data` VALUES (447, 'Chainlink', '$12.53', '+0.20%', '-8.38%', 1, '2025-12-22 14:40:55');
INSERT INTO `crypto_market_data` VALUES (448, '门罗币', '$464.475', '+4.15%', '+12.06%', 0, '2025-12-22 14:40:55');
INSERT INTO `crypto_market_data` VALUES (449, 'Hyperliquid', '$24.1636', '-2.43%', '-17.30%', 1, '2025-12-22 14:40:55');
INSERT INTO `crypto_market_data` VALUES (450, 'UNUS SED LEO', '$8.4516', '+6.25%', '-7.79%', 1, '2025-12-22 14:40:55');
INSERT INTO `crypto_market_data` VALUES (451, '比特币', '$88,082.6', '-0.17%', '-2.25%', 1, '2025-12-22 14:43:00');
INSERT INTO `crypto_market_data` VALUES (452, '以太坊', '$2,976.14', '-0.23%', '-4.31%', 1, '2025-12-22 14:43:00');
INSERT INTO `crypto_market_data` VALUES (453, '泰达币', '$1.0004', '+0.02%', '-0.05%', 1, '2025-12-22 14:43:00');
INSERT INTO `crypto_market_data` VALUES (454, 'BNB', '$850.20', '-0.41%', '-4.91%', 1, '2025-12-22 14:43:00');
INSERT INTO `crypto_market_data` VALUES (455, 'XRP', '$1.9210', '+0.32%', '-4.59%', 1, '2025-12-22 14:43:00');
INSERT INTO `crypto_market_data` VALUES (456, 'USDC', '$1.0002', '+0.01%', '-0.01%', 1, '2025-12-22 14:43:00');
INSERT INTO `crypto_market_data` VALUES (457, 'Solana', '$125.424', '-0.90%', '-5.55%', 1, '2025-12-22 14:43:00');
INSERT INTO `crypto_market_data` VALUES (458, '波场币', '$0.282982', '+1.31%', '+3.18%', 0, '2025-12-22 14:43:00');
INSERT INTO `crypto_market_data` VALUES (459, '狗狗币', '$0.131540', '+0.27%', '-4.51%', 1, '2025-12-22 14:43:00');
INSERT INTO `crypto_market_data` VALUES (460, '艾达币', '$0.3686', '-1.37%', '-9.52%', 1, '2025-12-22 14:43:00');
INSERT INTO `crypto_market_data` VALUES (461, '比特币现金', '$593.91', '-1.78%', '+3.13%', 0, '2025-12-22 14:43:00');
INSERT INTO `crypto_market_data` VALUES (462, 'Chainlink', '$12.53', '+0.20%', '-8.38%', 1, '2025-12-22 14:43:00');
INSERT INTO `crypto_market_data` VALUES (463, '门罗币', '$464.475', '+4.15%', '+12.06%', 0, '2025-12-22 14:43:00');
INSERT INTO `crypto_market_data` VALUES (464, 'Hyperliquid', '$24.1636', '-2.43%', '-17.30%', 1, '2025-12-22 14:43:00');
INSERT INTO `crypto_market_data` VALUES (465, 'UNUS SED LEO', '$8.4516', '+6.25%', '-7.79%', 1, '2025-12-22 14:43:00');
INSERT INTO `crypto_market_data` VALUES (466, '比特币', '$88,082.6', '-0.17%', '-2.25%', 1, '2025-12-22 14:45:11');
INSERT INTO `crypto_market_data` VALUES (467, '以太坊', '$2,976.14', '-0.23%', '-4.31%', 1, '2025-12-22 14:45:11');
INSERT INTO `crypto_market_data` VALUES (468, '泰达币', '$1.0004', '+0.02%', '-0.05%', 1, '2025-12-22 14:45:11');
INSERT INTO `crypto_market_data` VALUES (469, 'BNB', '$850.20', '-0.41%', '-4.91%', 1, '2025-12-22 14:45:11');
INSERT INTO `crypto_market_data` VALUES (470, 'XRP', '$1.9210', '+0.32%', '-4.59%', 1, '2025-12-22 14:45:11');
INSERT INTO `crypto_market_data` VALUES (471, 'USDC', '$1.0002', '+0.01%', '-0.01%', 1, '2025-12-22 14:45:11');
INSERT INTO `crypto_market_data` VALUES (472, 'Solana', '$125.424', '-0.90%', '-5.55%', 1, '2025-12-22 14:45:11');
INSERT INTO `crypto_market_data` VALUES (473, '波场币', '$0.282982', '+1.31%', '+3.18%', 0, '2025-12-22 14:45:11');
INSERT INTO `crypto_market_data` VALUES (474, '狗狗币', '$0.131540', '+0.27%', '-4.51%', 1, '2025-12-22 14:45:11');
INSERT INTO `crypto_market_data` VALUES (475, '艾达币', '$0.3686', '-1.37%', '-9.52%', 1, '2025-12-22 14:45:11');
INSERT INTO `crypto_market_data` VALUES (476, '比特币现金', '$593.91', '-1.78%', '+3.13%', 0, '2025-12-22 14:45:11');
INSERT INTO `crypto_market_data` VALUES (477, 'Chainlink', '$12.53', '+0.20%', '-8.38%', 1, '2025-12-22 14:45:11');
INSERT INTO `crypto_market_data` VALUES (478, '门罗币', '$464.475', '+4.15%', '+12.06%', 0, '2025-12-22 14:45:11');
INSERT INTO `crypto_market_data` VALUES (479, 'Hyperliquid', '$24.1636', '-2.43%', '-17.30%', 1, '2025-12-22 14:45:11');
INSERT INTO `crypto_market_data` VALUES (480, 'UNUS SED LEO', '$8.4516', '+6.25%', '-7.79%', 1, '2025-12-22 14:45:11');
INSERT INTO `crypto_market_data` VALUES (481, '比特币', '$88,082.6', '-0.17%', '-2.25%', 1, '2025-12-22 14:47:11');
INSERT INTO `crypto_market_data` VALUES (482, '以太坊', '$2,976.14', '-0.23%', '-4.31%', 1, '2025-12-22 14:47:11');
INSERT INTO `crypto_market_data` VALUES (483, '泰达币', '$1.0004', '+0.02%', '-0.05%', 1, '2025-12-22 14:47:11');
INSERT INTO `crypto_market_data` VALUES (484, 'BNB', '$850.20', '-0.41%', '-4.91%', 1, '2025-12-22 14:47:11');
INSERT INTO `crypto_market_data` VALUES (485, 'XRP', '$1.9210', '+0.32%', '-4.59%', 1, '2025-12-22 14:47:11');
INSERT INTO `crypto_market_data` VALUES (486, 'USDC', '$1.0002', '+0.01%', '-0.01%', 1, '2025-12-22 14:47:11');
INSERT INTO `crypto_market_data` VALUES (487, 'Solana', '$125.424', '-0.90%', '-5.55%', 1, '2025-12-22 14:47:11');
INSERT INTO `crypto_market_data` VALUES (488, '波场币', '$0.282982', '+1.31%', '+3.18%', 0, '2025-12-22 14:47:11');
INSERT INTO `crypto_market_data` VALUES (489, '狗狗币', '$0.131540', '+0.27%', '-4.51%', 1, '2025-12-22 14:47:11');
INSERT INTO `crypto_market_data` VALUES (490, '艾达币', '$0.3686', '-1.37%', '-9.52%', 1, '2025-12-22 14:47:11');
INSERT INTO `crypto_market_data` VALUES (491, '比特币现金', '$593.91', '-1.78%', '+3.13%', 0, '2025-12-22 14:47:11');
INSERT INTO `crypto_market_data` VALUES (492, 'Chainlink', '$12.53', '+0.20%', '-8.38%', 1, '2025-12-22 14:47:11');
INSERT INTO `crypto_market_data` VALUES (493, '门罗币', '$464.475', '+4.15%', '+12.06%', 0, '2025-12-22 14:47:11');
INSERT INTO `crypto_market_data` VALUES (494, 'Hyperliquid', '$24.1636', '-2.43%', '-17.30%', 1, '2025-12-22 14:47:11');
INSERT INTO `crypto_market_data` VALUES (495, 'UNUS SED LEO', '$8.4516', '+6.25%', '-7.79%', 1, '2025-12-22 14:47:11');
INSERT INTO `crypto_market_data` VALUES (496, '比特币', '$88,082.6', '-0.17%', '-2.25%', 1, '2025-12-22 14:49:19');
INSERT INTO `crypto_market_data` VALUES (497, '以太坊', '$2,976.14', '-0.23%', '-4.31%', 1, '2025-12-22 14:49:19');
INSERT INTO `crypto_market_data` VALUES (498, '泰达币', '$1.0004', '+0.02%', '-0.05%', 1, '2025-12-22 14:49:19');
INSERT INTO `crypto_market_data` VALUES (499, 'BNB', '$850.20', '-0.41%', '-4.91%', 1, '2025-12-22 14:49:19');
INSERT INTO `crypto_market_data` VALUES (500, 'XRP', '$1.9210', '+0.32%', '-4.59%', 1, '2025-12-22 14:49:19');
INSERT INTO `crypto_market_data` VALUES (501, 'USDC', '$1.0002', '+0.01%', '-0.01%', 1, '2025-12-22 14:49:19');
INSERT INTO `crypto_market_data` VALUES (502, 'Solana', '$125.424', '-0.90%', '-5.55%', 1, '2025-12-22 14:49:19');
INSERT INTO `crypto_market_data` VALUES (503, '波场币', '$0.282982', '+1.31%', '+3.18%', 0, '2025-12-22 14:49:19');
INSERT INTO `crypto_market_data` VALUES (504, '狗狗币', '$0.131540', '+0.27%', '-4.51%', 1, '2025-12-22 14:49:19');
INSERT INTO `crypto_market_data` VALUES (505, '艾达币', '$0.3686', '-1.37%', '-9.52%', 1, '2025-12-22 14:49:19');
INSERT INTO `crypto_market_data` VALUES (506, '比特币现金', '$593.91', '-1.78%', '+3.13%', 0, '2025-12-22 14:49:19');
INSERT INTO `crypto_market_data` VALUES (507, 'Chainlink', '$12.53', '+0.20%', '-8.38%', 1, '2025-12-22 14:49:19');
INSERT INTO `crypto_market_data` VALUES (508, '门罗币', '$464.475', '+4.15%', '+12.06%', 0, '2025-12-22 14:49:19');
INSERT INTO `crypto_market_data` VALUES (509, 'Hyperliquid', '$24.1636', '-2.43%', '-17.30%', 1, '2025-12-22 14:49:19');
INSERT INTO `crypto_market_data` VALUES (510, 'UNUS SED LEO', '$8.4516', '+6.25%', '-7.79%', 1, '2025-12-22 14:49:19');
INSERT INTO `crypto_market_data` VALUES (511, '比特币', '$88,082.6', '-0.17%', '-2.25%', 1, '2025-12-22 14:51:22');
INSERT INTO `crypto_market_data` VALUES (512, '以太坊', '$2,976.14', '-0.23%', '-4.31%', 1, '2025-12-22 14:51:22');
INSERT INTO `crypto_market_data` VALUES (513, '泰达币', '$1.0004', '+0.02%', '-0.05%', 1, '2025-12-22 14:51:22');
INSERT INTO `crypto_market_data` VALUES (514, 'BNB', '$850.20', '-0.41%', '-4.91%', 1, '2025-12-22 14:51:22');
INSERT INTO `crypto_market_data` VALUES (515, 'XRP', '$1.9210', '+0.32%', '-4.59%', 1, '2025-12-22 14:51:22');
INSERT INTO `crypto_market_data` VALUES (516, 'USDC', '$1.0002', '+0.01%', '-0.01%', 1, '2025-12-22 14:51:22');
INSERT INTO `crypto_market_data` VALUES (517, 'Solana', '$125.424', '-0.90%', '-5.55%', 1, '2025-12-22 14:51:22');
INSERT INTO `crypto_market_data` VALUES (518, '波场币', '$0.282982', '+1.31%', '+3.18%', 0, '2025-12-22 14:51:22');
INSERT INTO `crypto_market_data` VALUES (519, '狗狗币', '$0.131540', '+0.27%', '-4.51%', 1, '2025-12-22 14:51:22');
INSERT INTO `crypto_market_data` VALUES (520, '艾达币', '$0.3686', '-1.37%', '-9.52%', 1, '2025-12-22 14:51:22');
INSERT INTO `crypto_market_data` VALUES (521, '比特币现金', '$593.91', '-1.78%', '+3.13%', 0, '2025-12-22 14:51:22');
INSERT INTO `crypto_market_data` VALUES (522, 'Chainlink', '$12.53', '+0.20%', '-8.38%', 1, '2025-12-22 14:51:22');
INSERT INTO `crypto_market_data` VALUES (523, '门罗币', '$464.475', '+4.15%', '+12.06%', 0, '2025-12-22 14:51:22');
INSERT INTO `crypto_market_data` VALUES (524, 'Hyperliquid', '$24.1636', '-2.43%', '-17.30%', 1, '2025-12-22 14:51:22');
INSERT INTO `crypto_market_data` VALUES (525, 'UNUS SED LEO', '$8.4516', '+6.25%', '-7.79%', 1, '2025-12-22 14:51:22');
INSERT INTO `crypto_market_data` VALUES (526, '比特币', '$88,082.6', '-0.17%', '-2.25%', 1, '2025-12-22 14:53:27');
INSERT INTO `crypto_market_data` VALUES (527, '以太坊', '$2,976.14', '-0.23%', '-4.31%', 1, '2025-12-22 14:53:27');
INSERT INTO `crypto_market_data` VALUES (528, '泰达币', '$1.0004', '+0.02%', '-0.05%', 1, '2025-12-22 14:53:27');
INSERT INTO `crypto_market_data` VALUES (529, 'BNB', '$850.20', '-0.41%', '-4.91%', 1, '2025-12-22 14:53:27');
INSERT INTO `crypto_market_data` VALUES (530, 'XRP', '$1.9210', '+0.32%', '-4.59%', 1, '2025-12-22 14:53:27');
INSERT INTO `crypto_market_data` VALUES (531, 'USDC', '$1.0002', '+0.01%', '-0.01%', 1, '2025-12-22 14:53:27');
INSERT INTO `crypto_market_data` VALUES (532, 'Solana', '$125.424', '-0.90%', '-5.55%', 1, '2025-12-22 14:53:27');
INSERT INTO `crypto_market_data` VALUES (533, '波场币', '$0.282982', '+1.31%', '+3.18%', 0, '2025-12-22 14:53:27');
INSERT INTO `crypto_market_data` VALUES (534, '狗狗币', '$0.131540', '+0.27%', '-4.51%', 1, '2025-12-22 14:53:27');
INSERT INTO `crypto_market_data` VALUES (535, '艾达币', '$0.3686', '-1.37%', '-9.52%', 1, '2025-12-22 14:53:27');
INSERT INTO `crypto_market_data` VALUES (536, '比特币现金', '$593.91', '-1.78%', '+3.13%', 1, '2025-12-22 14:53:27');
INSERT INTO `crypto_market_data` VALUES (537, 'Chainlink', '$12.53', '+0.20%', '-8.38%', 1, '2025-12-22 14:53:27');
INSERT INTO `crypto_market_data` VALUES (538, '门罗币', '$464.475', '+4.15%', '+12.06%', 0, '2025-12-22 14:53:27');
INSERT INTO `crypto_market_data` VALUES (539, 'Hyperliquid', '$24.1636', '-2.43%', '-17.30%', 1, '2025-12-22 14:53:27');
INSERT INTO `crypto_market_data` VALUES (540, 'UNUS SED LEO', '$8.4516', '+6.25%', '-7.79%', 1, '2025-12-22 14:53:27');
INSERT INTO `crypto_market_data` VALUES (541, '比特币', '$88,082.6', '-0.17%', '-2.25%', 1, '2025-12-22 14:54:31');
INSERT INTO `crypto_market_data` VALUES (542, '以太坊', '$2,976.14', '-0.23%', '-4.31%', 1, '2025-12-22 14:54:31');
INSERT INTO `crypto_market_data` VALUES (543, '泰达币', '$1.0004', '+0.02%', '-0.05%', 1, '2025-12-22 14:54:31');
INSERT INTO `crypto_market_data` VALUES (544, 'BNB', '$850.20', '-0.41%', '-4.91%', 1, '2025-12-22 14:54:31');
INSERT INTO `crypto_market_data` VALUES (545, 'XRP', '$1.9210', '+0.32%', '-4.59%', 1, '2025-12-22 14:54:31');
INSERT INTO `crypto_market_data` VALUES (546, 'USDC', '$1.0002', '+0.01%', '-0.01%', 1, '2025-12-22 14:54:31');
INSERT INTO `crypto_market_data` VALUES (547, 'Solana', '$125.424', '-0.90%', '-5.55%', 1, '2025-12-22 14:54:31');
INSERT INTO `crypto_market_data` VALUES (548, '波场币', '$0.282982', '+1.31%', '+3.18%', 0, '2025-12-22 14:54:31');
INSERT INTO `crypto_market_data` VALUES (549, '狗狗币', '$0.131540', '+0.27%', '-4.51%', 1, '2025-12-22 14:54:31');
INSERT INTO `crypto_market_data` VALUES (550, '艾达币', '$0.3686', '-1.37%', '-9.52%', 1, '2025-12-22 14:54:31');
INSERT INTO `crypto_market_data` VALUES (551, '比特币现金', '$593.91', '-1.78%', '+3.13%', 0, '2025-12-22 14:54:31');
INSERT INTO `crypto_market_data` VALUES (552, 'Chainlink', '$12.53', '+0.20%', '-8.38%', 1, '2025-12-22 14:54:31');
INSERT INTO `crypto_market_data` VALUES (553, '门罗币', '$464.475', '+4.15%', '+12.06%', 0, '2025-12-22 14:54:31');
INSERT INTO `crypto_market_data` VALUES (554, 'Hyperliquid', '$24.1636', '-2.43%', '-17.30%', 1, '2025-12-22 14:54:31');
INSERT INTO `crypto_market_data` VALUES (555, 'UNUS SED LEO', '$8.4516', '+6.25%', '-7.79%', 1, '2025-12-22 14:54:31');
INSERT INTO `crypto_market_data` VALUES (556, '比特币', '$88,082.6', '-0.17%', '-2.25%', 1, '2025-12-22 14:56:33');
INSERT INTO `crypto_market_data` VALUES (557, '以太坊', '$2,976.14', '-0.23%', '-4.31%', 1, '2025-12-22 14:56:33');
INSERT INTO `crypto_market_data` VALUES (558, '泰达币', '$1.0004', '+0.02%', '-0.05%', 1, '2025-12-22 14:56:33');
INSERT INTO `crypto_market_data` VALUES (559, 'BNB', '$850.20', '-0.41%', '-4.91%', 1, '2025-12-22 14:56:33');
INSERT INTO `crypto_market_data` VALUES (560, 'XRP', '$1.9210', '+0.32%', '-4.59%', 1, '2025-12-22 14:56:33');
INSERT INTO `crypto_market_data` VALUES (561, 'USDC', '$1.0002', '+0.01%', '-0.01%', 1, '2025-12-22 14:56:33');
INSERT INTO `crypto_market_data` VALUES (562, 'Solana', '$125.424', '-0.90%', '-5.55%', 1, '2025-12-22 14:56:33');
INSERT INTO `crypto_market_data` VALUES (563, '波场币', '$0.282982', '+1.31%', '+3.18%', 0, '2025-12-22 14:56:33');
INSERT INTO `crypto_market_data` VALUES (564, '狗狗币', '$0.131540', '+0.27%', '-4.51%', 1, '2025-12-22 14:56:33');
INSERT INTO `crypto_market_data` VALUES (565, '艾达币', '$0.3686', '-1.37%', '-9.52%', 1, '2025-12-22 14:56:33');
INSERT INTO `crypto_market_data` VALUES (566, '比特币现金', '$593.91', '-1.78%', '+3.13%', 0, '2025-12-22 14:56:33');
INSERT INTO `crypto_market_data` VALUES (567, 'Chainlink', '$12.53', '+0.20%', '-8.38%', 1, '2025-12-22 14:56:33');
INSERT INTO `crypto_market_data` VALUES (568, '门罗币', '$464.475', '+4.15%', '+12.06%', 0, '2025-12-22 14:56:33');
INSERT INTO `crypto_market_data` VALUES (569, 'Hyperliquid', '$24.1636', '-2.43%', '-17.30%', 1, '2025-12-22 14:56:33');
INSERT INTO `crypto_market_data` VALUES (570, 'UNUS SED LEO', '$8.4516', '+6.25%', '-7.79%', 1, '2025-12-22 14:56:33');
INSERT INTO `crypto_market_data` VALUES (571, '比特币', '$88,082.6', '-0.17%', '-2.25%', 1, '2025-12-22 14:59:29');
INSERT INTO `crypto_market_data` VALUES (572, '以太坊', '$2,976.14', '-0.23%', '-4.31%', 1, '2025-12-22 14:59:29');
INSERT INTO `crypto_market_data` VALUES (573, '泰达币', '$1.0004', '+0.02%', '-0.05%', 1, '2025-12-22 14:59:29');
INSERT INTO `crypto_market_data` VALUES (574, 'BNB', '$850.20', '-0.41%', '-4.91%', 1, '2025-12-22 14:59:29');
INSERT INTO `crypto_market_data` VALUES (575, 'XRP', '$1.9210', '+0.32%', '-4.59%', 1, '2025-12-22 14:59:29');
INSERT INTO `crypto_market_data` VALUES (576, 'USDC', '$1.0002', '+0.01%', '-0.01%', 1, '2025-12-22 14:59:29');
INSERT INTO `crypto_market_data` VALUES (577, 'Solana', '$125.424', '-0.90%', '-5.55%', 1, '2025-12-22 14:59:29');
INSERT INTO `crypto_market_data` VALUES (578, '波场币', '$0.282982', '+1.31%', '+3.18%', 0, '2025-12-22 14:59:29');
INSERT INTO `crypto_market_data` VALUES (579, '狗狗币', '$0.131540', '+0.27%', '-4.51%', 1, '2025-12-22 14:59:29');
INSERT INTO `crypto_market_data` VALUES (580, '艾达币', '$0.3686', '-1.37%', '-9.52%', 1, '2025-12-22 14:59:29');
INSERT INTO `crypto_market_data` VALUES (581, '比特币现金', '$593.91', '-1.78%', '+3.13%', 0, '2025-12-22 14:59:29');
INSERT INTO `crypto_market_data` VALUES (582, 'Chainlink', '$12.53', '+0.20%', '-8.38%', 1, '2025-12-22 14:59:29');
INSERT INTO `crypto_market_data` VALUES (583, '门罗币', '$464.475', '+4.15%', '+12.06%', 0, '2025-12-22 14:59:29');
INSERT INTO `crypto_market_data` VALUES (584, 'Hyperliquid', '$24.1636', '-2.43%', '-17.30%', 1, '2025-12-22 14:59:29');
INSERT INTO `crypto_market_data` VALUES (585, 'UNUS SED LEO', '$8.4516', '+6.25%', '-7.79%', 1, '2025-12-22 14:59:29');
INSERT INTO `crypto_market_data` VALUES (586, '比特币', '$88,082.6', '-0.17%', '-2.25%', 1, '2025-12-22 15:00:54');
INSERT INTO `crypto_market_data` VALUES (587, '以太坊', '$2,976.14', '-0.23%', '-4.31%', 1, '2025-12-22 15:00:54');
INSERT INTO `crypto_market_data` VALUES (588, '泰达币', '$1.0004', '+0.02%', '-0.05%', 1, '2025-12-22 15:00:54');
INSERT INTO `crypto_market_data` VALUES (589, 'BNB', '$850.20', '-0.41%', '-4.91%', 1, '2025-12-22 15:00:54');
INSERT INTO `crypto_market_data` VALUES (590, 'XRP', '$1.9210', '+0.32%', '-4.59%', 1, '2025-12-22 15:00:54');
INSERT INTO `crypto_market_data` VALUES (591, 'USDC', '$1.0002', '+0.01%', '-0.01%', 1, '2025-12-22 15:00:54');
INSERT INTO `crypto_market_data` VALUES (592, 'Solana', '$125.424', '-0.90%', '-5.55%', 1, '2025-12-22 15:00:54');
INSERT INTO `crypto_market_data` VALUES (593, '波场币', '$0.282982', '+1.31%', '+3.18%', 0, '2025-12-22 15:00:54');
INSERT INTO `crypto_market_data` VALUES (594, '狗狗币', '$0.131540', '+0.27%', '-4.51%', 1, '2025-12-22 15:00:54');
INSERT INTO `crypto_market_data` VALUES (595, '艾达币', '$0.3686', '-1.37%', '-9.52%', 1, '2025-12-22 15:00:54');
INSERT INTO `crypto_market_data` VALUES (596, '比特币现金', '$593.91', '-1.78%', '+3.13%', 0, '2025-12-22 15:00:54');
INSERT INTO `crypto_market_data` VALUES (597, 'Chainlink', '$12.53', '+0.20%', '-8.38%', 1, '2025-12-22 15:00:54');
INSERT INTO `crypto_market_data` VALUES (598, '门罗币', '$464.475', '+4.15%', '+12.06%', 0, '2025-12-22 15:00:54');
INSERT INTO `crypto_market_data` VALUES (599, 'Hyperliquid', '$24.1636', '-2.43%', '-17.30%', 1, '2025-12-22 15:00:54');
INSERT INTO `crypto_market_data` VALUES (600, 'UNUS SED LEO', '$8.4516', '+6.25%', '-7.79%', 1, '2025-12-22 15:00:54');
INSERT INTO `crypto_market_data` VALUES (601, '比特币', '$88,082.6', '-0.17%', '-2.25%', 1, '2025-12-22 15:02:49');
INSERT INTO `crypto_market_data` VALUES (602, '以太坊', '$2,976.14', '-0.23%', '-4.31%', 1, '2025-12-22 15:02:49');
INSERT INTO `crypto_market_data` VALUES (603, '泰达币', '$1.0004', '+0.02%', '-0.05%', 1, '2025-12-22 15:02:49');
INSERT INTO `crypto_market_data` VALUES (604, 'BNB', '$850.20', '-0.41%', '-4.91%', 1, '2025-12-22 15:02:49');
INSERT INTO `crypto_market_data` VALUES (605, 'XRP', '$1.9210', '+0.32%', '-4.59%', 1, '2025-12-22 15:02:49');
INSERT INTO `crypto_market_data` VALUES (606, 'USDC', '$1.0002', '+0.01%', '-0.01%', 1, '2025-12-22 15:02:49');
INSERT INTO `crypto_market_data` VALUES (607, 'Solana', '$125.424', '-0.90%', '-5.55%', 1, '2025-12-22 15:02:49');
INSERT INTO `crypto_market_data` VALUES (608, '波场币', '$0.282982', '+1.31%', '+3.18%', 0, '2025-12-22 15:02:49');
INSERT INTO `crypto_market_data` VALUES (609, '狗狗币', '$0.131540', '+0.27%', '-4.51%', 1, '2025-12-22 15:02:49');
INSERT INTO `crypto_market_data` VALUES (610, '艾达币', '$0.3686', '-1.37%', '-9.52%', 1, '2025-12-22 15:02:49');
INSERT INTO `crypto_market_data` VALUES (611, '比特币现金', '$593.91', '-1.78%', '+3.13%', 0, '2025-12-22 15:02:49');
INSERT INTO `crypto_market_data` VALUES (612, 'Chainlink', '$12.53', '+0.20%', '-8.38%', 1, '2025-12-22 15:02:49');
INSERT INTO `crypto_market_data` VALUES (613, '门罗币', '$464.475', '+4.15%', '+12.06%', 0, '2025-12-22 15:02:49');
INSERT INTO `crypto_market_data` VALUES (614, 'Hyperliquid', '$24.1636', '-2.43%', '-17.30%', 1, '2025-12-22 15:02:49');
INSERT INTO `crypto_market_data` VALUES (615, 'UNUS SED LEO', '$8.4516', '+6.25%', '-7.79%', 1, '2025-12-22 15:02:49');
INSERT INTO `crypto_market_data` VALUES (616, '比特币', '$88,082.6', '-0.17%', '-2.25%', 1, '2025-12-22 15:04:56');
INSERT INTO `crypto_market_data` VALUES (617, '以太坊', '$2,976.14', '-0.23%', '-4.31%', 1, '2025-12-22 15:04:56');
INSERT INTO `crypto_market_data` VALUES (618, '泰达币', '$1.0004', '+0.02%', '-0.05%', 1, '2025-12-22 15:04:56');
INSERT INTO `crypto_market_data` VALUES (619, 'BNB', '$850.20', '-0.41%', '-4.91%', 1, '2025-12-22 15:04:56');
INSERT INTO `crypto_market_data` VALUES (620, 'XRP', '$1.9210', '+0.32%', '-4.59%', 1, '2025-12-22 15:04:56');
INSERT INTO `crypto_market_data` VALUES (621, 'USDC', '$1.0002', '+0.01%', '-0.01%', 1, '2025-12-22 15:04:56');
INSERT INTO `crypto_market_data` VALUES (622, 'Solana', '$125.424', '-0.90%', '-5.55%', 1, '2025-12-22 15:04:56');
INSERT INTO `crypto_market_data` VALUES (623, '波场币', '$0.282982', '+1.31%', '+3.18%', 0, '2025-12-22 15:04:56');
INSERT INTO `crypto_market_data` VALUES (624, '狗狗币', '$0.131540', '+0.27%', '-4.51%', 1, '2025-12-22 15:04:56');
INSERT INTO `crypto_market_data` VALUES (625, '艾达币', '$0.3686', '-1.37%', '-9.52%', 1, '2025-12-22 15:04:56');
INSERT INTO `crypto_market_data` VALUES (626, '比特币现金', '$593.91', '-1.78%', '+3.13%', 0, '2025-12-22 15:04:56');
INSERT INTO `crypto_market_data` VALUES (627, 'Chainlink', '$12.53', '+0.20%', '-8.38%', 1, '2025-12-22 15:04:56');
INSERT INTO `crypto_market_data` VALUES (628, '门罗币', '$464.475', '+4.15%', '+12.06%', 0, '2025-12-22 15:04:56');
INSERT INTO `crypto_market_data` VALUES (629, 'Hyperliquid', '$24.1636', '-2.43%', '-17.30%', 1, '2025-12-22 15:04:56');
INSERT INTO `crypto_market_data` VALUES (630, 'UNUS SED LEO', '$8.4516', '+6.25%', '-7.79%', 1, '2025-12-22 15:04:56');
INSERT INTO `crypto_market_data` VALUES (631, '比特币', '$88,082.6', '-0.17%', '-2.25%', 1, '2025-12-22 15:07:00');
INSERT INTO `crypto_market_data` VALUES (632, '以太坊', '$2,976.14', '-0.23%', '-4.31%', 1, '2025-12-22 15:07:00');
INSERT INTO `crypto_market_data` VALUES (633, '泰达币', '$1.0004', '+0.02%', '-0.05%', 1, '2025-12-22 15:07:00');
INSERT INTO `crypto_market_data` VALUES (634, 'BNB', '$850.20', '-0.41%', '-4.91%', 1, '2025-12-22 15:07:00');
INSERT INTO `crypto_market_data` VALUES (635, 'XRP', '$1.9210', '+0.32%', '-4.59%', 1, '2025-12-22 15:07:00');
INSERT INTO `crypto_market_data` VALUES (636, 'USDC', '$1.0002', '+0.01%', '-0.01%', 1, '2025-12-22 15:07:00');
INSERT INTO `crypto_market_data` VALUES (637, 'Solana', '$125.424', '-0.90%', '-5.55%', 1, '2025-12-22 15:07:00');
INSERT INTO `crypto_market_data` VALUES (638, '波场币', '$0.282982', '+1.31%', '+3.18%', 0, '2025-12-22 15:07:00');
INSERT INTO `crypto_market_data` VALUES (639, '狗狗币', '$0.131540', '+0.27%', '-4.51%', 1, '2025-12-22 15:07:00');
INSERT INTO `crypto_market_data` VALUES (640, '艾达币', '$0.3686', '-1.37%', '-9.52%', 1, '2025-12-22 15:07:00');
INSERT INTO `crypto_market_data` VALUES (641, '比特币现金', '$593.91', '-1.78%', '+3.13%', 0, '2025-12-22 15:07:00');
INSERT INTO `crypto_market_data` VALUES (642, 'Chainlink', '$12.53', '+0.20%', '-8.38%', 1, '2025-12-22 15:07:00');
INSERT INTO `crypto_market_data` VALUES (643, '门罗币', '$464.475', '+4.15%', '+12.06%', 0, '2025-12-22 15:07:00');
INSERT INTO `crypto_market_data` VALUES (644, 'Hyperliquid', '$24.1636', '-2.43%', '-17.30%', 1, '2025-12-22 15:07:00');
INSERT INTO `crypto_market_data` VALUES (645, 'UNUS SED LEO', '$8.4516', '+6.25%', '-7.79%', 1, '2025-12-22 15:07:00');
INSERT INTO `crypto_market_data` VALUES (646, '比特币', '$89,167.5', '+0.99%', '-0.92%', 1, '2025-12-22 15:09:11');
INSERT INTO `crypto_market_data` VALUES (647, '以太坊', '$3,035.14', '+1.71%', '-3.56%', 1, '2025-12-22 15:09:11');
INSERT INTO `crypto_market_data` VALUES (648, '泰达币', '$1.0000', '-0.00%', '-0.04%', 1, '2025-12-22 15:09:11');
INSERT INTO `crypto_market_data` VALUES (649, 'BNB', '$860.90', '+1.14%', '-3.49%', 1, '2025-12-22 15:09:11');
INSERT INTO `crypto_market_data` VALUES (650, 'XRP', '$1.9272', '-0.08%', '-4.14%', 1, '2025-12-22 15:09:11');
INSERT INTO `crypto_market_data` VALUES (651, 'USDC', '$1.0002', '-0.01%', '-0.01%', 1, '2025-12-22 15:09:11');
INSERT INTO `crypto_market_data` VALUES (652, 'Solana', '$126.422', '+0.46%', '-4.88%', 1, '2025-12-22 15:09:11');
INSERT INTO `crypto_market_data` VALUES (653, '波场币', '$0.287499', '+1.58%', '+2.11%', 0, '2025-12-22 15:09:11');
INSERT INTO `crypto_market_data` VALUES (654, '狗狗币', '$0.132334', '+0.24%', '-3.75%', 1, '2025-12-22 15:09:11');
INSERT INTO `crypto_market_data` VALUES (655, '艾达币', '$0.3688', '-0.50%', '-9.51%', 1, '2025-12-22 15:09:11');
INSERT INTO `crypto_market_data` VALUES (656, '比特币现金', '$579.37', '-2.49%', '+1.99%', 1, '2025-12-22 15:09:11');
INSERT INTO `crypto_market_data` VALUES (657, 'Chainlink', '$12.59', '+0.20%', '-8.08%', 1, '2025-12-22 15:09:11');
INSERT INTO `crypto_market_data` VALUES (658, '门罗币', '$477.822', '+3.07%', '+18.85%', 0, '2025-12-22 15:09:11');
INSERT INTO `crypto_market_data` VALUES (659, 'Hyperliquid', '$25.1086', '+3.39%', '-14.24%', 1, '2025-12-22 15:09:11');
INSERT INTO `crypto_market_data` VALUES (660, 'UNUS SED LEO', '$8.1982', '-1.82%', '-10.07%', 1, '2025-12-22 15:09:11');
INSERT INTO `crypto_market_data` VALUES (661, '比特币', '$89,167.5', '+0.99%', '-0.92%', 1, '2025-12-22 15:11:09');
INSERT INTO `crypto_market_data` VALUES (662, '以太坊', '$3,035.14', '+1.71%', '-3.56%', 1, '2025-12-22 15:11:09');
INSERT INTO `crypto_market_data` VALUES (663, '泰达币', '$1.0000', '-0.00%', '-0.04%', 1, '2025-12-22 15:11:09');
INSERT INTO `crypto_market_data` VALUES (664, 'BNB', '$860.90', '+1.14%', '-3.49%', 1, '2025-12-22 15:11:09');
INSERT INTO `crypto_market_data` VALUES (665, 'XRP', '$1.9272', '-0.08%', '-4.14%', 1, '2025-12-22 15:11:09');
INSERT INTO `crypto_market_data` VALUES (666, 'USDC', '$1.0002', '-0.01%', '-0.01%', 1, '2025-12-22 15:11:09');
INSERT INTO `crypto_market_data` VALUES (667, 'Solana', '$126.422', '+0.46%', '-4.88%', 1, '2025-12-22 15:11:09');
INSERT INTO `crypto_market_data` VALUES (668, '波场币', '$0.287499', '+1.58%', '+2.11%', 0, '2025-12-22 15:11:09');
INSERT INTO `crypto_market_data` VALUES (669, '狗狗币', '$0.132334', '+0.24%', '-3.75%', 1, '2025-12-22 15:11:09');
INSERT INTO `crypto_market_data` VALUES (670, '艾达币', '$0.3688', '-0.50%', '-9.51%', 1, '2025-12-22 15:11:09');
INSERT INTO `crypto_market_data` VALUES (671, '比特币现金', '$579.37', '-2.49%', '+1.99%', 0, '2025-12-22 15:11:09');
INSERT INTO `crypto_market_data` VALUES (672, 'Chainlink', '$12.59', '+0.20%', '-8.08%', 1, '2025-12-22 15:11:09');
INSERT INTO `crypto_market_data` VALUES (673, '门罗币', '$477.822', '+3.07%', '+18.85%', 0, '2025-12-22 15:11:09');
INSERT INTO `crypto_market_data` VALUES (674, 'Hyperliquid', '$25.1086', '+3.39%', '-14.24%', 1, '2025-12-22 15:11:09');
INSERT INTO `crypto_market_data` VALUES (675, 'UNUS SED LEO', '$8.1982', '-1.82%', '-10.07%', 1, '2025-12-22 15:11:09');

-- ----------------------------
-- Table structure for crypto_message
-- ----------------------------
DROP TABLE IF EXISTS `crypto_message`;
CREATE TABLE `crypto_message`  (
  `id` bigint NOT NULL AUTO_INCREMENT COMMENT '主键ID',
  `title` varchar(255) CHARACTER SET utf8mb4 COLLATE utf8mb4_0900_ai_ci NOT NULL COMMENT '消息标题',
  `coin` varchar(20) CHARACTER SET utf8mb4 COLLATE utf8mb4_0900_ai_ci NOT NULL COMMENT '涉及币种',
  `sentiment` varchar(10) CHARACTER SET utf8mb4 COLLATE utf8mb4_0900_ai_ci NOT NULL COMMENT '情感倾向：利好、利空、中性',
  `source` varchar(100) CHARACTER SET utf8mb4 COLLATE utf8mb4_0900_ai_ci NOT NULL COMMENT '消息来源',
  `content` text CHARACTER SET utf8mb4 COLLATE utf8mb4_0900_ai_ci NULL COMMENT '消息内容',
  `publish_time` datetime NOT NULL COMMENT '发布时间',
  `create_time` datetime NULL DEFAULT CURRENT_TIMESTAMP COMMENT '创建时间',
  `update_time` datetime NULL DEFAULT CURRENT_TIMESTAMP ON UPDATE CURRENT_TIMESTAMP COMMENT '更新时间',
  PRIMARY KEY (`id`) USING BTREE,
  INDEX `idx_coin`(`coin` ASC) USING BTREE,
  INDEX `idx_sentiment`(`sentiment` ASC) USING BTREE,
  INDEX `idx_publish_time`(`publish_time` ASC) USING BTREE
) ENGINE = InnoDB AUTO_INCREMENT = 7 CHARACTER SET = utf8mb4 COLLATE = utf8mb4_0900_ai_ci COMMENT = '加密货币消息表' ROW_FORMAT = DYNAMIC;

-- ----------------------------
-- Records of crypto_message
-- ----------------------------
INSERT INTO `crypto_message` VALUES (1, '美联储加息预期降温，比特币市场情绪回暖', 'BTC', '利好', 'CoinGecko', '根据最新数据显示，美联储加息预期有所降温，这对比特币等加密货币市场产生了积极影响。市场分析师认为，随着美元流动性宽松预期增强，资金可能重新流入加密资产领域，比特币价格有望在短期内突破前期阻力位。', '2024-12-10 07:30:00', '2025-12-01 16:38:05', '2025-12-01 16:38:05');
INSERT INTO `crypto_message` VALUES (2, '以太坊2.0升级计划推迟，开发者社区引发讨论', 'ETH', '利空', 'Binance公告', '以太坊核心开发团队宣布2.0升级计划将推迟至下个季度，主要原因是为了进一步优化共识机制的安全性和兼容性。这一消息在开发者社区中引发了广泛讨论，部分社区成员担忧推迟可能影响以太坊的市场竞争力，而另一部分则支持团队的审慎决策。', '2024-12-10 06:15:00', '2025-12-01 16:38:05', '2025-12-01 16:38:05');

-- ----------------------------
-- Table structure for crypto_portfolio
-- ----------------------------
DROP TABLE IF EXISTS `crypto_portfolio`;
CREATE TABLE `crypto_portfolio`  (
  `id` bigint NOT NULL AUTO_INCREMENT COMMENT '持仓ID',
  `asset_type` varchar(20) CHARACTER SET utf8mb4 COLLATE utf8mb4_0900_ai_ci NOT NULL COMMENT '资产类型（BTC/ETH/SOL/USDT）',
  `percentage` decimal(5, 2) NOT NULL DEFAULT 0.00 COMMENT '持仓百分比',
  `amount` decimal(15, 8) NOT NULL DEFAULT 0.00000000 COMMENT '资产数量',
  `usd_value` decimal(15, 2) NOT NULL DEFAULT 0.00 COMMENT '美元价值',
  `update_time` datetime NOT NULL DEFAULT CURRENT_TIMESTAMP COMMENT '更新时间',
  `user_id` int NULL DEFAULT NULL COMMENT '关联用户id',
  PRIMARY KEY (`id`) USING BTREE
) ENGINE = InnoDB AUTO_INCREMENT = 11 CHARACTER SET = utf8mb4 COLLATE = utf8mb4_0900_ai_ci ROW_FORMAT = Dynamic;

-- ----------------------------
-- Records of crypto_portfolio
-- ----------------------------
INSERT INTO `crypto_portfolio` VALUES (1, 'BTC', 45.50, 0.85213400, 38500.00, '2024-12-01 10:30:00', 1);
INSERT INTO `crypto_portfolio` VALUES (2, 'ETH', 28.75, 8.45210000, 24500.00, '2024-12-01 10:30:00', NULL);
INSERT INTO `crypto_portfolio` VALUES (3, 'SOL', 15.25, 125.75000000, 13000.00, '2024-12-01 10:30:00', 2);
INSERT INTO `crypto_portfolio` VALUES (4, 'USDT', 10.50, 10500.00000000, 10500.00, '2024-12-01 10:30:00', NULL);
INSERT INTO `crypto_portfolio` VALUES (5, 'BTC', 60.00, 1.12345678, 51000.00, '2024-12-01 11:15:00', NULL);
INSERT INTO `crypto_portfolio` VALUES (6, 'ETH', 25.30, 7.89012345, 21500.00, '2024-12-01 11:15:00', 1);
INSERT INTO `crypto_portfolio` VALUES (7, 'SOL', 8.70, 72.50000000, 7400.00, '2024-12-01 11:15:00', NULL);
INSERT INTO `crypto_portfolio` VALUES (8, 'USDT', 6.00, 6000.00000000, 6000.00, '2024-12-01 11:15:00', 2);
INSERT INTO `crypto_portfolio` VALUES (9, 'ETH', 40.20, 12.34567890, 35000.00, '2024-12-01 12:00:00', 2);
INSERT INTO `crypto_portfolio` VALUES (10, 'USDT', 59.80, 59800.00000000, 59800.00, '2024-12-01 12:00:00', 2);

-- ----------------------------
-- Table structure for crypto_portfolio_history
-- ----------------------------
DROP TABLE IF EXISTS `crypto_portfolio_history`;
CREATE TABLE `crypto_portfolio_history`  (
  `id` bigint NOT NULL AUTO_INCREMENT COMMENT '历史记录ID',
  `portfolio_id` bigint NOT NULL COMMENT '关联持仓ID',
  `asset_type` varchar(20) CHARACTER SET utf8mb4 COLLATE utf8mb4_0900_ai_ci NOT NULL COMMENT '资产类型',
  `percentage` decimal(5, 2) NOT NULL DEFAULT 0.00 COMMENT '历史持仓百分比',
  `amount` decimal(15, 8) NOT NULL DEFAULT 0.00000000 COMMENT '历史资产数量',
  `usd_value` decimal(15, 2) NOT NULL DEFAULT 0.00 COMMENT '历史美元价值',
  `snapshot_time` datetime NOT NULL DEFAULT CURRENT_TIMESTAMP COMMENT '快照时间',
  PRIMARY KEY (`id`) USING BTREE
) ENGINE = InnoDB AUTO_INCREMENT = 13 CHARACTER SET = utf8mb4 COLLATE = utf8mb4_0900_ai_ci ROW_FORMAT = Dynamic;

-- ----------------------------
-- Records of crypto_portfolio_history
-- ----------------------------
INSERT INTO `crypto_portfolio_history` VALUES (1, 1, 'BTC', 46.00, 0.86000000, 39000.00, '2025-12-09 07:30:57');
INSERT INTO `crypto_portfolio_history` VALUES (2, 2, 'ETH', 29.00, 8.50000000, 25000.00, '2025-12-08 10:30:00');
INSERT INTO `crypto_portfolio_history` VALUES (3, 3, 'SOL', 14.50, 120.00000000, 12500.00, '2025-12-05 10:30:00');
INSERT INTO `crypto_portfolio_history` VALUES (4, 4, 'USDT', 10.50, 10500.00000000, 10500.00, '2024-11-30 10:30:00');
INSERT INTO `crypto_portfolio_history` VALUES (5, 5, 'BTC', 62.00, 1.15000000, 52500.00, '2025-12-02 11:15:00');
INSERT INTO `crypto_portfolio_history` VALUES (6, 6, 'ETH', 26.00, 8.00000000, 22000.00, '2024-11-30 11:15:00');
INSERT INTO `crypto_portfolio_history` VALUES (7, 7, 'SOL', 7.00, 65.00000000, 7000.00, '2024-11-30 11:15:00');
INSERT INTO `crypto_portfolio_history` VALUES (8, 8, 'USDT', 5.00, 5000.00000000, 5000.00, '2024-11-30 11:15:00');
INSERT INTO `crypto_portfolio_history` VALUES (9, 9, 'ETH', 42.00, 13.00000000, 36500.00, '2024-11-30 12:00:00');
INSERT INTO `crypto_portfolio_history` VALUES (10, 10, 'USDT', 58.00, 58000.00000000, 58000.00, '2024-11-30 12:00:00');
INSERT INTO `crypto_portfolio_history` VALUES (11, 1, '测试全部历史持仓', 0.00, 0.00000000, 0.00, '2025-11-13 09:13:56');
INSERT INTO `crypto_portfolio_history` VALUES (12, 1, '测试七天历史持仓', 0.00, 0.00000000, 0.00, '2025-12-04 09:14:33');

-- ----------------------------
-- Table structure for crypto_report
-- ----------------------------
DROP TABLE IF EXISTS `crypto_report`;
CREATE TABLE `crypto_report`  (
  `id` varchar(50) CHARACTER SET utf8mb4 COLLATE utf8mb4_0900_ai_ci NOT NULL COMMENT '报告ID',
  `generation_time` datetime NOT NULL COMMENT '生成时间',
  `involved_currencies` varchar(255) CHARACTER SET utf8mb4 COLLATE utf8mb4_0900_ai_ci NOT NULL COMMENT '涉及币种列表',
  `suggestion_type` varchar(20) CHARACTER SET utf8mb4 COLLATE utf8mb4_0900_ai_ci NOT NULL COMMENT '建议类型',
  `suggestions` text CHARACTER SET utf8mb4 COLLATE utf8mb4_0900_ai_ci NOT NULL COMMENT '建议内容',
  `user_id` bigint NOT NULL COMMENT '用户ID',
  `create_time` datetime NULL DEFAULT CURRENT_TIMESTAMP COMMENT '创建时间',
  `update_time` datetime NULL DEFAULT CURRENT_TIMESTAMP ON UPDATE CURRENT_TIMESTAMP COMMENT '更新时间',
  PRIMARY KEY (`id`) USING BTREE,
  INDEX `idx_user_id`(`user_id` ASC) USING BTREE,
  INDEX `idx_generation_time`(`generation_time` ASC) USING BTREE
) ENGINE = InnoDB CHARACTER SET = utf8mb4 COLLATE = utf8mb4_0900_ai_ci COMMENT = '加密投资建议报告表' ROW_FORMAT = DYNAMIC;

-- ----------------------------
-- Records of crypto_report
-- ----------------------------
INSERT INTO `crypto_report` VALUES ('report_20230925_01', '2023-09-25 15:30:00', 'BTC,ETH', '持仓维持', '当前市场环境下，BTC和ETH的持仓表现稳定，建议维持现有持仓。', 1, NULL, NULL);
INSERT INTO `crypto_report` VALUES ('report_20230925_02', '2023-09-25 15:30:00', 'DOGE', '减持', 'DOGE近期表现不佳，建议适当减持。', 1, NULL, NULL);
INSERT INTO `crypto_report` VALUES ('report_20230925_03', '2023-09-25 15:30:00', 'SHIB', '增持', 'SHIB近期表现相对较好，建议适量增持。', 1, NULL, NULL);

-- ----------------------------
-- Table structure for crypto_report_review
-- ----------------------------
DROP TABLE IF EXISTS `crypto_report_review`;
CREATE TABLE `crypto_report_review`  (
  `id` bigint NOT NULL AUTO_INCREMENT COMMENT '审核ID',
  `report_id` varchar(50) CHARACTER SET utf8mb4 COLLATE utf8mb4_0900_ai_ci NOT NULL COMMENT '关联报告ID',
  `reviewer_id` bigint NULL DEFAULT NULL COMMENT '审核人ID（sys_user.user_id）',
  `status` varchar(20) CHARACTER SET utf8mb4 COLLATE utf8mb4_0900_ai_ci NOT NULL COMMENT '审核状态：待审/已通过/已驳回',
  `confidence` decimal(5, 2) NULL DEFAULT NULL COMMENT '重合度/可信度（百分比）',
  `expected_return` decimal(6, 2) NULL DEFAULT NULL COMMENT '预期收益（百分比，可为负）',
  `analyst` varchar(50) CHARACTER SET utf8mb4 COLLATE utf8mb4_0900_ai_ci NULL DEFAULT NULL COMMENT '分析师或系统标识',
  `comment` text CHARACTER SET utf8mb4 COLLATE utf8mb4_0900_ai_ci NULL COMMENT '审核意见',
  `decision_time` datetime NULL DEFAULT NULL COMMENT '审核时间',
  `create_time` datetime NULL DEFAULT CURRENT_TIMESTAMP COMMENT '创建时间',
  `update_time` datetime NULL DEFAULT CURRENT_TIMESTAMP ON UPDATE CURRENT_TIMESTAMP COMMENT '更新时间',
  PRIMARY KEY (`id`) USING BTREE,
  INDEX `idx_report_id`(`report_id` ASC) USING BTREE,
  INDEX `idx_status`(`status` ASC) USING BTREE
) ENGINE = InnoDB AUTO_INCREMENT = 4 CHARACTER SET = utf8mb4 COLLATE = utf8mb4_0900_ai_ci COMMENT = '加密投资报告审核表' ROW_FORMAT = DYNAMIC;

-- ----------------------------
-- Records of crypto_report_review
-- ----------------------------
INSERT INTO `crypto_report_review` VALUES (3, 'report_20230925_03', 1, '已通过', NULL, NULL, NULL, NULL, '2025-12-22 15:09:47', NULL, NULL);

-- ----------------------------
-- Table structure for demo
-- ----------------------------
DROP TABLE IF EXISTS `demo`;
CREATE TABLE `demo`  (
  `id` int NOT NULL AUTO_INCREMENT,
  `name` varchar(255) CHARACTER SET utf8mb4 COLLATE utf8mb4_0900_ai_ci NOT NULL COMMENT '名称',
  `age` int NULL DEFAULT NULL COMMENT '年龄',
  `gender` varchar(10) CHARACTER SET utf8mb4 COLLATE utf8mb4_0900_ai_ci NULL DEFAULT NULL COMMENT '性别（男/女）',
  `remark` varchar(500) CHARACTER SET utf8mb4 COLLATE utf8mb4_0900_ai_ci NULL DEFAULT NULL COMMENT '备注信息',
  `creator` varchar(50) CHARACTER SET utf8mb4 COLLATE utf8mb4_0900_ai_ci NOT NULL COMMENT '创建人',
  `create_time` datetime NOT NULL COMMENT '创建时间',
  `updater` varchar(50) CHARACTER SET utf8mb4 COLLATE utf8mb4_0900_ai_ci NULL DEFAULT NULL COMMENT '更新人',
  `update_time` datetime NULL DEFAULT NULL COMMENT '更新时间',
  PRIMARY KEY (`id`) USING BTREE
) ENGINE = InnoDB AUTO_INCREMENT = 37 CHARACTER SET = utf8mb4 COLLATE = utf8mb4_0900_ai_ci COMMENT = 'Demo列表数据表' ROW_FORMAT = DYNAMIC;

-- ----------------------------
-- Records of demo
-- ----------------------------
INSERT INTO `demo` VALUES (23, '张三', 10, '女', '123', '管理员', '2025-10-19 16:52:49', '管理员', '2025-10-19 20:07:58');
INSERT INTO `demo` VALUES (25, '李四', 18, '男', '这是测试11', '管理员', '2025-10-19 20:07:00', '管理员', '2025-10-19 20:07:00');
INSERT INTO `demo` VALUES (27, '王五', 18, '男', '这是测试111', '管理员', '2025-10-19 20:08:50', '管理员', '2025-10-19 20:08:50');
INSERT INTO `demo` VALUES (28, '王五', 18, '男', '这是测试111', '管理员', '2025-10-19 20:08:53', '管理员', '2025-10-19 20:08:53');
INSERT INTO `demo` VALUES (29, '王五', 18, '男', '这是测试111', '管理员', '2025-10-19 20:08:57', '管理员', '2025-10-19 20:08:57');
INSERT INTO `demo` VALUES (31, '李四', 11, '男', '这是测试111', '管理员', '2025-10-19 20:09:09', '管理员', '2025-10-19 20:09:09');
INSERT INTO `demo` VALUES (32, '李四', 11, '男', '这是测试111', '管理员', '2025-10-19 20:09:12', '管理员', '2025-10-19 20:09:12');
INSERT INTO `demo` VALUES (33, '李四', 11, '男', '这是测试111', '管理员', '2025-10-19 20:09:17', '管理员', '2025-10-19 20:09:17');
INSERT INTO `demo` VALUES (34, '李四', 11, '男', '这是测试111', '管理员', '2025-10-19 20:09:20', '管理员', '2025-10-19 20:09:20');
INSERT INTO `demo` VALUES (35, '李四', 11, '男', '这是测试111', '管理员', '2025-10-19 20:09:23', '管理员', '2025-10-19 20:09:23');
INSERT INTO `demo` VALUES (36, 'uuu', 18, '男', '2222', '管理员', '2025-10-19 20:23:19', '管理员', '2025-10-19 20:26:41');

-- ----------------------------
-- Table structure for gen_table
-- ----------------------------
DROP TABLE IF EXISTS `gen_table`;
CREATE TABLE `gen_table`  (
  `table_id` bigint NOT NULL,
  `table_name` varchar(200) CHARACTER SET utf8mb4 COLLATE utf8mb4_0900_ai_ci NULL DEFAULT NULL,
  `table_comment` varchar(500) CHARACTER SET utf8mb4 COLLATE utf8mb4_0900_ai_ci NULL DEFAULT NULL,
  `sub_table_name` varchar(64) CHARACTER SET utf8mb4 COLLATE utf8mb4_0900_ai_ci NULL DEFAULT NULL,
  `sub_table_fk_name` varchar(64) CHARACTER SET utf8mb4 COLLATE utf8mb4_0900_ai_ci NULL DEFAULT NULL,
  `class_name` varchar(100) CHARACTER SET utf8mb4 COLLATE utf8mb4_0900_ai_ci NULL DEFAULT NULL,
  `tpl_category` varchar(200) CHARACTER SET utf8mb4 COLLATE utf8mb4_0900_ai_ci NULL DEFAULT NULL,
  `package_name` varchar(100) CHARACTER SET utf8mb4 COLLATE utf8mb4_0900_ai_ci NULL DEFAULT NULL,
  `module_name` varchar(30) CHARACTER SET utf8mb4 COLLATE utf8mb4_0900_ai_ci NULL DEFAULT NULL,
  `business_name` varchar(30) CHARACTER SET utf8mb4 COLLATE utf8mb4_0900_ai_ci NULL DEFAULT NULL,
  `function_name` varchar(50) CHARACTER SET utf8mb4 COLLATE utf8mb4_0900_ai_ci NULL DEFAULT NULL,
  `function_author` varchar(50) CHARACTER SET utf8mb4 COLLATE utf8mb4_0900_ai_ci NULL DEFAULT NULL,
  `gen_type` char(1) CHARACTER SET utf8mb4 COLLATE utf8mb4_0900_ai_ci NULL DEFAULT NULL,
  `gen_path` varchar(200) CHARACTER SET utf8mb4 COLLATE utf8mb4_0900_ai_ci NULL DEFAULT NULL,
  `options` varchar(1000) CHARACTER SET utf8mb4 COLLATE utf8mb4_0900_ai_ci NULL DEFAULT NULL,
  `create_by` varchar(64) CHARACTER SET utf8mb4 COLLATE utf8mb4_0900_ai_ci NULL DEFAULT NULL,
  `create_time` datetime NULL DEFAULT NULL,
  `update_by` varchar(64) CHARACTER SET utf8mb4 COLLATE utf8mb4_0900_ai_ci NULL DEFAULT NULL,
  `update_time` datetime NULL DEFAULT NULL,
  `remark` varchar(500) CHARACTER SET utf8mb4 COLLATE utf8mb4_0900_ai_ci NULL DEFAULT NULL
) ENGINE = InnoDB CHARACTER SET = utf8mb4 COLLATE = utf8mb4_0900_ai_ci ROW_FORMAT = DYNAMIC;

-- ----------------------------
-- Records of gen_table
-- ----------------------------

-- ----------------------------
-- Table structure for gen_table_column
-- ----------------------------
DROP TABLE IF EXISTS `gen_table_column`;
CREATE TABLE `gen_table_column`  (
  `column_id` bigint NOT NULL,
  `table_id` bigint NULL DEFAULT NULL,
  `column_name` varchar(200) CHARACTER SET utf8mb4 COLLATE utf8mb4_0900_ai_ci NULL DEFAULT NULL,
  `column_comment` varchar(500) CHARACTER SET utf8mb4 COLLATE utf8mb4_0900_ai_ci NULL DEFAULT NULL,
  `column_type` varchar(100) CHARACTER SET utf8mb4 COLLATE utf8mb4_0900_ai_ci NULL DEFAULT NULL,
  `java_type` varchar(500) CHARACTER SET utf8mb4 COLLATE utf8mb4_0900_ai_ci NULL DEFAULT NULL,
  `java_field` varchar(200) CHARACTER SET utf8mb4 COLLATE utf8mb4_0900_ai_ci NULL DEFAULT NULL,
  `is_pk` char(1) CHARACTER SET utf8mb4 COLLATE utf8mb4_0900_ai_ci NULL DEFAULT NULL,
  `is_increment` char(1) CHARACTER SET utf8mb4 COLLATE utf8mb4_0900_ai_ci NULL DEFAULT NULL,
  `is_required` char(1) CHARACTER SET utf8mb4 COLLATE utf8mb4_0900_ai_ci NULL DEFAULT NULL,
  `is_insert` char(1) CHARACTER SET utf8mb4 COLLATE utf8mb4_0900_ai_ci NULL DEFAULT NULL,
  `is_edit` char(1) CHARACTER SET utf8mb4 COLLATE utf8mb4_0900_ai_ci NULL DEFAULT NULL,
  `is_list` char(1) CHARACTER SET utf8mb4 COLLATE utf8mb4_0900_ai_ci NULL DEFAULT NULL,
  `is_query` char(1) CHARACTER SET utf8mb4 COLLATE utf8mb4_0900_ai_ci NULL DEFAULT NULL,
  `query_type` varchar(200) CHARACTER SET utf8mb4 COLLATE utf8mb4_0900_ai_ci NULL DEFAULT NULL,
  `html_type` varchar(200) CHARACTER SET utf8mb4 COLLATE utf8mb4_0900_ai_ci NULL DEFAULT NULL,
  `dict_type` varchar(200) CHARACTER SET utf8mb4 COLLATE utf8mb4_0900_ai_ci NULL DEFAULT NULL,
  `sort` int NULL DEFAULT NULL,
  `create_by` varchar(64) CHARACTER SET utf8mb4 COLLATE utf8mb4_0900_ai_ci NULL DEFAULT NULL,
  `create_time` datetime NULL DEFAULT NULL,
  `update_by` varchar(64) CHARACTER SET utf8mb4 COLLATE utf8mb4_0900_ai_ci NULL DEFAULT NULL,
  `update_time` datetime NULL DEFAULT NULL
) ENGINE = InnoDB CHARACTER SET = utf8mb4 COLLATE = utf8mb4_0900_ai_ci ROW_FORMAT = DYNAMIC;

-- ----------------------------
-- Records of gen_table_column
-- ----------------------------

-- ----------------------------
-- Table structure for sys_config
-- ----------------------------
DROP TABLE IF EXISTS `sys_config`;
CREATE TABLE `sys_config`  (
  `config_id` bigint NOT NULL,
  `config_name` varchar(100) CHARACTER SET utf8mb4 COLLATE utf8mb4_0900_ai_ci NULL DEFAULT NULL,
  `config_key` varchar(100) CHARACTER SET utf8mb4 COLLATE utf8mb4_0900_ai_ci NULL DEFAULT NULL,
  `config_value` varchar(500) CHARACTER SET utf8mb4 COLLATE utf8mb4_0900_ai_ci NULL DEFAULT NULL,
  `config_type` char(1) CHARACTER SET utf8mb4 COLLATE utf8mb4_0900_ai_ci NULL DEFAULT NULL,
  `create_by` varchar(64) CHARACTER SET utf8mb4 COLLATE utf8mb4_0900_ai_ci NULL DEFAULT NULL,
  `create_time` datetime NULL DEFAULT NULL,
  `update_by` varchar(64) CHARACTER SET utf8mb4 COLLATE utf8mb4_0900_ai_ci NULL DEFAULT NULL,
  `update_time` datetime NULL DEFAULT NULL,
  `remark` varchar(500) CHARACTER SET utf8mb4 COLLATE utf8mb4_0900_ai_ci NULL DEFAULT NULL
) ENGINE = InnoDB CHARACTER SET = utf8mb4 COLLATE = utf8mb4_0900_ai_ci ROW_FORMAT = DYNAMIC;

-- ----------------------------
-- Records of sys_config
-- ----------------------------
INSERT INTO `sys_config` VALUES (1, '主框架页-默认皮肤样式名称', 'sys.index.skinName', 'skin-blue', 'Y', 'admin', '2024-06-13 16:06:37', '', NULL, '蓝色 skin-blue、绿色 skin-green、紫色 skin-purple、红色 skin-red、黄色 skin-yellow');
INSERT INTO `sys_config` VALUES (2, '用户管理-账号初始密码', 'sys.user.initPassword', '123456', 'Y', 'admin', '2024-06-13 16:06:37', '', NULL, '初始化密码 123456');
INSERT INTO `sys_config` VALUES (3, '主框架页-侧边栏主题', 'sys.index.sideTheme', 'theme-light', 'Y', 'admin', '2024-06-13 16:06:37', 'admin', '2024-07-16 11:25:33', '深色主题theme-dark，浅色主题theme-light');
INSERT INTO `sys_config` VALUES (4, '账号自助-验证码开关', 'sys.account.captchaEnabled', 'true', 'Y', 'admin', '2024-06-13 16:06:37', '', NULL, '是否开启验证码功能（true开启，false关闭）');
INSERT INTO `sys_config` VALUES (5, '账号自助-是否开启用户注册功能', 'sys.account.registerUser', 'false', 'Y', 'admin', '2024-06-13 16:06:37', '', NULL, '是否开启注册用户功能（true开启，false关闭）');
INSERT INTO `sys_config` VALUES (11, 'OSS预览列表资源开关', 'sys.oss.previewListResource', 'true', 'Y', 'admin', '2024-06-13 16:06:37', '', NULL, 'true:开启, false:关闭');

-- ----------------------------
-- Table structure for sys_dept
-- ----------------------------
DROP TABLE IF EXISTS `sys_dept`;
CREATE TABLE `sys_dept`  (
  `dept_id` bigint NOT NULL,
  `parent_id` bigint NULL DEFAULT NULL,
  `ancestors` varchar(500) CHARACTER SET utf8mb4 COLLATE utf8mb4_0900_ai_ci NULL DEFAULT NULL,
  `dept_name` varchar(30) CHARACTER SET utf8mb4 COLLATE utf8mb4_0900_ai_ci NULL DEFAULT NULL,
  `order_num` int NULL DEFAULT NULL,
  `leader` varchar(20) CHARACTER SET utf8mb4 COLLATE utf8mb4_0900_ai_ci NULL DEFAULT NULL,
  `phone` varchar(11) CHARACTER SET utf8mb4 COLLATE utf8mb4_0900_ai_ci NULL DEFAULT NULL,
  `email` varchar(50) CHARACTER SET utf8mb4 COLLATE utf8mb4_0900_ai_ci NULL DEFAULT NULL,
  `status` char(1) CHARACTER SET utf8mb4 COLLATE utf8mb4_0900_ai_ci NULL DEFAULT NULL,
  `del_flag` char(1) CHARACTER SET utf8mb4 COLLATE utf8mb4_0900_ai_ci NULL DEFAULT NULL,
  `create_by` varchar(64) CHARACTER SET utf8mb4 COLLATE utf8mb4_0900_ai_ci NULL DEFAULT NULL,
  `create_time` datetime NULL DEFAULT NULL,
  `update_by` varchar(64) CHARACTER SET utf8mb4 COLLATE utf8mb4_0900_ai_ci NULL DEFAULT NULL,
  `update_time` datetime NULL DEFAULT NULL
) ENGINE = InnoDB CHARACTER SET = utf8mb4 COLLATE = utf8mb4_0900_ai_ci ROW_FORMAT = DYNAMIC;

-- ----------------------------
-- Records of sys_dept
-- ----------------------------
INSERT INTO `sys_dept` VALUES (100, 0, '0', '物联科技', 0, '若依', '15888888888', 'ry@qq.com', '1', '0', 'admin', '2024-06-13 16:06:25', 'admin', '2025-04-18 15:08:51');
INSERT INTO `sys_dept` VALUES (101, 100, '0,100', '南宁总公司', 1, '若依', '15888888888', 'ry@qq.com', '1', '0', 'admin', '2024-06-13 16:06:25', 'admin', '2025-04-16 21:04:21');
INSERT INTO `sys_dept` VALUES (102, 100, '0,100', '柳州分公司', 2, '若依', '15888888888', 'ry@qq.com', '1', '0', 'admin', '2024-06-13 16:06:25', 'admin', '2025-04-16 21:04:47');
INSERT INTO `sys_dept` VALUES (103, 101, '0,100,101', '研发部门', 1, '若依', '15888888888', 'ry@qq.com', '1', '0', 'admin', '2024-06-13 16:06:25', 'admin', '2025-04-16 21:04:21');
INSERT INTO `sys_dept` VALUES (104, 101, '0,100,101', '市场部门', 2, '若依', '15888888888', 'ry@qq.com', '1', '0', 'admin', '2024-06-13 16:06:25', 'admin', '2025-04-16 21:04:21');
INSERT INTO `sys_dept` VALUES (105, 101, '0,100,101', '测试部门', 3, '若依', '15888888888', 'ry@qq.com', '1', '0', 'admin', '2024-06-13 16:06:25', 'admin', '2025-04-16 21:04:21');
INSERT INTO `sys_dept` VALUES (106, 101, '0,100,101', '财务部门', 4, '若依', '15888888888', 'ry@qq.com', '1', '0', 'admin', '2024-06-13 16:06:25', 'admin', '2025-04-16 21:04:21');
INSERT INTO `sys_dept` VALUES (107, 101, '0,100,101', '运维部门', 5, '若依', '15888888888', 'ry@qq.com', '1', '0', 'admin', '2024-06-13 16:06:25', 'admin', '2025-04-16 21:04:21');
INSERT INTO `sys_dept` VALUES (108, 102, '0,100,102', '市场部门', 1, '若依', '15888888888', 'ry@qq.com', '1', '0', 'admin', '2024-06-13 16:06:25', 'admin', '2025-04-16 21:04:47');
INSERT INTO `sys_dept` VALUES (109, 102, '0,100,102', '财务部门', 2, '若依', '15888888888', 'ry@qq.com', '1', '0', 'admin', '2024-06-13 16:06:25', 'admin', '2025-04-16 21:04:47');
INSERT INTO `sys_dept` VALUES (1811589666899832833, 102, '0,100,102', '测试部门2', 0, '负责人', '', '', '1', '0', 'admin', '2024-07-12 10:33:29', 'admin', '2025-04-16 21:04:47');

-- ----------------------------
-- Table structure for sys_dict_data
-- ----------------------------
DROP TABLE IF EXISTS `sys_dict_data`;
CREATE TABLE `sys_dict_data`  (
  `dict_code` bigint NOT NULL,
  `dict_sort` int NULL DEFAULT NULL,
  `dict_label` varchar(100) CHARACTER SET utf8mb4 COLLATE utf8mb4_0900_ai_ci NULL DEFAULT NULL,
  `dict_value` varchar(100) CHARACTER SET utf8mb4 COLLATE utf8mb4_0900_ai_ci NULL DEFAULT NULL,
  `dict_type` varchar(100) CHARACTER SET utf8mb4 COLLATE utf8mb4_0900_ai_ci NULL DEFAULT NULL,
  `css_class` varchar(100) CHARACTER SET utf8mb4 COLLATE utf8mb4_0900_ai_ci NULL DEFAULT NULL,
  `list_class` varchar(100) CHARACTER SET utf8mb4 COLLATE utf8mb4_0900_ai_ci NULL DEFAULT NULL,
  `is_default` char(1) CHARACTER SET utf8mb4 COLLATE utf8mb4_0900_ai_ci NULL DEFAULT NULL,
  `status` char(1) CHARACTER SET utf8mb4 COLLATE utf8mb4_0900_ai_ci NULL DEFAULT NULL,
  `create_by` varchar(64) CHARACTER SET utf8mb4 COLLATE utf8mb4_0900_ai_ci NULL DEFAULT NULL,
  `create_time` datetime NULL DEFAULT NULL,
  `update_by` varchar(64) CHARACTER SET utf8mb4 COLLATE utf8mb4_0900_ai_ci NULL DEFAULT NULL,
  `update_time` datetime NULL DEFAULT NULL,
  `remark` varchar(500) CHARACTER SET utf8mb4 COLLATE utf8mb4_0900_ai_ci NULL DEFAULT NULL
) ENGINE = InnoDB CHARACTER SET = utf8mb4 COLLATE = utf8mb4_0900_ai_ci ROW_FORMAT = DYNAMIC;

-- ----------------------------
-- Records of sys_dict_data
-- ----------------------------
INSERT INTO `sys_dict_data` VALUES (1, 1, '男', '0', 'sys_user_sex', '', '', 'Y', '1', 'admin', '2024-06-13 16:06:36', '', NULL, '性别男');
INSERT INTO `sys_dict_data` VALUES (2, 2, '女', '1', 'sys_user_sex', '', '', 'N', '1', 'admin', '2024-06-13 16:06:36', '', NULL, '性别女');
INSERT INTO `sys_dict_data` VALUES (3, 3, '未知', '2', 'sys_user_sex', '', '', 'N', '1', 'admin', '2024-06-13 16:06:36', '', NULL, '性别未知');
INSERT INTO `sys_dict_data` VALUES (4, 1, '显示', '1', 'sys_show_hide', '', 'primary', 'Y', '1', 'admin', '2024-06-13 16:06:36', 'admin', '2024-07-10 16:34:54', '显示菜单');
INSERT INTO `sys_dict_data` VALUES (5, 2, '隐藏', '0', 'sys_show_hide', '', 'danger', 'N', '1', 'admin', '2024-06-13 16:06:36', 'admin', '2024-07-10 16:35:07', '隐藏菜单');
INSERT INTO `sys_dict_data` VALUES (6, 1, '正常', '1', 'sys_normal_disable', '', 'primary', 'Y', '1', 'admin', '2024-06-13 16:06:36', 'admin', '2024-07-10 14:30:58', '正常状态');
INSERT INTO `sys_dict_data` VALUES (7, 2, '停用', '0', 'sys_normal_disable', '', 'danger', 'N', '1', 'admin', '2024-06-13 16:06:36', 'admin', '2024-07-10 14:31:06', '停用状态');
INSERT INTO `sys_dict_data` VALUES (12, 1, '是', 'Y', 'sys_yes_no', '', 'primary', 'Y', '1', 'admin', '2024-06-13 16:06:36', '', NULL, '系统默认是');
INSERT INTO `sys_dict_data` VALUES (13, 2, '否', 'N', 'sys_yes_no', '', 'danger', 'N', '1', 'admin', '2024-06-13 16:06:36', '', NULL, '系统默认否');
INSERT INTO `sys_dict_data` VALUES (14, 1, '通知', '1', 'sys_notice_type', '', 'warning', 'Y', '1', 'admin', '2024-06-13 16:06:36', '', NULL, '通知');
INSERT INTO `sys_dict_data` VALUES (15, 2, '公告', '2', 'sys_notice_type', '', 'success', 'N', '1', 'admin', '2024-06-13 16:06:36', '', NULL, '公告');
INSERT INTO `sys_dict_data` VALUES (16, 1, '正常', '1', 'sys_notice_status', '', 'primary', 'Y', '1', 'admin', '2024-06-13 16:06:36', 'admin', '2024-07-10 17:24:35', '正常状态');
INSERT INTO `sys_dict_data` VALUES (17, 2, '关闭', '0', 'sys_notice_status', '', 'danger', 'N', '1', 'admin', '2024-06-13 16:06:36', 'admin', '2024-07-10 17:24:44', '关闭状态');
INSERT INTO `sys_dict_data` VALUES (18, 1, '新增', '1', 'sys_oper_type', '', 'info', 'N', '1', 'admin', '2024-06-13 16:06:36', '', NULL, '新增操作');
INSERT INTO `sys_dict_data` VALUES (19, 2, '修改', '2', 'sys_oper_type', '', 'info', 'N', '1', 'admin', '2024-06-13 16:06:36', '', NULL, '修改操作');
INSERT INTO `sys_dict_data` VALUES (20, 3, '删除', '3', 'sys_oper_type', '', 'danger', 'N', '1', 'admin', '2024-06-13 16:06:37', '', NULL, '删除操作');
INSERT INTO `sys_dict_data` VALUES (21, 4, '授权', '4', 'sys_oper_type', '', 'primary', 'N', '1', 'admin', '2024-06-13 16:06:37', '', NULL, '授权操作');
INSERT INTO `sys_dict_data` VALUES (22, 5, '导出', '5', 'sys_oper_type', '', 'warning', 'N', '1', 'admin', '2024-06-13 16:06:37', '', NULL, '导出操作');
INSERT INTO `sys_dict_data` VALUES (23, 6, '导入', '6', 'sys_oper_type', '', 'warning', 'N', '1', 'admin', '2024-06-13 16:06:37', '', NULL, '导入操作');
INSERT INTO `sys_dict_data` VALUES (24, 7, '强退', '7', 'sys_oper_type', '', 'danger', 'N', '1', 'admin', '2024-06-13 16:06:37', '', NULL, '强退操作');
INSERT INTO `sys_dict_data` VALUES (25, 8, '生成代码', '8', 'sys_oper_type', '', 'warning', 'N', '1', 'admin', '2024-06-13 16:06:37', '', NULL, '生成操作');
INSERT INTO `sys_dict_data` VALUES (26, 9, '清空数据', '9', 'sys_oper_type', '', 'danger', 'N', '1', 'admin', '2024-06-13 16:06:37', '', NULL, '清空操作');
INSERT INTO `sys_dict_data` VALUES (27, 1, '失败', '0', 'sys_common_status', '', 'danger', 'N', '1', 'admin', '2024-06-13 16:06:37', 'admin', '2024-07-15 10:50:52', '正常状态');
INSERT INTO `sys_dict_data` VALUES (28, 2, '成功', '1', 'sys_common_status', '', 'success', 'N', '1', 'admin', '2024-06-13 16:06:37', 'admin', '2024-07-15 10:51:05', '停用状态');
INSERT INTO `sys_dict_data` VALUES (29, 99, '其他', '0', 'sys_oper_type', '', 'info', 'N', '1', 'admin', '2024-06-13 16:06:36', '', NULL, '其他操作');
INSERT INTO `sys_dict_data` VALUES (1812692503272718338, 0, '客户', '1', 'merchant_type', NULL, 'default', 'N', '1', 'admin', '2024-07-15 11:35:46', 'admin', '2024-07-16 11:21:11', NULL);
INSERT INTO `sys_dict_data` VALUES (1812694839395135489, 1, '供应商', '2', 'merchant_type', NULL, 'default', 'N', '1', 'admin', '2024-07-15 11:45:03', 'admin', '2024-07-16 11:21:29', '');
INSERT INTO `sys_dict_data` VALUES (1813051377282904066, 3, '客户/供应商', '3', 'merchant_type', NULL, 'default', 'N', '1', 'admin', '2024-07-16 11:21:48', 'admin', '2024-07-16 11:21:48', NULL);
INSERT INTO `sys_dict_data` VALUES (1813153852862160897, 0, '未入库', '0', 'wms_receipt_status', NULL, 'info', 'N', '1', 'admin', '2024-07-16 18:09:00', 'admin', '2024-07-22 09:38:14', NULL);
INSERT INTO `sys_dict_data` VALUES (1813153899775451137, 1, '已入库', '1', 'wms_receipt_status', NULL, 'primary', 'N', '1', 'admin', '2024-07-16 18:09:11', 'admin', '2024-07-22 09:38:22', NULL);
INSERT INTO `sys_dict_data` VALUES (1813397339171905537, 3, '作废', '-1', 'wms_receipt_status', NULL, 'danger', 'N', '1', 'admin', '2024-07-17 10:16:32', 'admin', '2024-07-22 09:38:29', NULL);
INSERT INTO `sys_dict_data` VALUES (1814219171351085057, 0, '生产入库', '1', 'wms_receipt_type', NULL, 'primary', 'N', '1', 'admin', '2024-07-19 16:42:12', 'admin', '2024-07-22 09:38:50', NULL);
INSERT INTO `sys_dict_data` VALUES (1814219220520910849, 1, '采购入库', '2', 'wms_receipt_type', NULL, 'primary', 'N', '1', 'admin', '2024-07-19 16:42:23', 'admin', '2024-07-22 09:38:56', NULL);
INSERT INTO `sys_dict_data` VALUES (1814219269975949313, 2, '退货入库', '3', 'wms_receipt_type', NULL, 'primary', 'N', '1', 'admin', '2024-07-19 16:42:35', 'admin', '2024-07-22 09:39:01', NULL);
INSERT INTO `sys_dict_data` VALUES (1814219304272773121, 3, '归还入库', '4', 'wms_receipt_type', NULL, 'primary', 'N', '1', 'admin', '2024-07-19 16:42:43', 'admin', '2024-07-22 09:39:06', NULL);
INSERT INTO `sys_dict_data` VALUES (1818850397680640002, 2, '作废', '-1', 'wms_shipment_status', NULL, 'danger', 'N', '1', 'admin', '2024-08-01 11:25:02', 'admin', '2024-08-01 14:25:24', NULL);
INSERT INTO `sys_dict_data` VALUES (1818850512650706945, 0, '未出库', '0', 'wms_shipment_status', NULL, 'info', 'N', '1', 'admin', '2024-08-01 11:25:29', 'admin', '2024-08-01 14:25:37', NULL);
INSERT INTO `sys_dict_data` VALUES (1818850565389885441, 1, '已出库', '1', 'wms_shipment_status', NULL, 'primary', 'N', '1', 'admin', '2024-08-01 11:25:42', 'admin', '2024-08-01 14:25:32', NULL);
INSERT INTO `sys_dict_data` VALUES (1818850814351187969, 0, '退货出库', '1', 'wms_shipment_type', NULL, 'default', 'N', '1', 'admin', '2024-08-01 11:26:41', 'admin', '2024-08-01 11:26:41', NULL);
INSERT INTO `sys_dict_data` VALUES (1818850852594851841, 1, '销售出库', '2', 'wms_shipment_type', NULL, 'default', 'N', '1', 'admin', '2024-08-01 11:26:51', 'admin', '2024-08-01 11:26:51', NULL);
INSERT INTO `sys_dict_data` VALUES (1818850884714831874, 2, '生产出库', '3', 'wms_shipment_type', NULL, 'default', 'N', '1', 'admin', '2024-08-01 11:26:58', 'admin', '2024-08-01 11:26:58', NULL);
INSERT INTO `sys_dict_data` VALUES (1821067084643434498, 0, '入库', '1', 'wms_inventory_history_type', NULL, 'primary', 'N', '1', 'admin', '2024-08-07 14:13:21', 'admin', '2024-08-07 14:57:41', NULL);
INSERT INTO `sys_dict_data` VALUES (1821067144441626625, 1, '出库', '2', 'wms_inventory_history_type', NULL, 'primary', 'N', '1', 'admin', '2024-08-07 14:13:36', 'admin', '2024-08-07 14:57:47', NULL);
INSERT INTO `sys_dict_data` VALUES (1821067181917732866, 2, '移库', '3', 'wms_inventory_history_type', NULL, 'primary', 'N', '1', 'admin', '2024-08-07 14:13:45', 'admin', '2024-08-07 14:57:54', NULL);
INSERT INTO `sys_dict_data` VALUES (1821067222455681026, 3, '盘库', '4', 'wms_inventory_history_type', NULL, 'primary', 'N', '1', 'admin', '2024-08-07 14:13:54', 'admin', '2024-08-07 14:58:06', NULL);
INSERT INTO `sys_dict_data` VALUES (1822820748966006786, 0, '未移库', '0', 'wms_movement_status', NULL, 'info', 'N', '1', 'admin', '2024-08-12 10:21:48', 'admin', '2024-08-12 10:21:48', NULL);
INSERT INTO `sys_dict_data` VALUES (1822820794864275457, 1, '已移库', '1', 'wms_movement_status', NULL, 'primary', 'N', '1', 'admin', '2024-08-12 10:21:59', 'admin', '2024-08-12 10:21:59', NULL);
INSERT INTO `sys_dict_data` VALUES (1822820855526494210, 2, '作废', '-1', 'wms_movement_status', NULL, 'danger', 'N', '1', 'admin', '2024-08-12 10:22:13', 'admin', '2024-08-12 10:22:13', NULL);
INSERT INTO `sys_dict_data` VALUES (1823182345731391489, 0, '待盘库', '0', 'wms_check_status', NULL, 'info', 'N', '1', 'admin', '2024-08-13 10:18:39', 'admin', '2024-08-13 10:18:39', NULL);
INSERT INTO `sys_dict_data` VALUES (1823182400756465666, 1, '已盘库', '1', 'wms_check_status', NULL, 'primary', 'N', '1', 'admin', '2024-08-13 10:18:52', 'admin', '2024-08-13 10:18:52', NULL);
INSERT INTO `sys_dict_data` VALUES (1823182471136886786, 2, '作废', '-1', 'wms_check_status', NULL, 'danger', 'N', '1', 'admin', '2024-08-13 10:19:09', 'admin', '2024-08-13 10:19:09', NULL);

-- ----------------------------
-- Table structure for sys_dict_type
-- ----------------------------
DROP TABLE IF EXISTS `sys_dict_type`;
CREATE TABLE `sys_dict_type`  (
  `dict_id` bigint NOT NULL,
  `dict_name` varchar(100) CHARACTER SET utf8mb4 COLLATE utf8mb4_0900_ai_ci NULL DEFAULT NULL,
  `dict_type` varchar(100) CHARACTER SET utf8mb4 COLLATE utf8mb4_0900_ai_ci NULL DEFAULT NULL,
  `status` char(1) CHARACTER SET utf8mb4 COLLATE utf8mb4_0900_ai_ci NULL DEFAULT NULL,
  `create_by` varchar(64) CHARACTER SET utf8mb4 COLLATE utf8mb4_0900_ai_ci NULL DEFAULT NULL,
  `create_time` datetime NULL DEFAULT NULL,
  `update_by` varchar(64) CHARACTER SET utf8mb4 COLLATE utf8mb4_0900_ai_ci NULL DEFAULT NULL,
  `update_time` datetime NULL DEFAULT NULL,
  `remark` varchar(500) CHARACTER SET utf8mb4 COLLATE utf8mb4_0900_ai_ci NULL DEFAULT NULL
) ENGINE = InnoDB CHARACTER SET = utf8mb4 COLLATE = utf8mb4_0900_ai_ci ROW_FORMAT = DYNAMIC;

-- ----------------------------
-- Records of sys_dict_type
-- ----------------------------
INSERT INTO `sys_dict_type` VALUES (1, '用户性别', 'sys_user_sex', '1', 'admin', '2024-06-13 16:06:35', '', NULL, '用户性别列表');
INSERT INTO `sys_dict_type` VALUES (2, '菜单状态', 'sys_show_hide', '1', 'admin', '2024-06-13 16:06:35', '', NULL, '菜单状态列表');
INSERT INTO `sys_dict_type` VALUES (3, '系统开关', 'sys_normal_disable', '1', 'admin', '2024-06-13 16:06:35', '', NULL, '系统开关列表');
INSERT INTO `sys_dict_type` VALUES (6, '系统是否', 'sys_yes_no', '1', 'admin', '2024-06-13 16:06:35', '', NULL, '系统是否列表');
INSERT INTO `sys_dict_type` VALUES (7, '通知类型', 'sys_notice_type', '1', 'admin', '2024-06-13 16:06:35', '', NULL, '通知类型列表');
INSERT INTO `sys_dict_type` VALUES (8, '通知状态', 'sys_notice_status', '1', 'admin', '2024-06-13 16:06:35', '', NULL, '通知状态列表');
INSERT INTO `sys_dict_type` VALUES (9, '操作类型', 'sys_oper_type', '1', 'admin', '2024-06-13 16:06:35', '', NULL, '操作类型列表');
INSERT INTO `sys_dict_type` VALUES (10, '系统状态', 'sys_common_status', '1', 'admin', '2024-06-13 16:06:36', '', NULL, '登录状态列表');
INSERT INTO `sys_dict_type` VALUES (1812692454547488770, '企业类型', 'merchant_type', '1', 'admin', '2024-07-15 11:35:34', 'admin', '2024-07-16 17:41:32', '企业类型');
INSERT INTO `sys_dict_type` VALUES (1813152108564373505, '入库状态', 'wms_receipt_status', '1', 'admin', '2024-07-16 18:02:04', 'admin', '2024-07-16 18:02:17', '入库状态');
INSERT INTO `sys_dict_type` VALUES (1814219082624778242, '入库类型', 'wms_receipt_type', '1', 'admin', '2024-07-19 16:41:51', 'admin', '2024-07-19 16:41:51', NULL);
INSERT INTO `sys_dict_type` VALUES (1818848671749709825, '出库状态', 'wms_shipment_status', '1', 'admin', '2024-08-01 11:18:11', 'admin', '2024-08-01 11:18:11', NULL);
INSERT INTO `sys_dict_type` VALUES (1818848738502057985, '出库类型', 'wms_shipment_type', '1', 'admin', '2024-08-01 11:18:26', 'admin', '2024-08-01 11:18:26', NULL);
INSERT INTO `sys_dict_type` VALUES (1821066855638630402, '库存记录操作类型', 'wms_inventory_history_type', '1', 'admin', '2024-08-07 14:12:27', 'admin', '2024-08-07 14:12:27', NULL);
INSERT INTO `sys_dict_type` VALUES (1822820566366982146, '移库状态', 'wms_movement_status', '1', 'admin', '2024-08-12 10:21:04', 'admin', '2024-08-12 10:21:04', NULL);
INSERT INTO `sys_dict_type` VALUES (1823182238898274306, '盘库状态', 'wms_check_status', '1', 'admin', '2024-08-13 10:18:14', 'admin', '2024-08-13 10:18:14', NULL);

-- ----------------------------
-- Table structure for sys_logininfor
-- ----------------------------
DROP TABLE IF EXISTS `sys_logininfor`;
CREATE TABLE `sys_logininfor`  (
  `info_id` bigint NOT NULL,
  `user_name` varchar(50) CHARACTER SET utf8mb4 COLLATE utf8mb4_0900_ai_ci NULL DEFAULT NULL,
  `ipaddr` varchar(128) CHARACTER SET utf8mb4 COLLATE utf8mb4_0900_ai_ci NULL DEFAULT NULL,
  `login_location` varchar(255) CHARACTER SET utf8mb4 COLLATE utf8mb4_0900_ai_ci NULL DEFAULT NULL,
  `browser` varchar(50) CHARACTER SET utf8mb4 COLLATE utf8mb4_0900_ai_ci NULL DEFAULT NULL,
  `os` varchar(50) CHARACTER SET utf8mb4 COLLATE utf8mb4_0900_ai_ci NULL DEFAULT NULL,
  `status` char(1) CHARACTER SET utf8mb4 COLLATE utf8mb4_0900_ai_ci NULL DEFAULT NULL,
  `msg` varchar(255) CHARACTER SET utf8mb4 COLLATE utf8mb4_0900_ai_ci NULL DEFAULT NULL,
  `login_time` datetime NULL DEFAULT NULL
) ENGINE = InnoDB CHARACTER SET = utf8mb4 COLLATE = utf8mb4_0900_ai_ci ROW_FORMAT = DYNAMIC;

-- ----------------------------
-- Records of sys_logininfor
-- ----------------------------
INSERT INTO `sys_logininfor` VALUES (1907008494743511041, 'admin', '0:0:0:0:0:0:0:1', '内网IP', 'MSEdge', 'Windows 10 or Windows Server 2016', '0', '验证码错误', '2025-04-01 17:53:50');
INSERT INTO `sys_logininfor` VALUES (1907008540176211969, 'admin', '0:0:0:0:0:0:0:1', '内网IP', 'MSEdge', 'Windows 10 or Windows Server 2016', '1', '登录成功', '2025-04-01 17:54:01');
INSERT INTO `sys_logininfor` VALUES (1907008863041150978, 'admin', '0:0:0:0:0:0:0:1', '内网IP', 'MSEdge', 'Windows 10 or Windows Server 2016', '1', '退出成功', '2025-04-01 17:55:18');
INSERT INTO `sys_logininfor` VALUES (1907008897073733634, 'admin', '0:0:0:0:0:0:0:1', '内网IP', 'MSEdge', 'Windows 10 or Windows Server 2016', '1', '登录成功', '2025-04-01 17:55:26');
INSERT INTO `sys_logininfor` VALUES (1907010391101595649, 'admin', '0:0:0:0:0:0:0:1', '内网IP', 'MSEdge', 'Windows 10 or Windows Server 2016', '1', '登录成功', '2025-04-01 18:01:22');
INSERT INTO `sys_logininfor` VALUES (1907011371146862594, 'admin', '0:0:0:0:0:0:0:1', '内网IP', 'MSEdge', 'Windows 10 or Windows Server 2016', '0', '验证码已失效', '2025-04-01 18:05:16');
INSERT INTO `sys_logininfor` VALUES (1907011460426817538, 'admin', '0:0:0:0:0:0:0:1', '内网IP', 'MSEdge', 'Windows 10 or Windows Server 2016', '0', '验证码错误', '2025-04-01 18:05:37');
INSERT INTO `sys_logininfor` VALUES (1907011493024948225, 'admin', '0:0:0:0:0:0:0:1', '内网IP', 'MSEdge', 'Windows 10 or Windows Server 2016', '1', '登录成功', '2025-04-01 18:05:45');
INSERT INTO `sys_logininfor` VALUES (1907011561903808513, 'admin', '0:0:0:0:0:0:0:1', '内网IP', 'MSEdge', 'Windows 10 or Windows Server 2016', '0', '验证码错误', '2025-04-01 18:06:02');
INSERT INTO `sys_logininfor` VALUES (1907013387898249218, 'admin', '0:0:0:0:0:0:0:1', '内网IP', 'MSEdge', 'Windows 10 or Windows Server 2016', '1', '登录成功', '2025-04-01 18:13:17');
INSERT INTO `sys_logininfor` VALUES (1907013678542544897, 'admin', '0:0:0:0:0:0:0:1', '内网IP', 'MSEdge', 'Windows 10 or Windows Server 2016', '1', '登录成功', '2025-04-01 18:14:26');
INSERT INTO `sys_logininfor` VALUES (1907015361754488834, 'admin', '0:0:0:0:0:0:0:1', '内网IP', 'MSEdge', 'Windows 10 or Windows Server 2016', '1', '登录成功', '2025-04-01 18:21:08');
INSERT INTO `sys_logininfor` VALUES (1907015488317612034, 'admin', '0:0:0:0:0:0:0:1', '内网IP', 'MSEdge', 'Windows 10 or Windows Server 2016', '1', '登录成功', '2025-04-01 18:21:38');
INSERT INTO `sys_logininfor` VALUES (1907015883907588098, 'admin', '0:0:0:0:0:0:0:1', '内网IP', 'MSEdge', 'Windows 10 or Windows Server 2016', '1', '登录成功', '2025-04-01 18:23:12');
INSERT INTO `sys_logininfor` VALUES (1907119558554509314, 'admin', '0:0:0:0:0:0:0:1', '内网IP', 'MSEdge', 'Windows 10 or Windows Server 2016', '1', '登录成功', '2025-04-02 01:15:10');
INSERT INTO `sys_logininfor` VALUES (1907120255714942977, 'admin', '0:0:0:0:0:0:0:1', '内网IP', 'MSEdge', 'Windows 10 or Windows Server 2016', '1', '登录成功', '2025-04-02 01:17:56');
INSERT INTO `sys_logininfor` VALUES (1907121040083345409, 'admin', '0:0:0:0:0:0:0:1', '内网IP', 'MSEdge', 'Windows 10 or Windows Server 2016', '1', '登录成功', '2025-04-02 01:21:03');
INSERT INTO `sys_logininfor` VALUES (1907122280502616065, 'admin', '0:0:0:0:0:0:0:1', '内网IP', 'MSEdge', 'Windows 10 or Windows Server 2016', '1', '登录成功', '2025-04-02 01:25:59');
INSERT INTO `sys_logininfor` VALUES (1907122329047490561, 'admin', '0:0:0:0:0:0:0:1', '内网IP', 'MSEdge', 'Windows 10 or Windows Server 2016', '0', '验证码已失效', '2025-04-02 01:26:11');
INSERT INTO `sys_logininfor` VALUES (1907122377353289729, 'admin', '0:0:0:0:0:0:0:1', '内网IP', 'MSEdge', 'Windows 10 or Windows Server 2016', '1', '登录成功', '2025-04-02 01:26:22');
INSERT INTO `sys_logininfor` VALUES (1907122458139779073, 'admin', '0:0:0:0:0:0:0:1', '内网IP', 'MSEdge', 'Windows 10 or Windows Server 2016', '1', '登录成功', '2025-04-02 01:26:41');
INSERT INTO `sys_logininfor` VALUES (1907123622541484034, 'admin', '0:0:0:0:0:0:0:1', '内网IP', 'MSEdge', 'Windows 10 or Windows Server 2016', '1', '登录成功', '2025-04-02 01:31:19');
INSERT INTO `sys_logininfor` VALUES (1907124963661799426, 'admin', '0:0:0:0:0:0:0:1', '内网IP', 'MSEdge', 'Windows 10 or Windows Server 2016', '1', '登录成功', '2025-04-02 01:36:39');
INSERT INTO `sys_logininfor` VALUES (1907126382880055298, 'admin', '0:0:0:0:0:0:0:1', '内网IP', 'MSEdge', 'Windows 10 or Windows Server 2016', '1', '登录成功', '2025-04-02 01:42:17');
INSERT INTO `sys_logininfor` VALUES (1907424599702183937, 'admin', '0:0:0:0:0:0:0:1', '内网IP', 'MSEdge', 'Windows 10 or Windows Server 2016', '1', '登录成功', '2025-04-02 21:27:17');
INSERT INTO `sys_logininfor` VALUES (1907436487609622529, 'admin', '0:0:0:0:0:0:0:1', '内网IP', 'MSEdge', 'Windows 10 or Windows Server 2016', '0', '验证码已失效', '2025-04-02 22:14:32');
INSERT INTO `sys_logininfor` VALUES (1907436534187368449, 'admin', '0:0:0:0:0:0:0:1', '内网IP', 'MSEdge', 'Windows 10 or Windows Server 2016', '0', '验证码错误', '2025-04-02 22:14:43');
INSERT INTO `sys_logininfor` VALUES (1907436582186983425, 'admin', '0:0:0:0:0:0:0:1', '内网IP', 'MSEdge', 'Windows 10 or Windows Server 2016', '1', '登录成功', '2025-04-02 22:14:54');
INSERT INTO `sys_logininfor` VALUES (1907496703978041345, 'admin', '0:0:0:0:0:0:0:1', '内网IP', 'MSEdge', 'Windows 10 or Windows Server 2016', '1', '登录成功', '2025-04-03 02:13:48');
INSERT INTO `sys_logininfor` VALUES (1907496736089632769, 'admin', '0:0:0:0:0:0:0:1', '内网IP', 'MSEdge', 'Windows 10 or Windows Server 2016', '1', '登录成功', '2025-04-03 02:13:56');
INSERT INTO `sys_logininfor` VALUES (1907497750058430465, 'admin', '0:0:0:0:0:0:0:1', '内网IP', 'MSEdge', 'Windows 10 or Windows Server 2016', '1', '登录成功', '2025-04-03 02:17:58');
INSERT INTO `sys_logininfor` VALUES (1907771726504624130, 'admin', '0:0:0:0:0:0:0:1', '内网IP', 'MSEdge', 'Windows 10 or Windows Server 2016', '1', '登录成功', '2025-04-03 20:26:39');
INSERT INTO `sys_logininfor` VALUES (1907816401538088962, 'admin', '0:0:0:0:0:0:0:1', '内网IP', 'Chrome', 'Windows 10 or Windows Server 2016', '1', '登录成功', '2025-04-03 23:24:10');
INSERT INTO `sys_logininfor` VALUES (1907849974378819585, 'admin', '0:0:0:0:0:0:0:1', '内网IP', 'Chrome', 'Windows 10 or Windows Server 2016', '0', '验证码错误', '2025-04-04 01:37:35');
INSERT INTO `sys_logininfor` VALUES (1907850011167059969, 'admin', '0:0:0:0:0:0:0:1', '内网IP', 'Chrome', 'Windows 10 or Windows Server 2016', '1', '登录成功', '2025-04-04 01:37:44');
INSERT INTO `sys_logininfor` VALUES (1907851777145204737, 'admin', '0:0:0:0:0:0:0:1', '内网IP', 'Chrome', 'Windows 10 or Windows Server 2016', '1', '登录成功', '2025-04-04 01:44:45');
INSERT INTO `sys_logininfor` VALUES (1907855246476341250, 'admin', '0:0:0:0:0:0:0:1', '内网IP', 'Chrome', 'Windows 10 or Windows Server 2016', '1', '登录成功', '2025-04-04 01:58:32');
INSERT INTO `sys_logininfor` VALUES (1908076476227817474, 'admin', '0:0:0:0:0:0:0:1', '内网IP', 'Chrome', 'Windows 10 or Windows Server 2016', '1', '登录成功', '2025-04-04 16:37:37');
INSERT INTO `sys_logininfor` VALUES (1908772962766872578, 'admin', '0:0:0:0:0:0:0:1', '内网IP', 'MSEdge', 'Windows 10 or Windows Server 2016', '1', '登录成功', '2025-04-06 14:45:12');
INSERT INTO `sys_logininfor` VALUES (1908824303581171714, 'admin', '0:0:0:0:0:0:0:1', '内网IP', 'Chrome', 'Windows 10 or Windows Server 2016', '1', '登录成功', '2025-04-06 18:09:13');
INSERT INTO `sys_logininfor` VALUES (1909057908169433090, 'admin', '0:0:0:0:0:0:0:1', '内网IP', 'MSEdge', 'Windows 10 or Windows Server 2016', '0', '验证码错误', '2025-04-07 09:37:29');
INSERT INTO `sys_logininfor` VALUES (1909057935889588226, 'admin', '0:0:0:0:0:0:0:1', '内网IP', 'MSEdge', 'Windows 10 or Windows Server 2016', '1', '登录成功', '2025-04-07 09:37:35');
INSERT INTO `sys_logininfor` VALUES (1909067047096475650, 'admin', '0:0:0:0:0:0:0:1', '内网IP', 'Chrome', 'Windows 10 or Windows Server 2016', '1', '登录成功', '2025-04-07 10:13:47');
INSERT INTO `sys_logininfor` VALUES (1909251284886016001, 'admin', '0:0:0:0:0:0:0:1', '内网IP', 'Chrome', 'Windows 10 or Windows Server 2016', '1', '登录成功', '2025-04-07 22:25:53');
INSERT INTO `sys_logininfor` VALUES (1909268412318011393, 'admin', '0:0:0:0:0:0:0:1', '内网IP', 'MSEdge', 'Windows 10 or Windows Server 2016', '1', '登录成功', '2025-04-07 23:33:57');
INSERT INTO `sys_logininfor` VALUES (1909419875572834305, 'admin', '0:0:0:0:0:0:0:1', '内网IP', 'MSEdge', 'Windows 10 or Windows Server 2016', '1', '登录成功', '2025-04-08 09:35:48');
INSERT INTO `sys_logininfor` VALUES (1909433651990814722, 'admin', '0:0:0:0:0:0:0:1', '内网IP', 'Chrome', 'Windows 10 or Windows Server 2016', '0', '验证码已失效', '2025-04-08 10:30:33');
INSERT INTO `sys_logininfor` VALUES (1909433699369672705, 'admin', '0:0:0:0:0:0:0:1', '内网IP', 'Chrome', 'Windows 10 or Windows Server 2016', '1', '登录成功', '2025-04-08 10:30:44');
INSERT INTO `sys_logininfor` VALUES (1909614105733828610, 'admin', '0:0:0:0:0:0:0:1', '内网IP', 'Chrome', 'Windows 10 or Windows Server 2016', '0', '验证码错误', '2025-04-08 22:27:36');
INSERT INTO `sys_logininfor` VALUES (1909614127804256258, 'admin', '0:0:0:0:0:0:0:1', '内网IP', 'Chrome', 'Windows 10 or Windows Server 2016', '1', '登录成功', '2025-04-08 22:27:42');
INSERT INTO `sys_logininfor` VALUES (1909639870466691074, 'admin', '0:0:0:0:0:0:0:1', '内网IP', 'MSEdge', 'Windows 10 or Windows Server 2016', '0', '验证码错误', '2025-04-09 00:09:59');
INSERT INTO `sys_logininfor` VALUES (1909639890129588226, 'admin', '0:0:0:0:0:0:0:1', '内网IP', 'MSEdge', 'Windows 10 or Windows Server 2016', '1', '登录成功', '2025-04-09 00:10:04');
INSERT INTO `sys_logininfor` VALUES (1909806235135729666, 'admin', '0:0:0:0:0:0:0:1', '内网IP', 'Chrome', 'Windows 10 or Windows Server 2016', '0', '验证码已失效', '2025-04-09 11:11:04');
INSERT INTO `sys_logininfor` VALUES (1909806261396267010, 'admin', '0:0:0:0:0:0:0:1', '内网IP', 'Chrome', 'Windows 10 or Windows Server 2016', '1', '登录成功', '2025-04-09 11:11:10');
INSERT INTO `sys_logininfor` VALUES (1909858153409241089, 'admin', '0:0:0:0:0:0:0:1', '内网IP', 'MSEdge', 'Windows 10 or Windows Server 2016', '1', '登录成功', '2025-04-09 14:37:22');
INSERT INTO `sys_logininfor` VALUES (1909985823904137218, 'admin', '0:0:0:0:0:0:0:1', '内网IP', 'MSEdge', 'Windows 10 or Windows Server 2016', '1', '登录成功', '2025-04-09 23:04:41');
INSERT INTO `sys_logininfor` VALUES (1909993571635068929, 'admin', '0:0:0:0:0:0:0:1', '内网IP', 'Chrome', 'Windows 10 or Windows Server 2016', '0', '验证码已失效', '2025-04-09 23:35:28');
INSERT INTO `sys_logininfor` VALUES (1909993586617122817, 'admin', '0:0:0:0:0:0:0:1', '内网IP', 'Chrome', 'Windows 10 or Windows Server 2016', '1', '登录成功', '2025-04-09 23:35:32');
INSERT INTO `sys_logininfor` VALUES (1910157844072087553, 'admin', '0:0:0:0:0:0:0:1', '内网IP', 'MSEdge', 'Windows 10 or Windows Server 2016', '1', '登录成功', '2025-04-10 10:28:14');
INSERT INTO `sys_logininfor` VALUES (1910174261857206273, 'admin', '0:0:0:0:0:0:0:1', '内网IP', 'Chrome', 'Windows 10 or Windows Server 2016', '1', '登录成功', '2025-04-10 11:33:28');
INSERT INTO `sys_logininfor` VALUES (1910530727129124866, 'admin', '0:0:0:0:0:0:0:1', '内网IP', 'Lenovo', 'Windows 10 or Windows Server 2016', '0', '验证码已失效', '2025-04-11 11:09:56');
INSERT INTO `sys_logininfor` VALUES (1910530756787048449, 'admin', '0:0:0:0:0:0:0:1', '内网IP', 'Lenovo', 'Windows 10 or Windows Server 2016', '1', '登录成功', '2025-04-11 11:10:03');
INSERT INTO `sys_logininfor` VALUES (1910590298468179969, 'admin', '0:0:0:0:0:0:0:1', '内网IP', 'Lenovo', 'Windows 10 or Windows Server 2016', '1', '登录成功', '2025-04-11 15:06:39');
INSERT INTO `sys_logininfor` VALUES (1910603332313997313, 'admin', '0:0:0:0:0:0:0:1', '内网IP', 'Lenovo', 'Windows 10 or Windows Server 2016', '1', '登录成功', '2025-04-11 15:58:26');
INSERT INTO `sys_logininfor` VALUES (1911052743154393089, 'admin', '0:0:0:0:0:0:0:1', '内网IP', 'Lenovo', 'Windows 10 or Windows Server 2016', '1', '登录成功', '2025-04-12 21:44:14');
INSERT INTO `sys_logininfor` VALUES (1911066627374374914, 'admin', '0:0:0:0:0:0:0:1', '内网IP', 'Lenovo', 'Windows 10 or Windows Server 2016', '0', '验证码已失效', '2025-04-12 22:39:25');
INSERT INTO `sys_logininfor` VALUES (1911066677508890625, 'admin', '0:0:0:0:0:0:0:1', '内网IP', 'Lenovo', 'Windows 10 or Windows Server 2016', '1', '登录成功', '2025-04-12 22:39:36');
INSERT INTO `sys_logininfor` VALUES (1911364753415581698, 'admin', '0:0:0:0:0:0:0:1', '内网IP', 'Chrome', 'Windows 10 or Windows Server 2016', '1', '登录成功', '2025-04-13 18:24:03');
INSERT INTO `sys_logininfor` VALUES (1911403537879793666, 'admin', '0:0:0:0:0:0:0:1', '内网IP', 'Lenovo', 'Windows 10 or Windows Server 2016', '1', '登录成功', '2025-04-13 20:58:10');
INSERT INTO `sys_logininfor` VALUES (1911403555462316033, 'admin', '0:0:0:0:0:0:0:1', '内网IP', 'Lenovo', 'Windows 10 or Windows Server 2016', '1', '登录成功', '2025-04-13 20:58:14');
INSERT INTO `sys_logininfor` VALUES (1911757528954306561, 'admin', '0:0:0:0:0:0:0:1', '内网IP', 'Lenovo', 'Windows 10 or Windows Server 2016', '0', '验证码已失效', '2025-04-14 20:24:48');
INSERT INTO `sys_logininfor` VALUES (1911757547618959362, 'admin', '0:0:0:0:0:0:0:1', '内网IP', 'Lenovo', 'Windows 10 or Windows Server 2016', '1', '登录成功', '2025-04-14 20:24:53');
INSERT INTO `sys_logininfor` VALUES (1911766522888454145, 'admin', '0:0:0:0:0:0:0:1', '内网IP', 'Lenovo', 'Windows 10 or Windows Server 2016', '0', '验证码已失效', '2025-04-14 21:00:33');
INSERT INTO `sys_logininfor` VALUES (1911766537287499777, 'admin', '0:0:0:0:0:0:0:1', '内网IP', 'Lenovo', 'Windows 10 or Windows Server 2016', '1', '登录成功', '2025-04-14 21:00:36');
INSERT INTO `sys_logininfor` VALUES (1912111979342970881, 'admin', '0:0:0:0:0:0:0:1', '内网IP', 'Lenovo', 'Windows 10 or Windows Server 2016', '1', '登录成功', '2025-04-15 19:53:16');
INSERT INTO `sys_logininfor` VALUES (1912152632013733890, 'admin', '0:0:0:0:0:0:0:1', '内网IP', 'Lenovo', 'Windows 10 or Windows Server 2016', '0', '验证码错误', '2025-04-15 22:34:48');
INSERT INTO `sys_logininfor` VALUES (1912152646362447873, 'admin', '0:0:0:0:0:0:0:1', '内网IP', 'Lenovo', 'Windows 10 or Windows Server 2016', '1', '登录成功', '2025-04-15 22:34:52');
INSERT INTO `sys_logininfor` VALUES (1912155160063361025, 'admin', '0:0:0:0:0:0:0:1', '内网IP', 'Lenovo', 'Windows 10 or Windows Server 2016', '1', '登录成功', '2025-04-15 22:44:51');
INSERT INTO `sys_logininfor` VALUES (1912394449317601281, 'admin', '0:0:0:0:0:0:0:1', '内网IP', 'Lenovo', 'Windows 10 or Windows Server 2016', '1', '登录成功', '2025-04-16 14:35:42');
INSERT INTO `sys_logininfor` VALUES (1912430869293899778, '123', '0:0:0:0:0:0:0:1', '内网IP', 'Lenovo', 'Windows 10 or Windows Server 2016', '1', '登录成功', '2025-04-16 17:00:25');
INSERT INTO `sys_logininfor` VALUES (1912431929366487042, 'admin', '0:0:0:0:0:0:0:1', '内网IP', 'Lenovo', 'Windows 10 or Windows Server 2016', '1', '登录成功', '2025-04-16 17:04:38');
INSERT INTO `sys_logininfor` VALUES (1912864235646394370, 'admin', '0:0:0:0:0:0:0:1', '内网IP', 'Lenovo', 'Windows 10 or Windows Server 2016', '1', '登录成功', '2025-04-17 21:42:28');
INSERT INTO `sys_logininfor` VALUES (1912864530745040898, 'admin', '0:0:0:0:0:0:0:1', '内网IP', 'Lenovo', 'Windows 10 or Windows Server 2016', '1', '登录成功', '2025-04-17 21:43:38');
INSERT INTO `sys_logininfor` VALUES (1913127151247331329, 'admin', '0:0:0:0:0:0:0:1', '内网IP', 'Lenovo', 'Windows 10 or Windows Server 2016', '1', '登录成功', '2025-04-18 15:07:12');
INSERT INTO `sys_logininfor` VALUES (1913127660058349570, 'admin', '0:0:0:0:0:0:0:1', '内网IP', 'Lenovo', 'Windows 10 or Windows Server 2016', '0', '验证码错误', '2025-04-18 15:09:13');
INSERT INTO `sys_logininfor` VALUES (1913127669596196865, 'admin', '0:0:0:0:0:0:0:1', '内网IP', 'Lenovo', 'Windows 10 or Windows Server 2016', '1', '登录成功', '2025-04-18 15:09:15');
INSERT INTO `sys_logininfor` VALUES (1913129585285828609, 'admin', '0:0:0:0:0:0:0:1', '内网IP', 'Lenovo', 'Windows 10 or Windows Server 2016', '0', '验证码已失效', '2025-04-18 15:16:52');
INSERT INTO `sys_logininfor` VALUES (1913129595536707585, 'admin', '0:0:0:0:0:0:0:1', '内网IP', 'Lenovo', 'Windows 10 or Windows Server 2016', '1', '登录成功', '2025-04-18 15:16:54');
INSERT INTO `sys_logininfor` VALUES (1929753040331640834, 'admin', '0:0:0:0:0:0:0:1', '内网IP', 'Chrome', 'Windows 10 or Windows Server 2016', '1', '登录成功', '2025-06-03 12:12:33');
INSERT INTO `sys_logininfor` VALUES (1931969823422001153, 'admin', '0:0:0:0:0:0:0:1', '内网IP', 'Chrome', 'Windows 10 or Windows Server 2016', '1', '登录成功', '2025-06-09 15:01:15');
INSERT INTO `sys_logininfor` VALUES (1931977162321539074, 'admin', '0:0:0:0:0:0:0:1', '内网IP', 'Chrome', 'Windows 10 or Windows Server 2016', '1', '登录成功', '2025-06-09 15:30:25');
INSERT INTO `sys_logininfor` VALUES (1932260482238353409, 'admin', '0:0:0:0:0:0:0:1', '内网IP', 'Chrome', 'Windows 10 or Windows Server 2016', '0', '验证码错误', '2025-06-10 10:16:13');
INSERT INTO `sys_logininfor` VALUES (1932260537619943426, 'admin', '0:0:0:0:0:0:0:1', '内网IP', 'Chrome', 'Windows 10 or Windows Server 2016', '1', '登录成功', '2025-06-10 10:16:27');
INSERT INTO `sys_logininfor` VALUES (1932628491624726529, 'admin', '0:0:0:0:0:0:0:1', '内网IP', 'Chrome', 'Windows 10 or Windows Server 2016', '1', '登录成功', '2025-06-11 10:38:34');
INSERT INTO `sys_logininfor` VALUES (1932979109799313409, 'admin', '0:0:0:0:0:0:0:1', '内网IP', 'Chrome', 'Windows 10 or Windows Server 2016', '1', '登录成功', '2025-06-12 09:51:47');
INSERT INTO `sys_logininfor` VALUES (1933002862713290754, 'admin', '0:0:0:0:0:0:0:1', '内网IP', 'Chrome', 'Windows 10 or Windows Server 2016', '1', '登录成功', '2025-06-12 11:26:11');
INSERT INTO `sys_logininfor` VALUES (1946598980766769154, 'admin', '0:0:0:0:0:0:0:1', '内网IP', 'Chrome', 'Windows 10 or Windows Server 2016', '1', '登录成功', '2025-07-19 23:52:18');
INSERT INTO `sys_logininfor` VALUES (1965343014822846465, 'admin', '0:0:0:0:0:0:0:1', '内网IP', 'Chrome', 'Windows 10 or Windows Server 2016', '1', '登录成功', '2025-09-09 17:14:24');
INSERT INTO `sys_logininfor` VALUES (1973265787782955009, 'admin', '0:0:0:0:0:0:0:1', '内网IP', 'MSEdge', 'Windows 10 or Windows Server 2016', '1', '登录成功', '2025-10-01 13:56:40');
INSERT INTO `sys_logininfor` VALUES (1973269790654795778, 'admin', '0:0:0:0:0:0:0:1', '内网IP', 'MSEdge', 'Windows 10 or Windows Server 2016', '1', '登录成功', '2025-10-01 14:12:34');
INSERT INTO `sys_logininfor` VALUES (1973270715943424002, 'admin', '0:0:0:0:0:0:0:1', '内网IP', 'MSEdge', 'Windows 10 or Windows Server 2016', '1', '登录成功', '2025-10-01 14:16:15');
INSERT INTO `sys_logininfor` VALUES (1973283668851769345, 'admin', '0:0:0:0:0:0:0:1', '内网IP', 'MSEdge', 'Windows 10 or Windows Server 2016', '1', '登录成功', '2025-10-01 15:07:43');
INSERT INTO `sys_logininfor` VALUES (1973351550998638594, 'admin', '0:0:0:0:0:0:0:1', '内网IP', 'MSEdge', 'Windows 10 or Windows Server 2016', '1', '登录成功', '2025-10-01 19:37:28');
INSERT INTO `sys_logininfor` VALUES (1973613997940580353, 'admin', '0:0:0:0:0:0:0:1', '内网IP', 'MSEdge', 'Windows 10 or Windows Server 2016', '1', '登录成功', '2025-10-02 13:00:20');
INSERT INTO `sys_logininfor` VALUES (1973656716801024002, 'admin', '0:0:0:0:0:0:0:1', '内网IP', 'MSEdge', 'Windows 10 or Windows Server 2016', '1', '登录成功', '2025-10-02 15:50:05');
INSERT INTO `sys_logininfor` VALUES (1973675414597152770, 'kucun', '0:0:0:0:0:0:0:1', '内网IP', 'MSEdge', 'Windows 10 or Windows Server 2016', '0', '密码输入错误1次', '2025-10-02 17:04:23');
INSERT INTO `sys_logininfor` VALUES (1973675425414262786, 'kucun', '0:0:0:0:0:0:0:1', '内网IP', 'MSEdge', 'Windows 10 or Windows Server 2016', '0', '验证码错误', '2025-10-02 17:04:25');
INSERT INTO `sys_logininfor` VALUES (1973675996435197953, 'admin', '0:0:0:0:0:0:0:1', '内网IP', 'MSEdge', 'Windows 10 or Windows Server 2016', '1', '登录成功', '2025-10-02 17:06:41');
INSERT INTO `sys_logininfor` VALUES (1973676108867710978, 'admin', '0:0:0:0:0:0:0:1', '内网IP', 'MSEdge', 'Windows 10 or Windows Server 2016', '1', '登录成功', '2025-10-02 17:07:08');
INSERT INTO `sys_logininfor` VALUES (1973676450514743297, 'admin', '0:0:0:0:0:0:0:1', '内网IP', 'MSEdge', 'Windows 10 or Windows Server 2016', '1', '登录成功', '2025-10-02 17:08:30');
INSERT INTO `sys_logininfor` VALUES (1973680032572092417, 'admin', '0:0:0:0:0:0:0:1', '内网IP', 'MSEdge', 'Windows 10 or Windows Server 2016', '0', '验证码错误', '2025-10-02 17:22:44');
INSERT INTO `sys_logininfor` VALUES (1973680042634227714, 'admin', '0:0:0:0:0:0:0:1', '内网IP', 'MSEdge', 'Windows 10 or Windows Server 2016', '0', '密码输入错误1次', '2025-10-02 17:22:46');
INSERT INTO `sys_logininfor` VALUES (1973680077274984449, 'admin', '0:0:0:0:0:0:0:1', '内网IP', 'MSEdge', 'Windows 10 or Windows Server 2016', '1', '登录成功', '2025-10-02 17:22:54');
INSERT INTO `sys_logininfor` VALUES (1973680175501389826, 'admin', '0:0:0:0:0:0:0:1', '内网IP', 'MSEdge', 'Windows 10 or Windows Server 2016', '1', '登录成功', '2025-10-02 17:23:18');
INSERT INTO `sys_logininfor` VALUES (1973681320156311554, 'admin', '0:0:0:0:0:0:0:1', '内网IP', 'MSEdge', 'Windows 10 or Windows Server 2016', '1', '登录成功', '2025-10-02 17:27:51');
INSERT INTO `sys_logininfor` VALUES (1973706864541413377, 'admin', '0:0:0:0:0:0:0:1', '内网IP', 'MSEdge', 'Windows 10 or Windows Server 2016', '1', '登录成功', '2025-10-02 19:09:21');
INSERT INTO `sys_logininfor` VALUES (1976147148038766593, 'admin', '0:0:0:0:0:0:0:1', '内网IP', 'MSEdge', 'Windows 10 or Windows Server 2016', '1', '登录成功', '2025-10-09 12:46:10');
INSERT INTO `sys_logininfor` VALUES (1977646646967750657, 'admin', '0:0:0:0:0:0:0:1', '内网IP', 'MSEdge', 'Windows 10 or Windows Server 2016', '1', '登录成功', '2025-10-13 16:04:38');
INSERT INTO `sys_logininfor` VALUES (1977725456895451137, 'kucun', '0:0:0:0:0:0:0:1', '内网IP', 'MSEdge', 'Windows 10 or Windows Server 2016', '0', '密码输入错误1次', '2025-10-13 21:17:48');
INSERT INTO `sys_logininfor` VALUES (1977725540865417218, '123', '0:0:0:0:0:0:0:1', '内网IP', 'MSEdge', 'Windows 10 or Windows Server 2016', '0', '验证码错误', '2025-10-13 21:18:08');
INSERT INTO `sys_logininfor` VALUES (1977725543721738242, '123', '0:0:0:0:0:0:0:1', '内网IP', 'MSEdge', 'Windows 10 or Windows Server 2016', '0', '验证码错误', '2025-10-13 21:18:09');
INSERT INTO `sys_logininfor` VALUES (1977890507275149314, 'admin', '0:0:0:0:0:0:0:1', '内网IP', 'MSEdge', 'Windows 10 or Windows Server 2016', '1', '登录成功', '2025-10-14 08:13:39');
INSERT INTO `sys_logininfor` VALUES (1977893962626670593, 'admin', '0:0:0:0:0:0:0:1', '内网IP', 'MSEdge', 'Windows 10 or Windows Server 2016', '1', '登录成功', '2025-10-14 08:27:23');
INSERT INTO `sys_logininfor` VALUES (1979816138825121794, 'admin', '0:0:0:0:0:0:0:1', '内网IP', 'MSEdge', 'Windows 10 or Windows Server 2016', '1', '登录成功', '2025-10-19 15:45:25');
INSERT INTO `sys_logininfor` VALUES (1979881564808441857, 'admin', '0:0:0:0:0:0:0:1', '内网IP', 'MSEdge', 'Windows 10 or Windows Server 2016', '1', '登录成功', '2025-10-19 20:05:24');
INSERT INTO `sys_logininfor` VALUES (1980267293065662465, 'admin', '0:0:0:0:0:0:0:1', '内网IP', 'MSEdge', 'Windows 10 or Windows Server 2016', '1', '登录成功', '2025-10-20 21:38:09');
INSERT INTO `sys_logininfor` VALUES (1992460113000112129, 'admin', '0:0:0:0:0:0:0:1', '内网IP', 'MSEdge', 'Windows 10 or Windows Server 2016', '1', '登录成功', '2025-11-23 13:08:04');
INSERT INTO `sys_logininfor` VALUES (1992464010238341121, 'admin', '0:0:0:0:0:0:0:1', '内网IP', 'MSEdge', 'Windows 10 or Windows Server 2016', '0', '验证码已失效', '2025-11-23 13:23:33');
INSERT INTO `sys_logininfor` VALUES (1992464029494390785, 'admin', '0:0:0:0:0:0:0:1', '内网IP', 'MSEdge', 'Windows 10 or Windows Server 2016', '1', '登录成功', '2025-11-23 13:23:37');
INSERT INTO `sys_logininfor` VALUES (1995077097302884353, 'admin', '0:0:0:0:0:0:0:1', '内网IP', 'MSEdge', 'Windows 10 or Windows Server 2016', '1', '登录成功', '2025-11-30 18:27:01');
INSERT INTO `sys_logininfor` VALUES (1995400336172445697, 'admin', '0:0:0:0:0:0:0:1', '内网IP', 'MSEdge', 'Windows 10 or Windows Server 2016', '1', '登录成功', '2025-12-01 15:51:28');
INSERT INTO `sys_logininfor` VALUES (1995651871910088706, 'admin', '0:0:0:0:0:0:0:1', '内网IP', 'MSEdge', 'Windows 10 or Windows Server 2016', '1', '登录成功', '2025-12-02 08:30:58');
INSERT INTO `sys_logininfor` VALUES (1995659189196410882, 'admin', '0:0:0:0:0:0:0:1', '内网IP', 'MSEdge', 'Windows 10 or Windows Server 2016', '1', '登录成功', '2025-12-02 09:00:03');
INSERT INTO `sys_logininfor` VALUES (1995673467810947074, 'admin', '0:0:0:0:0:0:0:1', '内网IP', 'MSEdge', 'Windows 10 or Windows Server 2016', '1', '登录成功', '2025-12-02 09:56:47');
INSERT INTO `sys_logininfor` VALUES (1995673772510355458, 'admin', '0:0:0:0:0:0:0:1', '内网IP', 'MSEdge', 'Windows 10 or Windows Server 2016', '1', '登录成功', '2025-12-02 09:58:00');
INSERT INTO `sys_logininfor` VALUES (1995674405917294593, 'admin', '0:0:0:0:0:0:0:1', '内网IP', 'MSEdge', 'Windows 10 or Windows Server 2016', '1', '登录成功', '2025-12-02 10:00:31');
INSERT INTO `sys_logininfor` VALUES (1995674840371806209, 'admin', '0:0:0:0:0:0:0:1', '内网IP', 'MSEdge', 'Windows 10 or Windows Server 2016', '1', '登录成功', '2025-12-02 10:02:14');
INSERT INTO `sys_logininfor` VALUES (1995684617344741377, 'admin', '0:0:0:0:0:0:0:1', '内网IP', 'MSEdge', 'Windows 10 or Windows Server 2016', '0', '验证码已失效', '2025-12-02 10:41:05');
INSERT INTO `sys_logininfor` VALUES (1995684640648294402, 'admin', '0:0:0:0:0:0:0:1', '内网IP', 'MSEdge', 'Windows 10 or Windows Server 2016', '0', '验证码错误', '2025-12-02 10:41:11');
INSERT INTO `sys_logininfor` VALUES (1995684651666731009, 'admin', '0:0:0:0:0:0:0:1', '内网IP', 'MSEdge', 'Windows 10 or Windows Server 2016', '1', '登录成功', '2025-12-02 10:41:14');
INSERT INTO `sys_logininfor` VALUES (1995691435919929346, 'admin', '0:0:0:0:0:0:0:1', '内网IP', 'MSEdge', 'Windows 10 or Windows Server 2016', '1', '登录成功', '2025-12-02 11:08:11');
INSERT INTO `sys_logininfor` VALUES (1997592340990660610, 'admin', '0:0:0:0:0:0:0:1', '内网IP', 'MSEdge', 'Windows 10 or Windows Server 2016', '1', '登录成功', '2025-12-07 17:01:42');
INSERT INTO `sys_logininfor` VALUES (1998209262589562881, 'admin', '0:0:0:0:0:0:0:1', '内网IP', 'MSEdge', 'Windows 10 or Windows Server 2016', '1', '登录成功', '2025-12-09 09:53:08');
INSERT INTO `sys_logininfor` VALUES (2002641602413805569, 'admin', '0:0:0:0:0:0:0:1', '内网IP', 'MSEdge', 'Windows 10 or Windows Server 2016', '1', '登录成功', '2025-12-21 15:25:40');
INSERT INTO `sys_logininfor` VALUES (2002678884344737793, 'admin', '0:0:0:0:0:0:0:1', '内网IP', 'MSEdge', 'Windows 10 or Windows Server 2016', '1', '登录成功', '2025-12-21 17:53:49');
INSERT INTO `sys_logininfor` VALUES (2002683155593240577, 'admin', '0:0:0:0:0:0:0:1', '内网IP', 'MSEdge', 'Windows 10 or Windows Server 2016', '1', '登录成功', '2025-12-21 18:10:47');
INSERT INTO `sys_logininfor` VALUES (2002984253977747458, 'admin', '0:0:0:0:0:0:0:1', '内网IP', 'MSEdge', 'Windows 10 or Windows Server 2016', '1', '登录成功', '2025-12-22 14:07:14');
INSERT INTO `sys_logininfor` VALUES (2002991757210025985, 'admin', '0:0:0:0:0:0:0:1', '内网IP', 'MSEdge', 'Windows 10 or Windows Server 2016', '1', '登录成功', '2025-12-22 14:37:03');

-- ----------------------------
-- Table structure for sys_menu
-- ----------------------------
DROP TABLE IF EXISTS `sys_menu`;
CREATE TABLE `sys_menu`  (
  `menu_id` bigint NOT NULL,
  `menu_name` varchar(50) CHARACTER SET utf8mb4 COLLATE utf8mb4_0900_ai_ci NULL DEFAULT NULL,
  `parent_id` bigint NULL DEFAULT NULL,
  `order_num` int NULL DEFAULT NULL,
  `path` varchar(200) CHARACTER SET utf8mb4 COLLATE utf8mb4_0900_ai_ci NULL DEFAULT NULL,
  `component` varchar(255) CHARACTER SET utf8mb4 COLLATE utf8mb4_0900_ai_ci NULL DEFAULT NULL,
  `query_param` varchar(255) CHARACTER SET utf8mb4 COLLATE utf8mb4_0900_ai_ci NULL DEFAULT NULL,
  `is_frame` int NULL DEFAULT NULL,
  `is_cache` int NULL DEFAULT NULL,
  `menu_type` char(1) CHARACTER SET utf8mb4 COLLATE utf8mb4_0900_ai_ci NULL DEFAULT NULL,
  `visible` char(1) CHARACTER SET utf8mb4 COLLATE utf8mb4_0900_ai_ci NULL DEFAULT NULL,
  `status` char(1) CHARACTER SET utf8mb4 COLLATE utf8mb4_0900_ai_ci NULL DEFAULT NULL,
  `perms` varchar(100) CHARACTER SET utf8mb4 COLLATE utf8mb4_0900_ai_ci NULL DEFAULT NULL,
  `icon` varchar(100) CHARACTER SET utf8mb4 COLLATE utf8mb4_0900_ai_ci NULL DEFAULT NULL,
  `create_by` varchar(64) CHARACTER SET utf8mb4 COLLATE utf8mb4_0900_ai_ci NULL DEFAULT NULL,
  `create_time` datetime NULL DEFAULT NULL,
  `update_by` varchar(64) CHARACTER SET utf8mb4 COLLATE utf8mb4_0900_ai_ci NULL DEFAULT NULL,
  `update_time` datetime NULL DEFAULT NULL,
  `remark` varchar(500) CHARACTER SET utf8mb4 COLLATE utf8mb4_0900_ai_ci NULL DEFAULT NULL
) ENGINE = InnoDB CHARACTER SET = utf8mb4 COLLATE = utf8mb4_0900_ai_ci ROW_FORMAT = DYNAMIC;

-- ----------------------------
-- Records of sys_menu
-- ----------------------------
INSERT INTO `sys_menu` VALUES (1, '系统管理', 1061, 110, 'system', NULL, '', 0, 0, 'M', '1', '1', '', 'system', 'admin', '2024-06-13 16:06:26', 'admin', '2025-06-10 11:04:44', '系统管理目录');
INSERT INTO `sys_menu` VALUES (2, '系统监控', 0, 120, 'monitor', NULL, '', 0, 0, 'M', '1', '1', '', 'monitor', 'admin', '2024-06-13 16:06:26', 'admin', '2024-08-20 13:45:57', '系统监控目录');
INSERT INTO `sys_menu` VALUES (100, '用户管理', 1, 1, 'user', 'system/user/index', '', 0, 0, 'C', '1', '1', 'system:user:list', 'user', 'admin', '2024-06-13 16:06:26', 'admin', '2025-04-04 17:03:08', '用户管理菜单');
INSERT INTO `sys_menu` VALUES (101, '角色管理', 1, 2, 'role', 'system/role/index', '', 0, 0, 'C', '1', '1', 'system:role:list', 'peoples', 'admin', '2024-06-13 16:06:26', '', NULL, '角色管理菜单');
INSERT INTO `sys_menu` VALUES (102, '菜单管理', 1, 3, 'menu', 'system/menu/index', '', 0, 0, 'C', '1', '1', 'system:menu:list', 'tree-table', 'admin', '2024-06-13 16:06:26', '', NULL, '菜单管理菜单');
INSERT INTO `sys_menu` VALUES (103, '部门管理', 1, 4, 'dept', 'system/dept/index', '', 0, 0, 'C', '1', '1', 'system:dept:list', 'tree', 'admin', '2024-06-13 16:06:26', '', NULL, '部门管理菜单');
INSERT INTO `sys_menu` VALUES (104, '岗位管理', 1, 5, 'post', 'system/post/index', '', 0, 0, 'C', '1', '1', 'system:post:list', 'post', 'admin', '2024-06-13 16:06:26', '', NULL, '岗位管理菜单');
INSERT INTO `sys_menu` VALUES (105, '字典管理', 1, 6, 'dict', 'system/dict/index', '', 0, 0, 'C', '1', '1', 'system:dict:list', 'dict', 'admin', '2024-06-13 16:06:26', '', NULL, '字典管理菜单');
INSERT INTO `sys_menu` VALUES (106, '参数设置', 1, 7, 'config', 'system/config/index', '', 0, 0, 'C', '1', '1', 'system:config:list', 'edit', 'admin', '2024-06-13 16:06:26', '', NULL, '参数设置菜单');
INSERT INTO `sys_menu` VALUES (107, '通知公告', 1, 8, 'notice', 'system/notice/index', '', 0, 0, 'C', '1', '1', 'system:notice:list', 'message', 'admin', '2024-06-13 16:06:26', '', NULL, '通知公告菜单');
INSERT INTO `sys_menu` VALUES (108, '日志管理', 1061, 140, 'log', '', '', 0, 0, 'M', '1', '1', '', 'log', 'admin', '2024-06-13 16:06:27', 'admin', '2025-06-10 11:05:08', '日志管理菜单');
INSERT INTO `sys_menu` VALUES (109, '在线用户', 2, 1, 'online', 'monitor/online/index', '', 0, 0, 'C', '1', '1', 'monitor:online:list', 'online', 'admin', '2024-06-13 16:06:27', '', NULL, '在线用户菜单');
INSERT INTO `sys_menu` VALUES (112, '缓存列表', 2, 6, 'cacheList', 'monitor/cache/list', '', 0, 0, 'C', '1', '1', 'monitor:cache:list', 'redis-list', 'admin', '2024-06-13 16:06:27', '', NULL, '缓存列表菜单');
INSERT INTO `sys_menu` VALUES (113, '缓存监控', 2, 5, 'cache', 'monitor/cache/index', '', 0, 0, 'C', '1', '1', 'monitor:cache:list', 'redis', 'admin', '2024-06-13 16:06:27', '', NULL, '缓存监控菜单');
INSERT INTO `sys_menu` VALUES (115, '代码生成', 0, 130, 'gen', 'tool/gen/index', '', 0, 0, 'C', '0', '1', 'tool:gen:list', 'code', 'admin', '2024-06-13 16:06:27', 'admin', '2025-06-10 11:04:58', '代码生成菜单');
INSERT INTO `sys_menu` VALUES (500, '操作日志', 108, 1, 'operlog', 'monitor/operlog/index', '', 0, 0, 'C', '1', '1', 'monitor:operlog:list', 'form', 'admin', '2024-06-13 16:06:27', '', NULL, '操作日志菜单');
INSERT INTO `sys_menu` VALUES (501, '登录日志', 108, 2, 'logininfor', 'monitor/logininfor/index', '', 0, 0, 'C', '1', '1', 'monitor:logininfor:list', 'logininfor', 'admin', '2024-06-13 16:06:27', '', NULL, '登录日志菜单');
INSERT INTO `sys_menu` VALUES (1001, '用户查询', 100, 1, '', '', '', 0, 0, 'F', '1', '1', 'system:user:query', '#', 'admin', '2024-06-13 16:06:27', '', NULL, '');
INSERT INTO `sys_menu` VALUES (1002, '用户新增', 100, 2, '', '', '', 0, 0, 'F', '1', '1', 'system:user:add', '#', 'admin', '2024-06-13 16:06:27', '', NULL, '');
INSERT INTO `sys_menu` VALUES (1003, '用户修改', 100, 3, '', '', '', 0, 0, 'F', '1', '1', 'system:user:edit', '#', 'admin', '2024-06-13 16:06:27', '', NULL, '');
INSERT INTO `sys_menu` VALUES (1004, '用户删除', 100, 4, '', '', '', 0, 0, 'F', '1', '1', 'system:user:remove', '#', 'admin', '2024-06-13 16:06:27', '', NULL, '');
INSERT INTO `sys_menu` VALUES (1005, '用户导出', 100, 5, '', '', '', 0, 0, 'F', '1', '1', 'system:user:export', '#', 'admin', '2024-06-13 16:06:27', '', NULL, '');
INSERT INTO `sys_menu` VALUES (1006, '用户导入', 100, 6, '', '', '', 0, 0, 'F', '1', '1', 'system:user:import', '#', 'admin', '2024-06-13 16:06:27', '', NULL, '');
INSERT INTO `sys_menu` VALUES (1007, '重置密码', 100, 7, '', '', '', 0, 0, 'F', '1', '1', 'system:user:resetPwd', '#', 'admin', '2024-06-13 16:06:27', '', NULL, '');
INSERT INTO `sys_menu` VALUES (1008, '角色查询', 101, 1, '', '', '', 0, 0, 'F', '1', '1', 'system:role:query', '#', 'admin', '2024-06-13 16:06:27', '', NULL, '');
INSERT INTO `sys_menu` VALUES (1009, '角色新增', 101, 2, '', '', '', 0, 0, 'F', '1', '1', 'system:role:add', '#', 'admin', '2024-06-13 16:06:27', '', NULL, '');
INSERT INTO `sys_menu` VALUES (1010, '角色修改', 101, 3, '', '', '', 0, 0, 'F', '1', '1', 'system:role:edit', '#', 'admin', '2024-06-13 16:06:28', '', NULL, '');
INSERT INTO `sys_menu` VALUES (1011, '角色删除', 101, 4, '', '', '', 0, 0, 'F', '1', '1', 'system:role:remove', '#', 'admin', '2024-06-13 16:06:28', '', NULL, '');
INSERT INTO `sys_menu` VALUES (1012, '角色导出', 101, 5, '', '', '', 0, 0, 'F', '1', '1', 'system:role:export', '#', 'admin', '2024-06-13 16:06:28', '', NULL, '');
INSERT INTO `sys_menu` VALUES (1013, '菜单查询', 102, 1, '', '', '', 0, 0, 'F', '1', '1', 'system:menu:query', '#', 'admin', '2024-06-13 16:06:28', '', NULL, '');
INSERT INTO `sys_menu` VALUES (1014, '菜单新增', 102, 2, '', '', '', 0, 0, 'F', '1', '1', 'system:menu:add', '#', 'admin', '2024-06-13 16:06:28', '', NULL, '');
INSERT INTO `sys_menu` VALUES (1015, '菜单修改', 102, 3, '', '', '', 0, 0, 'F', '1', '1', 'system:menu:edit', '#', 'admin', '2024-06-13 16:06:28', '', NULL, '');
INSERT INTO `sys_menu` VALUES (1016, '菜单删除', 102, 4, '', '', '', 0, 0, 'F', '1', '1', 'system:menu:remove', '#', 'admin', '2024-06-13 16:06:28', '', NULL, '');
INSERT INTO `sys_menu` VALUES (1017, '部门查询', 103, 1, '', '', '', 0, 0, 'F', '1', '1', 'system:dept:query', '#', 'admin', '2024-06-13 16:06:28', '', NULL, '');
INSERT INTO `sys_menu` VALUES (1018, '部门新增', 103, 2, '', '', '', 0, 0, 'F', '1', '1', 'system:dept:add', '#', 'admin', '2024-06-13 16:06:28', '', NULL, '');
INSERT INTO `sys_menu` VALUES (1019, '部门修改', 103, 3, '', '', '', 0, 0, 'F', '1', '1', 'system:dept:edit', '#', 'admin', '2024-06-13 16:06:28', '', NULL, '');
INSERT INTO `sys_menu` VALUES (1020, '部门删除', 103, 4, '', '', '', 0, 0, 'F', '1', '1', 'system:dept:remove', '#', 'admin', '2024-06-13 16:06:28', '', NULL, '');
INSERT INTO `sys_menu` VALUES (1021, '岗位查询', 104, 1, '', '', '', 0, 0, 'F', '1', '1', 'system:post:query', '#', 'admin', '2024-06-13 16:06:28', '', NULL, '');
INSERT INTO `sys_menu` VALUES (1022, '岗位新增', 104, 2, '', '', '', 0, 0, 'F', '1', '1', 'system:post:add', '#', 'admin', '2024-06-13 16:06:28', '', NULL, '');
INSERT INTO `sys_menu` VALUES (1023, '岗位修改', 104, 3, '', '', '', 0, 0, 'F', '1', '1', 'system:post:edit', '#', 'admin', '2024-06-13 16:06:28', '', NULL, '');
INSERT INTO `sys_menu` VALUES (1024, '岗位删除', 104, 4, '', '', '', 0, 0, 'F', '1', '1', 'system:post:remove', '#', 'admin', '2024-06-13 16:06:28', '', NULL, '');
INSERT INTO `sys_menu` VALUES (1025, '岗位导出', 104, 5, '', '', '', 0, 0, 'F', '1', '1', 'system:post:export', '#', 'admin', '2024-06-13 16:06:28', '', NULL, '');
INSERT INTO `sys_menu` VALUES (1026, '字典查询', 105, 1, '#', '', '', 0, 0, 'F', '1', '1', 'system:dict:query', '#', 'admin', '2024-06-13 16:06:28', '', NULL, '');
INSERT INTO `sys_menu` VALUES (1027, '字典新增', 105, 2, '#', '', '', 0, 0, 'F', '1', '1', 'system:dict:add', '#', 'admin', '2024-06-13 16:06:28', '', NULL, '');
INSERT INTO `sys_menu` VALUES (1028, '字典修改', 105, 3, '#', '', '', 0, 0, 'F', '1', '1', 'system:dict:edit', '#', 'admin', '2024-06-13 16:06:28', '', NULL, '');
INSERT INTO `sys_menu` VALUES (1029, '字典删除', 105, 4, '#', '', '', 0, 0, 'F', '1', '1', 'system:dict:remove', '#', 'admin', '2024-06-13 16:06:28', '', NULL, '');
INSERT INTO `sys_menu` VALUES (1030, '字典导出', 105, 5, '#', '', '', 0, 0, 'F', '1', '1', 'system:dict:export', '#', 'admin', '2024-06-13 16:06:29', '', NULL, '');
INSERT INTO `sys_menu` VALUES (1031, '参数查询', 106, 1, '#', '', '', 0, 0, 'F', '1', '1', 'system:config:query', '#', 'admin', '2024-06-13 16:06:29', '', NULL, '');
INSERT INTO `sys_menu` VALUES (1032, '参数新增', 106, 2, '#', '', '', 0, 0, 'F', '1', '1', 'system:config:add', '#', 'admin', '2024-06-13 16:06:29', '', NULL, '');
INSERT INTO `sys_menu` VALUES (1033, '参数修改', 106, 3, '#', '', '', 0, 0, 'F', '1', '1', 'system:config:edit', '#', 'admin', '2024-06-13 16:06:29', '', NULL, '');
INSERT INTO `sys_menu` VALUES (1034, '参数删除', 106, 4, '#', '', '', 0, 0, 'F', '1', '1', 'system:config:remove', '#', 'admin', '2024-06-13 16:06:29', '', NULL, '');
INSERT INTO `sys_menu` VALUES (1035, '参数导出', 106, 5, '#', '', '', 0, 0, 'F', '1', '1', 'system:config:export', '#', 'admin', '2024-06-13 16:06:29', '', NULL, '');
INSERT INTO `sys_menu` VALUES (1036, '公告查询', 107, 1, '#', '', '', 0, 0, 'F', '1', '1', 'system:notice:query', '#', 'admin', '2024-06-13 16:06:29', '', NULL, '');
INSERT INTO `sys_menu` VALUES (1037, '公告新增', 107, 2, '#', '', '', 0, 0, 'F', '1', '1', 'system:notice:add', '#', 'admin', '2024-06-13 16:06:29', '', NULL, '');
INSERT INTO `sys_menu` VALUES (1038, '公告修改', 107, 3, '#', '', '', 0, 0, 'F', '1', '1', 'system:notice:edit', '#', 'admin', '2024-06-13 16:06:29', '', NULL, '');
INSERT INTO `sys_menu` VALUES (1039, '公告删除', 107, 4, '#', '', '', 0, 0, 'F', '1', '1', 'system:notice:remove', '#', 'admin', '2024-06-13 16:06:29', '', NULL, '');
INSERT INTO `sys_menu` VALUES (1040, '操作查询', 500, 1, '#', '', '', 0, 0, 'F', '1', '1', 'monitor:operlog:query', '#', 'admin', '2024-06-13 16:06:29', '', NULL, '');
INSERT INTO `sys_menu` VALUES (1041, '操作删除', 500, 2, '#', '', '', 0, 0, 'F', '1', '1', 'monitor:operlog:remove', '#', 'admin', '2024-06-13 16:06:29', '', NULL, '');
INSERT INTO `sys_menu` VALUES (1042, '日志导出', 500, 4, '#', '', '', 0, 0, 'F', '1', '1', 'monitor:operlog:export', '#', 'admin', '2024-06-13 16:06:29', '', NULL, '');
INSERT INTO `sys_menu` VALUES (1043, '登录查询', 501, 1, '#', '', '', 0, 0, 'F', '1', '1', 'monitor:logininfor:query', '#', 'admin', '2024-06-13 16:06:29', '', NULL, '');
INSERT INTO `sys_menu` VALUES (1044, '登录删除', 501, 2, '#', '', '', 0, 0, 'F', '1', '1', 'monitor:logininfor:remove', '#', 'admin', '2024-06-13 16:06:29', '', NULL, '');
INSERT INTO `sys_menu` VALUES (1045, '日志导出', 501, 3, '#', '', '', 0, 0, 'F', '1', '1', 'monitor:logininfor:export', '#', 'admin', '2024-06-13 16:06:29', '', NULL, '');
INSERT INTO `sys_menu` VALUES (1046, '在线查询', 109, 1, '#', '', '', 0, 0, 'F', '1', '1', 'monitor:online:query', '#', 'admin', '2024-06-13 16:06:29', '', NULL, '');
INSERT INTO `sys_menu` VALUES (1047, '批量强退', 109, 2, '#', '', '', 0, 0, 'F', '1', '1', 'monitor:online:batchLogout', '#', 'admin', '2024-06-13 16:06:29', '', NULL, '');
INSERT INTO `sys_menu` VALUES (1048, '单条强退', 109, 3, '#', '', '', 0, 0, 'F', '1', '1', 'monitor:online:forceLogout', '#', 'admin', '2024-06-13 16:06:30', '', NULL, '');
INSERT INTO `sys_menu` VALUES (1050, '账户解锁', 501, 4, '#', '', '', 0, 0, 'F', '1', '1', 'monitor:logininfor:unlock', '#', 'admin', '2024-06-13 16:06:29', '', NULL, '');
INSERT INTO `sys_menu` VALUES (1055, '生成查询', 115, 1, '#', '', '', 0, 0, 'F', '1', '1', 'tool:gen:query', '#', 'admin', '2024-06-13 16:06:30', '', NULL, '');
INSERT INTO `sys_menu` VALUES (1056, '生成修改', 115, 2, '#', '', '', 0, 0, 'F', '1', '1', 'tool:gen:edit', '#', 'admin', '2024-06-13 16:06:30', '', NULL, '');
INSERT INTO `sys_menu` VALUES (1057, '生成删除', 115, 3, '#', '', '', 0, 0, 'F', '1', '1', 'tool:gen:remove', '#', 'admin', '2024-06-13 16:06:30', '', NULL, '');
INSERT INTO `sys_menu` VALUES (1058, '导入代码', 115, 2, '#', '', '', 0, 0, 'F', '1', '1', 'tool:gen:import', '#', 'admin', '2024-06-13 16:06:30', '', NULL, '');
INSERT INTO `sys_menu` VALUES (1059, '预览代码', 115, 4, '#', '', '', 0, 0, 'F', '1', '1', 'tool:gen:preview', '#', 'admin', '2024-06-13 16:06:30', '', NULL, '');
INSERT INTO `sys_menu` VALUES (1060, '生成代码', 115, 5, '#', '', '', 0, 0, 'F', '1', '1', 'tool:gen:code', '#', 'admin', '2024-06-13 16:06:30', '', NULL, '');
INSERT INTO `sys_menu` VALUES (1061, '基础信息管理', 0, 100, 'basic-info', NULL, NULL, 0, 0, 'M', '1', '1', NULL, 'BorderOuterOutlined', 'admin', '2024-07-04 15:01:48', 'admin', '2025-06-11 17:51:59', '');
INSERT INTO `sys_menu` VALUES (1809059968309743618, '往来单位', 1909128585102680066, 1, 'merchant', 'wms/basic/merchant/index', NULL, 0, 0, 'C', '1', '1', 'wms:merchant:list', 'documentation', 'admin', '2024-07-05 11:58:12', 'admin', '2025-06-11 17:51:29', '往来单位菜单');
INSERT INTO `sys_menu` VALUES (1809059968309743619, '往来单位查询', 1809059968309743618, 1, '#', '', NULL, 0, 0, 'F', '1', '1', 'wms:merchant:list', '#', 'admin', '2024-07-05 11:58:12', 'admin', '2024-08-30 10:43:54', '');
INSERT INTO `sys_menu` VALUES (1809059968309743621, '往来单位修改', 1809059968309743618, 3, '#', '', NULL, 0, 0, 'F', '1', '1', 'wms:merchant:edit', '#', 'admin', '2024-07-05 11:58:12', '', NULL, '');
INSERT INTO `sys_menu` VALUES (1813458070128599041, '仓库/库区', 1909128585102680066, 2, 'warehouse', 'wms/basic/warehouse/index', NULL, 0, 0, 'C', '1', '1', 'wms:warehouse:list', 'documentation', 'admin', '2024-07-17 14:17:51', 'admin', '2025-06-11 17:51:40', '');
INSERT INTO `sys_menu` VALUES (1813820131794837506, '商品管理', 1909128585102680066, 4, 'item', 'wms/basic/item/index', NULL, 0, 0, 'C', '1', '1', 'wms:item:list', 'documentation', 'admin', '2024-07-18 14:16:33', 'admin', '2025-06-11 17:53:47', '');
INSERT INTO `sys_menu` VALUES (1815207165755183105, '编辑入库单', 1818466281474822145, 1000, 'receiptOrderEdit', 'wms/order/receipt/edit', NULL, 0, 0, 'F', '0', '1', 'wms:receipt:edit', '#', 'admin', '2024-07-22 10:08:08', 'admin', '2025-06-10 10:30:07', '');
INSERT INTO `sys_menu` VALUES (1818123963605549057, '品牌管理', 1909128585102680066, 3, 'itemBrand', 'wms/basic/itemBrand/index', NULL, 0, 0, 'C', '1', '1', 'wms:itemBrand:list', 'documentation', 'admin', '2024-07-30 11:18:27', 'admin', '2025-06-11 17:51:49', '');
INSERT INTO `sys_menu` VALUES (1818466281474822145, '入库', 1909128585102680065, 20, 'receiptOrder', 'wms/order/receipt/index', NULL, 0, 0, 'C', '1', '1', 'wms:receipt:all', 'exit-fullscreen', 'admin', '2024-07-31 09:58:42', 'admin', '2025-04-07 14:19:25', '');
INSERT INTO `sys_menu` VALUES (1818854933803638785, '出库', 1909128585102680065, 30, 'shipmentOrder', 'wms/order/shipment/index', NULL, 0, 0, 'C', '1', '1', 'wms:shipment:all', 'fullscreen', 'admin', '2024-08-01 11:43:04', 'admin', '2025-04-07 14:19:40', '');
INSERT INTO `sys_menu` VALUES (1818855673632727042, '编辑出库单', 1818854933803638785, 1000, 'shipmentOrderEdit', 'wms/order/shipment/edit', NULL, 0, 0, 'F', '0', '1', 'wms:shipment:edit', '#', 'admin', '2024-08-01 11:46:00', 'admin', '2025-06-10 10:29:50', '');
INSERT INTO `sys_menu` VALUES (1820729144067321858, '库存统计', 1909128585102680065, 0, 'inventory', 'wms/inventory/statistic', NULL, 0, 0, 'C', '1', '1', 'wms:inventory:all', 'DotChartOutlined', 'admin', '2024-08-06 15:50:30', 'admin', '2025-04-07 14:18:51', '');
INSERT INTO `sys_menu` VALUES (1821075355068559361, '库存记录', 1909128585102680065, 3, 'inventoryHistory', 'wms/inventory/history', NULL, 0, 0, 'C', '1', '1', 'wms:inventoryHistory:all', 'list', 'admin', '2024-08-07 14:46:13', 'admin', '2025-04-07 14:19:14', '');
INSERT INTO `sys_menu` VALUES (1822820194307051521, '移库', 1909128585102680065, 40, 'movementOrder', 'wms/order/movement/index', NULL, 0, 0, 'C', '1', '1', 'wms:movement:all', 'drag', 'admin', '2024-08-12 10:19:35', 'admin', '2025-04-07 14:19:48', '');
INSERT INTO `sys_menu` VALUES (1822862323595145218, '编辑移库单', 1822820194307051521, 1000, 'movementOrderEdit', 'wms/order/movement/edit', NULL, 0, 0, 'F', '0', '1', 'wms:movement:edit', '#', 'admin', '2024-08-12 13:07:00', 'admin', '2025-06-10 10:29:38', '');
INSERT INTO `sys_menu` VALUES (1823187248797270018, '盘库', 1909128585102680065, 50, 'checkOrder', 'wms/order/check/index', NULL, 0, 0, 'C', '1', '1', 'wms:check:all', 'example', 'admin', '2024-08-13 10:38:08', 'admin', '2025-04-07 14:19:56', '');
INSERT INTO `sys_menu` VALUES (1823190638784757762, '编辑盘库单', 1823187248797270018, 1000, 'checkOrderEdit', 'wms/order/check/edit', NULL, 0, 0, 'C', '0', '1', 'wms:check:edit', '#', 'admin', '2024-08-13 10:51:36', 'admin', '2025-06-10 10:29:18', '');
INSERT INTO `sys_menu` VALUES (1825769009480142850, '库存明细', 1909128585102680065, 1, 'inventoryDetail', 'wms/inventory/detail', NULL, 0, 0, 'C', '1', '1', 'wms:inventoryDetail:all', 'table', 'admin', '2024-08-20 13:37:08', 'admin', '2025-04-07 14:19:05', '');
INSERT INTO `sys_menu` VALUES (1829349433573822466, '仓库库区查询', 1813458070128599041, 1, '', NULL, NULL, 0, 0, 'F', '1', '1', 'wms:warehouse:list', '#', 'admin', '2024-08-30 10:44:27', 'admin', '2024-08-30 10:44:27', '');
INSERT INTO `sys_menu` VALUES (1829350022131142658, '仓库库区编辑', 1813458070128599041, 2, '', NULL, NULL, 0, 0, 'F', '1', '1', 'wms:warehouse:edit', '#', 'admin', '2024-08-30 10:46:48', 'admin', '2024-08-30 10:46:48', '');
INSERT INTO `sys_menu` VALUES (1829350164603260929, '品牌查询', 1818123963605549057, 1, '', NULL, NULL, 0, 0, 'F', '1', '1', 'wms:itemBrand:list', '#', 'admin', '2024-08-30 10:47:22', 'admin', '2024-08-30 10:47:22', '');
INSERT INTO `sys_menu` VALUES (1829350944311791617, '品牌编辑', 1818123963605549057, 2, '', NULL, NULL, 0, 0, 'F', '1', '1', 'wms:itemBrand:edit', '#', 'admin', '2024-08-30 10:50:27', 'admin', '2024-08-30 10:50:27', '');
INSERT INTO `sys_menu` VALUES (1829351081448755202, '商品查询', 1813820131794837506, 1, '', NULL, NULL, 0, 0, 'F', '1', '1', 'wms:item:list', '#', 'admin', '2024-08-30 10:51:00', 'admin', '2024-08-30 10:51:00', '');
INSERT INTO `sys_menu` VALUES (1829351166857367553, '商品编辑', 1813820131794837506, 2, '', NULL, NULL, 0, 0, 'F', '1', '1', 'wms:item:edit', '#', 'admin', '2024-08-30 10:51:21', 'admin', '2024-08-30 10:51:21', '');
INSERT INTO `sys_menu` VALUES (1909128585102680065, '业务操作管理', 0, 105, 'warehouse-mng', NULL, NULL, 0, 0, 'M', '1', '1', NULL, 'documentation', 'admin', '2025-04-07 14:18:19', 'admin', '2025-06-10 10:32:00', '');
INSERT INTO `sys_menu` VALUES (1909128585102680066, '基础信息设置', 1061, 100, 'basic', NULL, NULL, 0, 0, 'M', '1', '1', NULL, 'BorderOuterOutlined', 'admin', '2024-07-04 15:01:48', 'admin', '2025-06-10 10:59:19', '');

-- ----------------------------
-- Table structure for sys_notice
-- ----------------------------
DROP TABLE IF EXISTS `sys_notice`;
CREATE TABLE `sys_notice`  (
  `notice_id` bigint NOT NULL,
  `notice_title` varchar(50) CHARACTER SET utf8mb4 COLLATE utf8mb4_0900_ai_ci NULL DEFAULT NULL,
  `notice_type` char(1) CHARACTER SET utf8mb4 COLLATE utf8mb4_0900_ai_ci NULL DEFAULT NULL,
  `notice_content` longblob NULL,
  `status` char(1) CHARACTER SET utf8mb4 COLLATE utf8mb4_0900_ai_ci NULL DEFAULT NULL,
  `create_by` varchar(64) CHARACTER SET utf8mb4 COLLATE utf8mb4_0900_ai_ci NULL DEFAULT NULL,
  `create_time` datetime NULL DEFAULT NULL,
  `update_by` varchar(64) CHARACTER SET utf8mb4 COLLATE utf8mb4_0900_ai_ci NULL DEFAULT NULL,
  `update_time` datetime NULL DEFAULT NULL,
  `remark` varchar(255) CHARACTER SET utf8mb4 COLLATE utf8mb4_0900_ai_ci NULL DEFAULT NULL
) ENGINE = InnoDB CHARACTER SET = utf8mb4 COLLATE = utf8mb4_0900_ai_ci ROW_FORMAT = DYNAMIC;

-- ----------------------------
-- Records of sys_notice
-- ----------------------------
INSERT INTO `sys_notice` VALUES (1, '温馨提醒：2018-07-01 新版本发布啦', '2', 0xE696B0E78988E69CACE58685E5AEB9, '1', 'admin', '2024-06-13 16:06:38', '', NULL, '管理员');
INSERT INTO `sys_notice` VALUES (2, '维护通知：2018-07-01 系统凌晨维护', '1', 0xE7BBB4E68AA4E58685E5AEB9, '1', 'admin', '2024-06-13 16:06:38', '', NULL, '管理员');

-- ----------------------------
-- Table structure for sys_oper_log
-- ----------------------------
DROP TABLE IF EXISTS `sys_oper_log`;
CREATE TABLE `sys_oper_log`  (
  `oper_id` bigint NOT NULL,
  `title` varchar(50) CHARACTER SET utf8mb4 COLLATE utf8mb4_0900_ai_ci NULL DEFAULT NULL,
  `business_type` int NULL DEFAULT NULL,
  `method` varchar(100) CHARACTER SET utf8mb4 COLLATE utf8mb4_0900_ai_ci NULL DEFAULT NULL,
  `request_method` varchar(10) CHARACTER SET utf8mb4 COLLATE utf8mb4_0900_ai_ci NULL DEFAULT NULL,
  `operator_type` int NULL DEFAULT NULL,
  `oper_name` varchar(50) CHARACTER SET utf8mb4 COLLATE utf8mb4_0900_ai_ci NULL DEFAULT NULL,
  `dept_name` varchar(50) CHARACTER SET utf8mb4 COLLATE utf8mb4_0900_ai_ci NULL DEFAULT NULL,
  `oper_url` varchar(255) CHARACTER SET utf8mb4 COLLATE utf8mb4_0900_ai_ci NULL DEFAULT NULL,
  `oper_ip` varchar(128) CHARACTER SET utf8mb4 COLLATE utf8mb4_0900_ai_ci NULL DEFAULT NULL,
  `oper_location` varchar(255) CHARACTER SET utf8mb4 COLLATE utf8mb4_0900_ai_ci NULL DEFAULT NULL,
  `oper_param` varchar(2000) CHARACTER SET utf8mb4 COLLATE utf8mb4_0900_ai_ci NULL DEFAULT NULL,
  `json_result` varchar(2000) CHARACTER SET utf8mb4 COLLATE utf8mb4_0900_ai_ci NULL DEFAULT NULL,
  `status` int NULL DEFAULT NULL,
  `error_msg` varchar(2000) CHARACTER SET utf8mb4 COLLATE utf8mb4_0900_ai_ci NULL DEFAULT NULL,
  `oper_time` datetime NULL DEFAULT NULL
) ENGINE = InnoDB CHARACTER SET = utf8mb4 COLLATE = utf8mb4_0900_ai_ci ROW_FORMAT = DYNAMIC;

-- ----------------------------
-- Records of sys_oper_log
-- ----------------------------
INSERT INTO `sys_oper_log` VALUES (1907425027147898882, '用户管理', 1, 'com.ruoyi.system.controller.system.SysUserController.add()', 'POST', 1, 'admin', '研发部门', '/system/user', '0:0:0:0:0:0:0:1', '内网IP', '{\"createBy\":null,\"createTime\":null,\"updateBy\":null,\"updateTime\":null,\"userId\":\"1907425026682331137\",\"deptId\":100,\"userName\":\"cs\",\"nickName\":\"cs\",\"userType\":null,\"email\":null,\"phonenumber\":\"13977108355\",\"sex\":\"1\",\"avatar\":null,\"status\":\"0\",\"delFlag\":null,\"loginIp\":null,\"loginDate\":null,\"remark\":null,\"dept\":null,\"roles\":null,\"roleIds\":[1],\"postIds\":[4],\"roleId\":null,\"admin\":false}', '{\"code\":200,\"msg\":\"操作成功\",\"data\":null}', 1, '', '2025-04-02 21:28:59');
INSERT INTO `sys_oper_log` VALUES (1907426811958468610, '用户管理', 1, 'com.ruoyi.system.controller.system.SysUserController.add()', 'POST', 1, 'admin', '研发部门', '/system/user', '0:0:0:0:0:0:0:1', '内网IP', '{\"createBy\":null,\"createTime\":null,\"updateBy\":null,\"updateTime\":null,\"userId\":null,\"deptId\":101,\"userName\":\"cs\",\"nickName\":\"cs\",\"userType\":null,\"email\":null,\"phonenumber\":null,\"sex\":\"0\",\"avatar\":null,\"status\":\"0\",\"delFlag\":null,\"loginIp\":null,\"loginDate\":null,\"remark\":null,\"dept\":null,\"roles\":null,\"roleIds\":[\"1829105952432427010\"],\"postIds\":[2],\"roleId\":null,\"admin\":false}', '{\"code\":500,\"msg\":\"新增用户\'cs\'失败，登录账号已存在\",\"data\":null}', 1, '', '2025-04-02 21:36:05');
INSERT INTO `sys_oper_log` VALUES (1907440950210666497, '菜单管理', 2, 'com.ruoyi.system.controller.system.SysMenuController.edit()', 'PUT', 1, 'admin', '研发部门', '/system/menu', '0:0:0:0:0:0:0:1', '内网IP', '{\"createBy\":null,\"createTime\":null,\"updateBy\":null,\"updateTime\":null,\"menuId\":\"1820729144067321858\",\"parentId\":0,\"menuName\":\"库存统计2\",\"orderNum\":0,\"path\":\"inventory\",\"component\":\"wms/inventory/statistic\",\"queryParam\":null,\"isFrame\":\"0\",\"isCache\":\"0\",\"menuType\":\"C\",\"visible\":\"1\",\"status\":\"1\",\"perms\":\"wms:inventory:all\",\"icon\":\"chart\",\"remark\":null}', '{\"code\":200,\"msg\":\"操作成功\",\"data\":null}', 1, '', '2025-04-02 22:32:16');
INSERT INTO `sys_oper_log` VALUES (1907440994968084481, '菜单管理', 2, 'com.ruoyi.system.controller.system.SysMenuController.edit()', 'PUT', 1, 'admin', '研发部门', '/system/menu', '0:0:0:0:0:0:0:1', '内网IP', '{\"createBy\":null,\"createTime\":null,\"updateBy\":null,\"updateTime\":null,\"menuId\":\"1820729144067321858\",\"parentId\":0,\"menuName\":\"库存统计\",\"orderNum\":0,\"path\":\"inventory\",\"component\":\"wms/inventory/statistic\",\"queryParam\":null,\"isFrame\":\"0\",\"isCache\":\"0\",\"menuType\":\"C\",\"visible\":\"1\",\"status\":\"1\",\"perms\":\"wms:inventory:all\",\"icon\":\"chart\",\"remark\":null}', '{\"code\":200,\"msg\":\"操作成功\",\"data\":null}', 1, '', '2025-04-02 22:32:26');
INSERT INTO `sys_oper_log` VALUES (1907441082092167169, '菜单管理', 2, 'com.ruoyi.system.controller.system.SysMenuController.edit()', 'PUT', 1, 'admin', '研发部门', '/system/menu', '0:0:0:0:0:0:0:1', '内网IP', '{\"createBy\":null,\"createTime\":null,\"updateBy\":null,\"updateTime\":null,\"menuId\":\"1820729144067321858\",\"parentId\":0,\"menuName\":\"库存统计\",\"orderNum\":0,\"path\":\"inventory\",\"component\":\"wms/inventory/statistic\",\"queryParam\":null,\"isFrame\":\"0\",\"isCache\":\"0\",\"menuType\":\"M\",\"visible\":\"1\",\"status\":\"1\",\"perms\":\"wms:inventory:all\",\"icon\":\"chart\",\"remark\":null}', '{\"code\":200,\"msg\":\"操作成功\",\"data\":null}', 1, '', '2025-04-02 22:32:47');
INSERT INTO `sys_oper_log` VALUES (1907441256608768001, '菜单管理', 2, 'com.ruoyi.system.controller.system.SysMenuController.edit()', 'PUT', 1, 'admin', '研发部门', '/system/menu', '0:0:0:0:0:0:0:1', '内网IP', '{\"createBy\":null,\"createTime\":null,\"updateBy\":null,\"updateTime\":null,\"menuId\":\"1820729144067321858\",\"parentId\":0,\"menuName\":\"库存统计\",\"orderNum\":0,\"path\":\"inventory\",\"component\":\"wms/inventory/statistic\",\"queryParam\":null,\"isFrame\":\"0\",\"isCache\":\"0\",\"menuType\":\"C\",\"visible\":\"1\",\"status\":\"1\",\"perms\":\"wms:inventory:all\",\"icon\":\"chart\",\"remark\":null}', '{\"code\":200,\"msg\":\"操作成功\",\"data\":null}', 1, '', '2025-04-02 22:33:29');
INSERT INTO `sys_oper_log` VALUES (1907845542735933442, '登录日志', 5, 'com.ruoyi.system.controller.monitor.SysLogininforController.export()', 'POST', 1, 'admin', '研发部门', '/monitor/logininfor/export', '0:0:0:0:0:0:0:1', '内网IP', '{\"infoId\":null,\"userName\":null,\"deviceType\":null,\"ipaddr\":null,\"loginLocation\":null,\"browser\":null,\"os\":null,\"status\":null,\"msg\":null,\"loginTime\":null,\"params\":{}}', '', 1, '', '2025-04-04 01:19:58');
INSERT INTO `sys_oper_log` VALUES (1907862766456565762, '菜单管理', 2, 'com.ruoyi.system.controller.system.SysMenuController.edit()', 'PUT', 1, 'admin', '研发部门', '/system/menu', '0:0:0:0:0:0:0:1', '内网IP', '{\"createBy\":null,\"createTime\":null,\"updateBy\":null,\"updateTime\":null,\"menuId\":\"1820729144067321858\",\"parentId\":0,\"menuName\":\"库存统计\",\"orderNum\":0,\"path\":\"inventory\",\"component\":\"wms/inventory/statistic\",\"queryParam\":null,\"isFrame\":\"0\",\"isCache\":\"0\",\"menuType\":\"C\",\"visible\":\"1\",\"status\":\"1\",\"perms\":\"wms:inventory:all\",\"icon\":\"DotChartOutlined\",\"remark\":null}', '{\"code\":200,\"msg\":\"操作成功\",\"data\":null}', 1, '', '2025-04-04 02:28:25');
INSERT INTO `sys_oper_log` VALUES (1907862877181997058, '菜单管理', 2, 'com.ruoyi.system.controller.system.SysMenuController.edit()', 'PUT', 1, 'admin', '研发部门', '/system/menu', '0:0:0:0:0:0:0:1', '内网IP', '{\"createBy\":null,\"createTime\":null,\"updateBy\":null,\"updateTime\":null,\"menuId\":\"1808758090157985794\",\"parentId\":0,\"menuName\":\"基础资料\",\"orderNum\":100,\"path\":\"basic\",\"component\":null,\"queryParam\":null,\"isFrame\":\"0\",\"isCache\":\"0\",\"menuType\":\"M\",\"visible\":\"1\",\"status\":\"1\",\"icon\":\"BorderOuterOutlined\",\"remark\":null}', '{\"code\":200,\"msg\":\"操作成功\",\"data\":null}', 1, '', '2025-04-04 02:28:51');
INSERT INTO `sys_oper_log` VALUES (1907863210553667586, '菜单管理', 2, 'com.ruoyi.system.controller.system.SysMenuController.edit()', 'PUT', 1, 'admin', '研发部门', '/system/menu', '0:0:0:0:0:0:0:1', '内网IP', '{\"createBy\":null,\"createTime\":null,\"updateBy\":null,\"updateTime\":null,\"menuId\":\"1820729144067321858\",\"parentId\":0,\"menuName\":\"库存统计\",\"orderNum\":0,\"path\":\"inventory\",\"component\":\"wms/inventory/statistic\",\"queryParam\":null,\"isFrame\":\"0\",\"isCache\":\"0\",\"menuType\":\"C\",\"visible\":\"1\",\"status\":\"1\",\"perms\":\"wms:inventory:all\",\"icon\":\"DotChartOutlined\",\"remark\":null}', '{\"code\":200,\"msg\":\"操作成功\",\"data\":null}', 1, '', '2025-04-04 02:30:10');
INSERT INTO `sys_oper_log` VALUES (1907863308339671041, '菜单管理', 2, 'com.ruoyi.system.controller.system.SysMenuController.edit()', 'PUT', 1, 'admin', '研发部门', '/system/menu', '0:0:0:0:0:0:0:1', '内网IP', '{\"createBy\":null,\"createTime\":null,\"updateBy\":null,\"updateTime\":null,\"menuId\":\"1820729144067321858\",\"parentId\":\"1808758090157985794\",\"menuName\":\"库存统计\",\"orderNum\":0,\"path\":\"inventory\",\"component\":\"wms/inventory/statistic\",\"queryParam\":null,\"isFrame\":\"0\",\"isCache\":\"0\",\"menuType\":\"C\",\"visible\":\"1\",\"status\":\"1\",\"perms\":\"wms:inventory:all\",\"icon\":\"DotChartOutlined\",\"remark\":null}', '{\"code\":200,\"msg\":\"操作成功\",\"data\":null}', 1, '', '2025-04-04 02:30:34');
INSERT INTO `sys_oper_log` VALUES (1907863559091941377, '菜单管理', 2, 'com.ruoyi.system.controller.system.SysMenuController.edit()', 'PUT', 1, 'admin', '研发部门', '/system/menu', '0:0:0:0:0:0:0:1', '内网IP', '{\"createBy\":null,\"createTime\":null,\"updateBy\":null,\"updateTime\":null,\"menuId\":\"1820729144067321858\",\"parentId\":0,\"menuName\":\"库存统计\",\"orderNum\":0,\"path\":\"inventory\",\"component\":\"wms/inventory/statistic\",\"queryParam\":null,\"isFrame\":\"0\",\"isCache\":\"0\",\"menuType\":\"C\",\"visible\":\"1\",\"status\":\"1\",\"perms\":\"wms:inventory:all\",\"icon\":\"DotChartOutlined\",\"remark\":null}', '{\"code\":200,\"msg\":\"操作成功\",\"data\":null}', 1, '', '2025-04-04 02:31:34');
INSERT INTO `sys_oper_log` VALUES (1908082631075336193, '菜单管理', 2, 'com.ruoyi.system.controller.system.SysMenuController.edit()', 'PUT', 1, 'admin', '研发部门', '/system/menu', '0:0:0:0:0:0:0:1', '内网IP', '{\"createBy\":null,\"createTime\":null,\"updateBy\":null,\"updateTime\":null,\"menuId\":100,\"parentId\":1,\"menuName\":\"用户管理\",\"orderNum\":1,\"path\":\"user\",\"component\":\"system/user/index2\",\"queryParam\":null,\"isFrame\":\"0\",\"isCache\":\"0\",\"menuType\":\"C\",\"visible\":\"1\",\"status\":\"1\",\"perms\":\"system:user:list\",\"icon\":\"user\",\"remark\":null}', '{\"code\":200,\"msg\":\"操作成功\",\"data\":null}', 1, '', '2025-04-04 17:02:04');
INSERT INTO `sys_oper_log` VALUES (1908082900089606146, '菜单管理', 2, 'com.ruoyi.system.controller.system.SysMenuController.edit()', 'PUT', 1, 'admin', '研发部门', '/system/menu', '0:0:0:0:0:0:0:1', '内网IP', '{\"createBy\":null,\"createTime\":null,\"updateBy\":null,\"updateTime\":null,\"menuId\":100,\"parentId\":1,\"menuName\":\"用户管理\",\"orderNum\":1,\"path\":\"user\",\"component\":\"system/user/index\",\"queryParam\":null,\"isFrame\":\"0\",\"isCache\":\"0\",\"menuType\":\"C\",\"visible\":\"1\",\"status\":\"1\",\"perms\":\"system:user:list\",\"icon\":\"user\",\"remark\":null}', '{\"code\":200,\"msg\":\"操作成功\",\"data\":null}', 1, '', '2025-04-04 17:03:09');
INSERT INTO `sys_oper_log` VALUES (1908109934941605890, '菜单管理', 2, 'com.ruoyi.system.controller.system.SysMenuController.edit()', 'PUT', 1, 'admin', '研发部门', '/system/menu', '0:0:0:0:0:0:0:1', '内网IP', '{\"createBy\":null,\"createTime\":null,\"updateBy\":null,\"updateTime\":null,\"menuId\":\"1818123963605549057\",\"parentId\":\"1808758090157985794\",\"menuName\":\"品牌管理\",\"orderNum\":3,\"path\":\"itemBrand\",\"component\":\"basicInfo/brand/index\",\"queryParam\":null,\"isFrame\":\"0\",\"isCache\":\"0\",\"menuType\":\"C\",\"visible\":\"1\",\"status\":\"1\",\"perms\":\"wms:itemBrand:list\",\"icon\":\"documentation\",\"remark\":null}', '{\"code\":200,\"msg\":\"操作成功\",\"data\":null}', 1, '', '2025-04-04 18:50:34');
INSERT INTO `sys_oper_log` VALUES (1908110062914015233, '菜单管理', 2, 'com.ruoyi.system.controller.system.SysMenuController.edit()', 'PUT', 1, 'admin', '研发部门', '/system/menu', '0:0:0:0:0:0:0:1', '内网IP', '{\"createBy\":null,\"createTime\":null,\"updateBy\":null,\"updateTime\":null,\"menuId\":\"1818123963605549057\",\"parentId\":\"1808758090157985794\",\"menuName\":\"品牌管理\",\"orderNum\":3,\"path\":\"itemBrand\",\"component\":\"baseInfo/brand/index\",\"queryParam\":null,\"isFrame\":\"0\",\"isCache\":\"0\",\"menuType\":\"C\",\"visible\":\"1\",\"status\":\"1\",\"perms\":\"wms:itemBrand:list\",\"icon\":\"documentation\",\"remark\":null}', '{\"code\":200,\"msg\":\"操作成功\",\"data\":null}', 1, '', '2025-04-04 18:51:05');
INSERT INTO `sys_oper_log` VALUES (1908110749148286978, '菜单管理', 2, 'com.ruoyi.system.controller.system.SysMenuController.edit()', 'PUT', 1, 'admin', '研发部门', '/system/menu', '0:0:0:0:0:0:0:1', '内网IP', '{\"createBy\":null,\"createTime\":null,\"updateBy\":null,\"updateTime\":null,\"menuId\":\"1813820131794837506\",\"parentId\":\"1808758090157985794\",\"menuName\":\"商品管理\",\"orderNum\":4,\"path\":\"item\",\"component\":\"baseInfo/itemBrand/index\",\"queryParam\":null,\"isFrame\":\"0\",\"isCache\":\"0\",\"menuType\":\"C\",\"visible\":\"1\",\"status\":\"1\",\"perms\":\"wms:item:list\",\"icon\":\"documentation\",\"remark\":null}', '{\"code\":200,\"msg\":\"操作成功\",\"data\":null}', 1, '', '2025-04-04 18:53:48');
INSERT INTO `sys_oper_log` VALUES (1908111941555359745, '菜单管理', 2, 'com.ruoyi.system.controller.system.SysMenuController.edit()', 'PUT', 1, 'admin', '研发部门', '/system/menu', '0:0:0:0:0:0:0:1', '内网IP', '{\"createBy\":null,\"createTime\":null,\"updateBy\":null,\"updateTime\":null,\"menuId\":\"1813820131794837506\",\"parentId\":\"1808758090157985794\",\"menuName\":\"商品管理\",\"orderNum\":4,\"path\":\"item\",\"component\":\"baseInfo/itemBrand/index\",\"queryParam\":null,\"isFrame\":\"0\",\"isCache\":\"0\",\"menuType\":\"C\",\"visible\":\"1\",\"status\":\"1\",\"perms\":\"wms:item:list\",\"icon\":\"documentation\",\"remark\":null}', '{\"code\":200,\"msg\":\"操作成功\",\"data\":null}', 1, '', '2025-04-04 18:58:33');
INSERT INTO `sys_oper_log` VALUES (1908145446846894081, '商品品牌', 1, 'com.ruoyi.wms.controller.ItemBrandController.add()', 'POST', 1, 'admin', '研发部门', '/wms/itemBrand', '0:0:0:0:0:0:0:1', '内网IP', '{\"createBy\":null,\"createTime\":null,\"updateBy\":null,\"updateTime\":null,\"id\":null,\"brandName\":\"cs\"}', '{\"code\":200,\"msg\":\"操作成功\",\"data\":null}', 1, '', '2025-04-04 21:11:41');
INSERT INTO `sys_oper_log` VALUES (1908148425914224642, '商品品牌', 3, 'com.ruoyi.wms.controller.ItemBrandController.remove()', 'DELETE', 1, 'admin', '研发部门', '/wms/itemBrand/1908145446586847233', '0:0:0:0:0:0:0:1', '内网IP', '{}', '{\"code\":200,\"msg\":\"操作成功\",\"data\":null}', 1, '', '2025-04-04 21:23:31');
INSERT INTO `sys_oper_log` VALUES (1908148520806158338, '商品品牌', 2, 'com.ruoyi.wms.controller.ItemBrandController.edit()', 'PUT', 1, 'admin', '研发部门', '/wms/itemBrand', '0:0:0:0:0:0:0:1', '内网IP', '{\"createBy\":null,\"createTime\":null,\"updateBy\":null,\"updateTime\":null,\"id\":\"1828407291103842306\",\"brandName\":\"惠普2\"}', '{\"code\":200,\"msg\":\"操作成功\",\"data\":null}', 1, '', '2025-04-04 21:23:54');
INSERT INTO `sys_oper_log` VALUES (1908148547062501377, '商品品牌', 2, 'com.ruoyi.wms.controller.ItemBrandController.edit()', 'PUT', 1, 'admin', '研发部门', '/wms/itemBrand', '0:0:0:0:0:0:0:1', '内网IP', '{\"createBy\":null,\"createTime\":null,\"updateBy\":null,\"updateTime\":null,\"id\":\"1828407291103842306\",\"brandName\":\"惠普\"}', '{\"code\":200,\"msg\":\"操作成功\",\"data\":null}', 1, '', '2025-04-04 21:24:00');
INSERT INTO `sys_oper_log` VALUES (1908870217666564097, '菜单管理', 2, 'com.ruoyi.system.controller.system.SysMenuController.edit()', 'PUT', 1, 'admin', '研发部门', '/system/menu', '0:0:0:0:0:0:0:1', '内网IP', '{\"createBy\":null,\"createTime\":null,\"updateBy\":null,\"updateTime\":null,\"menuId\":\"1818123963605549057\",\"parentId\":\"1808758090157985794\",\"menuName\":\"品牌管理\",\"orderNum\":3,\"path\":\"itemBrand\",\"component\":\"baseInfo/itemBrand/index\",\"queryParam\":null,\"isFrame\":\"0\",\"isCache\":\"0\",\"menuType\":\"C\",\"visible\":\"1\",\"status\":\"1\",\"perms\":\"wms:itemBrand:list\",\"icon\":\"documentation\",\"remark\":null}', '{\"code\":200,\"msg\":\"操作成功\",\"data\":null}', 1, '', '2025-04-06 21:11:40');
INSERT INTO `sys_oper_log` VALUES (1908870331223150594, '菜单管理', 2, 'com.ruoyi.system.controller.system.SysMenuController.edit()', 'PUT', 1, 'admin', '研发部门', '/system/menu', '0:0:0:0:0:0:0:1', '内网IP', '{\"createBy\":null,\"createTime\":null,\"updateBy\":null,\"updateTime\":null,\"menuId\":\"1813820131794837506\",\"parentId\":\"1808758090157985794\",\"menuName\":\"商品管理\",\"orderNum\":4,\"path\":\"item\",\"component\":\"baseInfo/item/index\",\"queryParam\":null,\"isFrame\":\"0\",\"isCache\":\"0\",\"menuType\":\"C\",\"visible\":\"1\",\"status\":\"1\",\"perms\":\"wms:item:list\",\"icon\":\"documentation\",\"remark\":null}', '{\"code\":200,\"msg\":\"操作成功\",\"data\":null}', 1, '', '2025-04-06 21:12:07');
INSERT INTO `sys_oper_log` VALUES (1908923840844959745, '物料类型', 1, 'com.ruoyi.wms.controller.ItemCategoryController.add()', 'POST', 1, 'admin', '研发部门', '/wms/itemCategory', '0:0:0:0:0:0:0:1', '内网IP', '{\"createBy\":null,\"createTime\":null,\"updateBy\":null,\"updateTime\":null,\"id\":null,\"parentId\":null,\"categoryName\":\"手机2\",\"orderNum\":null,\"status\":null}', '{\"code\":200,\"msg\":\"操作成功\",\"data\":null}', 1, '', '2025-04-07 00:44:44');
INSERT INTO `sys_oper_log` VALUES (1908931096474980354, '商品品牌', 2, 'com.ruoyi.wms.controller.ItemBrandController.edit()', 'PUT', 1, 'admin', '研发部门', '/wms/itemBrand', '0:0:0:0:0:0:0:1', '内网IP', '{\"createBy\":null,\"createTime\":null,\"updateBy\":null,\"updateTime\":null,\"id\":\"1828407291103842306\",\"brandName\":\"惠普2\"}', '{\"code\":200,\"msg\":\"操作成功\",\"data\":null}', 1, '', '2025-04-07 01:13:34');
INSERT INTO `sys_oper_log` VALUES (1908931120156020738, '商品品牌', 2, 'com.ruoyi.wms.controller.ItemBrandController.edit()', 'PUT', 1, 'admin', '研发部门', '/wms/itemBrand', '0:0:0:0:0:0:0:1', '内网IP', '{\"createBy\":null,\"createTime\":null,\"updateBy\":null,\"updateTime\":null,\"id\":\"1828407291103842306\",\"brandName\":\"惠普\"}', '{\"code\":200,\"msg\":\"操作成功\",\"data\":null}', 1, '', '2025-04-07 01:13:40');
INSERT INTO `sys_oper_log` VALUES (1908931798580498433, '商品品牌', 5, 'com.ruoyi.wms.controller.ItemBrandController.export()', 'POST', 1, 'admin', '研发部门', '/wms/itemBrand/export', '0:0:0:0:0:0:0:1', '内网IP', '{\"createBy\":null,\"createTime\":null,\"updateBy\":null,\"updateTime\":null,\"id\":null,\"brandName\":null}', '', 1, '', '2025-04-07 01:16:22');
INSERT INTO `sys_oper_log` VALUES (1909067103933489154, '商品品牌', 5, 'com.ruoyi.wms.controller.ItemBrandController.export()', 'POST', 1, 'admin', '研发部门', '/wms/itemBrand/export', '0:0:0:0:0:0:0:1', '内网IP', '{\"createBy\":null,\"createTime\":null,\"updateBy\":null,\"updateTime\":null,\"id\":null,\"brandName\":null}', '', 1, '', '2025-04-07 10:14:01');
INSERT INTO `sys_oper_log` VALUES (1909077333429903361, '菜单管理', 2, 'com.ruoyi.system.controller.system.SysMenuController.edit()', 'PUT', 1, 'admin', '研发部门', '/system/menu', '0:0:0:0:0:0:0:1', '内网IP', '{\"createBy\":null,\"createTime\":null,\"updateBy\":null,\"updateTime\":null,\"menuId\":\"1809059968309743618\",\"parentId\":\"1808758090157985794\",\"menuName\":\"往来单位\",\"orderNum\":1,\"path\":\"merchant\",\"component\":\"baseInfo/merchant/index\",\"queryParam\":null,\"isFrame\":\"0\",\"isCache\":\"0\",\"menuType\":\"C\",\"visible\":\"1\",\"status\":\"1\",\"perms\":\"wms:merchant:list\",\"icon\":\"documentation\",\"remark\":null}', '{\"code\":200,\"msg\":\"操作成功\",\"data\":null}', 1, '', '2025-04-07 10:54:40');
INSERT INTO `sys_oper_log` VALUES (1909077466825547777, '往来单位', 2, 'com.ruoyi.wms.controller.MerchantController.edit()', 'PUT', 1, 'admin', '研发部门', '/wms/merchant', '0:0:0:0:0:0:0:1', '内网IP', '{\"createBy\":null,\"createTime\":null,\"updateBy\":null,\"updateTime\":null,\"id\":\"1828354284882399233\",\"merchantCode\":\"c_s_0001\",\"merchantName\":\"苏州CS有限公司\",\"merchantType\":1,\"merchantLevel\":null,\"bankName\":null,\"bankAccount\":null,\"address\":null,\"mobile\":null,\"tel\":null,\"contactPerson\":null,\"email\":null,\"remark\":null}', '{\"code\":200,\"msg\":\"操作成功\",\"data\":null}', 1, '', '2025-04-07 10:55:12');
INSERT INTO `sys_oper_log` VALUES (1909084748992929794, '菜单管理', 2, 'com.ruoyi.system.controller.system.SysMenuController.edit()', 'PUT', 1, 'admin', '研发部门', '/system/menu', '0:0:0:0:0:0:0:1', '内网IP', '{\"createBy\":null,\"createTime\":null,\"updateBy\":null,\"updateTime\":null,\"menuId\":\"1809059968309743618\",\"parentId\":\"1808758090157985794\",\"menuName\":\"往来单位\",\"orderNum\":1,\"path\":\"merchant\",\"component\":\"wms/basic/merchant/index\",\"queryParam\":null,\"isFrame\":\"0\",\"isCache\":\"0\",\"menuType\":\"C\",\"visible\":\"1\",\"status\":\"1\",\"perms\":\"wms:merchant:list\",\"icon\":\"documentation\",\"remark\":null}', '{\"code\":200,\"msg\":\"操作成功\",\"data\":null}', 1, '', '2025-04-07 11:24:08');
INSERT INTO `sys_oper_log` VALUES (1909084956329959426, '菜单管理', 2, 'com.ruoyi.system.controller.system.SysMenuController.edit()', 'PUT', 1, 'admin', '研发部门', '/system/menu', '0:0:0:0:0:0:0:1', '内网IP', '{\"createBy\":null,\"createTime\":null,\"updateBy\":null,\"updateTime\":null,\"menuId\":\"1818123963605549057\",\"parentId\":\"1808758090157985794\",\"menuName\":\"品牌管理\",\"orderNum\":3,\"path\":\"itemBrand\",\"component\":\"wms/basic/itemBrand/index\",\"queryParam\":null,\"isFrame\":\"0\",\"isCache\":\"0\",\"menuType\":\"C\",\"visible\":\"1\",\"status\":\"1\",\"perms\":\"wms:itemBrand:list\",\"icon\":\"documentation\",\"remark\":null}', '{\"code\":200,\"msg\":\"操作成功\",\"data\":null}', 1, '', '2025-04-07 11:24:57');
INSERT INTO `sys_oper_log` VALUES (1909085007211061249, '菜单管理', 2, 'com.ruoyi.system.controller.system.SysMenuController.edit()', 'PUT', 1, 'admin', '研发部门', '/system/menu', '0:0:0:0:0:0:0:1', '内网IP', '{\"createBy\":null,\"createTime\":null,\"updateBy\":null,\"updateTime\":null,\"menuId\":\"1813820131794837506\",\"parentId\":\"1808758090157985794\",\"menuName\":\"商品管理\",\"orderNum\":4,\"path\":\"item\",\"component\":\"wms/basic/item/index\",\"queryParam\":null,\"isFrame\":\"0\",\"isCache\":\"0\",\"menuType\":\"C\",\"visible\":\"1\",\"status\":\"1\",\"perms\":\"wms:item:list\",\"icon\":\"documentation\",\"remark\":null}', '{\"code\":200,\"msg\":\"操作成功\",\"data\":null}', 1, '', '2025-04-07 11:25:09');
INSERT INTO `sys_oper_log` VALUES (1909128585421447169, '菜单管理', 1, 'com.ruoyi.system.controller.system.SysMenuController.add()', 'POST', 1, 'admin', '研发部门', '/system/menu', '0:0:0:0:0:0:0:1', '内网IP', '{\"createBy\":null,\"createTime\":null,\"updateBy\":null,\"updateTime\":null,\"menuId\":null,\"parentId\":0,\"menuName\":\"仓库管理\",\"orderNum\":105,\"path\":\"warehouse-mng\",\"component\":null,\"queryParam\":null,\"isFrame\":\"0\",\"isCache\":\"0\",\"menuType\":\"M\",\"visible\":\"1\",\"status\":\"1\",\"icon\":\"documentation\",\"remark\":null}', '{\"code\":200,\"msg\":\"操作成功\",\"data\":null}', 1, '', '2025-04-07 14:18:19');
INSERT INTO `sys_oper_log` VALUES (1909128719018418178, '菜单管理', 2, 'com.ruoyi.system.controller.system.SysMenuController.edit()', 'PUT', 1, 'admin', '研发部门', '/system/menu', '0:0:0:0:0:0:0:1', '内网IP', '{\"createBy\":null,\"createTime\":\"2024-08-06 15:50:30\",\"updateBy\":null,\"updateTime\":null,\"menuId\":\"1820729144067321858\",\"parentId\":\"1909128585102680065\",\"menuName\":\"库存统计\",\"orderNum\":0,\"path\":\"inventory\",\"component\":\"wms/inventory/statistic\",\"queryParam\":null,\"isFrame\":\"0\",\"isCache\":\"0\",\"menuType\":\"C\",\"visible\":\"1\",\"status\":\"1\",\"perms\":\"wms:inventory:all\",\"icon\":\"DotChartOutlined\",\"remark\":\"\"}', '{\"code\":200,\"msg\":\"操作成功\",\"data\":null}', 1, '', '2025-04-07 14:18:51');
INSERT INTO `sys_oper_log` VALUES (1909128778665615362, '菜单管理', 2, 'com.ruoyi.system.controller.system.SysMenuController.edit()', 'PUT', 1, 'admin', '研发部门', '/system/menu', '0:0:0:0:0:0:0:1', '内网IP', '{\"createBy\":null,\"createTime\":\"2024-08-20 13:37:08\",\"updateBy\":null,\"updateTime\":null,\"menuId\":\"1825769009480142850\",\"parentId\":\"1909128585102680065\",\"menuName\":\"库存明细\",\"orderNum\":1,\"path\":\"inventoryDetail\",\"component\":\"wms/inventory/detail\",\"queryParam\":null,\"isFrame\":\"0\",\"isCache\":\"0\",\"menuType\":\"C\",\"visible\":\"1\",\"status\":\"1\",\"perms\":\"wms:inventoryDetail:all\",\"icon\":\"table\",\"remark\":\"\"}', '{\"code\":200,\"msg\":\"操作成功\",\"data\":null}', 1, '', '2025-04-07 14:19:05');
INSERT INTO `sys_oper_log` VALUES (1909128815776817154, '菜单管理', 2, 'com.ruoyi.system.controller.system.SysMenuController.edit()', 'PUT', 1, 'admin', '研发部门', '/system/menu', '0:0:0:0:0:0:0:1', '内网IP', '{\"createBy\":null,\"createTime\":\"2024-08-07 14:46:13\",\"updateBy\":null,\"updateTime\":null,\"menuId\":\"1821075355068559361\",\"parentId\":\"1909128585102680065\",\"menuName\":\"库存记录\",\"orderNum\":3,\"path\":\"inventoryHistory\",\"component\":\"wms/inventory/history\",\"queryParam\":null,\"isFrame\":\"0\",\"isCache\":\"0\",\"menuType\":\"C\",\"visible\":\"1\",\"status\":\"1\",\"perms\":\"wms:inventoryHistory:all\",\"icon\":\"list\",\"remark\":\"\"}', '{\"code\":200,\"msg\":\"操作成功\",\"data\":null}', 1, '', '2025-04-07 14:19:14');
INSERT INTO `sys_oper_log` VALUES (1909128859808620546, '菜单管理', 2, 'com.ruoyi.system.controller.system.SysMenuController.edit()', 'PUT', 1, 'admin', '研发部门', '/system/menu', '0:0:0:0:0:0:0:1', '内网IP', '{\"createBy\":null,\"createTime\":\"2024-07-31 09:58:42\",\"updateBy\":null,\"updateTime\":null,\"menuId\":\"1818466281474822145\",\"parentId\":\"1909128585102680065\",\"menuName\":\"入库\",\"orderNum\":20,\"path\":\"receiptOrder\",\"component\":\"wms/order/receipt/index\",\"queryParam\":null,\"isFrame\":\"0\",\"isCache\":\"0\",\"menuType\":\"C\",\"visible\":\"1\",\"status\":\"1\",\"perms\":\"wms:receipt:all\",\"icon\":\"exit-fullscreen\",\"remark\":\"\"}', '{\"code\":200,\"msg\":\"操作成功\",\"data\":null}', 1, '', '2025-04-07 14:19:25');
INSERT INTO `sys_oper_log` VALUES (1909128925113933825, '菜单管理', 2, 'com.ruoyi.system.controller.system.SysMenuController.edit()', 'PUT', 1, 'admin', '研发部门', '/system/menu', '0:0:0:0:0:0:0:1', '内网IP', '{\"createBy\":null,\"createTime\":\"2024-08-01 11:43:04\",\"updateBy\":null,\"updateTime\":null,\"menuId\":\"1818854933803638785\",\"parentId\":\"1909128585102680065\",\"menuName\":\"出库\",\"orderNum\":30,\"path\":\"shipmentOrder\",\"component\":\"wms/order/shipment/index\",\"queryParam\":null,\"isFrame\":\"0\",\"isCache\":\"0\",\"menuType\":\"C\",\"visible\":\"1\",\"status\":\"1\",\"perms\":\"wms:shipment:all\",\"icon\":\"fullscreen\",\"remark\":\"\"}', '{\"code\":200,\"msg\":\"操作成功\",\"data\":null}', 1, '', '2025-04-07 14:19:40');
INSERT INTO `sys_oper_log` VALUES (1909128955673632769, '菜单管理', 2, 'com.ruoyi.system.controller.system.SysMenuController.edit()', 'PUT', 1, 'admin', '研发部门', '/system/menu', '0:0:0:0:0:0:0:1', '内网IP', '{\"createBy\":null,\"createTime\":\"2024-08-12 10:19:35\",\"updateBy\":null,\"updateTime\":null,\"menuId\":\"1822820194307051521\",\"parentId\":\"1909128585102680065\",\"menuName\":\"移库\",\"orderNum\":40,\"path\":\"movementOrder\",\"component\":\"wms/order/movement/index\",\"queryParam\":null,\"isFrame\":\"0\",\"isCache\":\"0\",\"menuType\":\"C\",\"visible\":\"1\",\"status\":\"1\",\"perms\":\"wms:movement:all\",\"icon\":\"drag\",\"remark\":\"\"}', '{\"code\":200,\"msg\":\"操作成功\",\"data\":null}', 1, '', '2025-04-07 14:19:48');
INSERT INTO `sys_oper_log` VALUES (1909128990423441409, '菜单管理', 2, 'com.ruoyi.system.controller.system.SysMenuController.edit()', 'PUT', 1, 'admin', '研发部门', '/system/menu', '0:0:0:0:0:0:0:1', '内网IP', '{\"createBy\":null,\"createTime\":\"2024-08-13 10:38:08\",\"updateBy\":null,\"updateTime\":null,\"menuId\":\"1823187248797270018\",\"parentId\":\"1909128585102680065\",\"menuName\":\"盘库\",\"orderNum\":50,\"path\":\"checkOrder\",\"component\":\"wms/order/check/index\",\"queryParam\":null,\"isFrame\":\"0\",\"isCache\":\"0\",\"menuType\":\"C\",\"visible\":\"1\",\"status\":\"1\",\"perms\":\"wms:check:all\",\"icon\":\"example\",\"remark\":\"\"}', '{\"code\":200,\"msg\":\"操作成功\",\"data\":null}', 1, '', '2025-04-07 14:19:56');
INSERT INTO `sys_oper_log` VALUES (1910532514527580162, '菜单管理', 3, 'com.ruoyi.system.controller.system.SysMenuController.remove()', 'DELETE', 1, 'admin', '研发部门', '/system/menu/118', '0:0:0:0:0:0:0:1', '内网IP', '{}', '{\"code\":601,\"msg\":\"存在子菜单,不允许删除\",\"data\":null}', 1, '', '2025-04-11 11:17:02');
INSERT INTO `sys_oper_log` VALUES (1910532607330750465, '菜单管理', 3, 'com.ruoyi.system.controller.system.SysMenuController.remove()', 'DELETE', 1, 'admin', '研发部门', '/system/menu/118', '0:0:0:0:0:0:0:1', '内网IP', '{}', '{\"code\":601,\"msg\":\"存在子菜单,不允许删除\",\"data\":null}', 1, '', '2025-04-11 11:17:24');
INSERT INTO `sys_oper_log` VALUES (1910532943575519234, '菜单管理', 3, 'com.ruoyi.system.controller.system.SysMenuController.remove()', 'DELETE', 1, 'admin', '研发部门', '/system/menu/118', '0:0:0:0:0:0:0:1', '内网IP', '{}', '{\"code\":601,\"msg\":\"存在子菜单,不允许删除\",\"data\":null}', 1, '', '2025-04-11 11:18:44');
INSERT INTO `sys_oper_log` VALUES (1910533027369324545, '菜单管理', 3, 'com.ruoyi.system.controller.system.SysMenuController.remove()', 'DELETE', 1, 'admin', '研发部门', '/system/menu/1600', '0:0:0:0:0:0:0:1', '内网IP', '{}', '{\"code\":200,\"msg\":\"操作成功\",\"data\":null}', 1, '', '2025-04-11 11:19:04');
INSERT INTO `sys_oper_log` VALUES (1910533041663512577, '菜单管理', 3, 'com.ruoyi.system.controller.system.SysMenuController.remove()', 'DELETE', 1, 'admin', '研发部门', '/system/menu/1601', '0:0:0:0:0:0:0:1', '内网IP', '{}', '{\"code\":200,\"msg\":\"操作成功\",\"data\":null}', 1, '', '2025-04-11 11:19:08');
INSERT INTO `sys_oper_log` VALUES (1910533052698726402, '菜单管理', 3, 'com.ruoyi.system.controller.system.SysMenuController.remove()', 'DELETE', 1, 'admin', '研发部门', '/system/menu/1602', '0:0:0:0:0:0:0:1', '内网IP', '{}', '{\"code\":200,\"msg\":\"操作成功\",\"data\":null}', 1, '', '2025-04-11 11:19:10');
INSERT INTO `sys_oper_log` VALUES (1910533065126449153, '菜单管理', 3, 'com.ruoyi.system.controller.system.SysMenuController.remove()', 'DELETE', 1, 'admin', '研发部门', '/system/menu/1603', '0:0:0:0:0:0:0:1', '内网IP', '{}', '{\"code\":200,\"msg\":\"操作成功\",\"data\":null}', 1, '', '2025-04-11 11:19:13');
INSERT INTO `sys_oper_log` VALUES (1910533074991452161, '菜单管理', 3, 'com.ruoyi.system.controller.system.SysMenuController.remove()', 'DELETE', 1, 'admin', '研发部门', '/system/menu/1604', '0:0:0:0:0:0:0:1', '内网IP', '{}', '{\"code\":200,\"msg\":\"操作成功\",\"data\":null}', 1, '', '2025-04-11 11:19:16');
INSERT INTO `sys_oper_log` VALUES (1910533085301051393, '菜单管理', 3, 'com.ruoyi.system.controller.system.SysMenuController.remove()', 'DELETE', 1, 'admin', '研发部门', '/system/menu/1605', '0:0:0:0:0:0:0:1', '内网IP', '{}', '{\"code\":200,\"msg\":\"操作成功\",\"data\":null}', 1, '', '2025-04-11 11:19:18');
INSERT INTO `sys_oper_log` VALUES (1910533105874112514, '菜单管理', 3, 'com.ruoyi.system.controller.system.SysMenuController.remove()', 'DELETE', 1, 'admin', '研发部门', '/system/menu/118', '0:0:0:0:0:0:0:1', '内网IP', '{}', '{\"code\":200,\"msg\":\"操作成功\",\"data\":null}', 1, '', '2025-04-11 11:19:23');
INSERT INTO `sys_oper_log` VALUES (1910588195066667009, '物料类型', 1, 'com.ruoyi.wms.controller.ItemCategoryController.add()', 'POST', 1, 'admin', '研发部门', '/wms/itemCategory', '0:0:0:0:0:0:0:1', '内网IP', '{\"createBy\":null,\"createTime\":null,\"updateBy\":null,\"updateTime\":null,\"id\":null,\"parentId\":null,\"categoryName\":\"手机2\",\"orderNum\":null,\"status\":null}', '', 0, '分类名重复', '2025-04-11 14:58:17');
INSERT INTO `sys_oper_log` VALUES (1910588541381959681, '物料类型', 1, 'com.ruoyi.wms.controller.ItemCategoryController.add()', 'POST', 1, 'admin', '研发部门', '/wms/itemCategory', '0:0:0:0:0:0:0:1', '内网IP', '{\"createBy\":null,\"createTime\":null,\"updateBy\":null,\"updateTime\":null,\"id\":null,\"parentId\":null,\"categoryName\":\"洗衣机\",\"orderNum\":null,\"status\":null}', '{\"code\":200,\"msg\":\"操作成功\",\"data\":null}', 1, '', '2025-04-11 14:59:40');
INSERT INTO `sys_oper_log` VALUES (1910609219271319554, '物料类型', 1, 'com.ruoyi.wms.controller.ItemCategoryController.add()', 'POST', 1, 'admin', '研发部门', '/wms/itemCategory', '0:0:0:0:0:0:0:1', '内网IP', '{\"createBy\":null,\"createTime\":null,\"updateBy\":null,\"updateTime\":null,\"id\":null,\"parentId\":null,\"categoryName\":\"华为01\",\"orderNum\":null,\"status\":null}', '{\"code\":200,\"msg\":\"操作成功\",\"data\":null}', 1, '', '2025-04-11 16:21:50');
INSERT INTO `sys_oper_log` VALUES (1910610604989669377, '物料类型', 1, 'com.ruoyi.wms.controller.ItemCategoryController.add()', 'POST', 1, 'admin', '研发部门', '/wms/itemCategory', '0:0:0:0:0:0:0:1', '内网IP', '{\"createBy\":null,\"createTime\":null,\"updateBy\":null,\"updateTime\":null,\"id\":null,\"parentId\":\"1828364988754595841\",\"categoryName\":\"华为01\",\"orderNum\":null,\"status\":null}', '', 0, '分类名重复', '2025-04-11 16:27:20');
INSERT INTO `sys_oper_log` VALUES (1911067063703625729, '用户管理', 1, 'com.ruoyi.system.controller.system.SysUserController.add()', 'POST', 1, 'admin', '研发部门', '/system/user', '0:0:0:0:0:0:0:1', '内网IP', '{\"createBy\":null,\"createTime\":null,\"updateBy\":null,\"updateTime\":null,\"userId\":\"1911067062600523777\",\"deptId\":103,\"userName\":\"123456\",\"nickName\":\"www\",\"userType\":null,\"email\":null,\"phonenumber\":null,\"sex\":\"0\",\"avatar\":null,\"status\":\"0\",\"delFlag\":null,\"loginIp\":null,\"loginDate\":null,\"remark\":null,\"dept\":null,\"roles\":null,\"roleIds\":[\"1829105952432427010\"],\"postIds\":[4],\"roleId\":null,\"admin\":false}', '{\"code\":200,\"msg\":\"操作成功\",\"data\":null}', 1, '', '2025-04-12 22:41:09');
INSERT INTO `sys_oper_log` VALUES (1911067093474795521, '用户管理', 2, 'com.ruoyi.system.controller.system.SysUserController.changeStatus()', 'PUT', 1, 'admin', '研发部门', '/system/user/changeStatus', '0:0:0:0:0:0:0:1', '内网IP', '{\"createBy\":null,\"createTime\":null,\"updateBy\":null,\"updateTime\":null,\"userId\":1,\"deptId\":null,\"userName\":null,\"nickName\":null,\"userType\":null,\"email\":null,\"phonenumber\":null,\"sex\":null,\"avatar\":null,\"status\":\"0\",\"delFlag\":null,\"loginIp\":null,\"loginDate\":null,\"remark\":null,\"dept\":null,\"roles\":null,\"roleIds\":null,\"postIds\":null,\"roleId\":null,\"admin\":true}', '', 0, '不允许操作超级管理员用户', '2025-04-12 22:41:16');
INSERT INTO `sys_oper_log` VALUES (1911067108444266497, '用户管理', 2, 'com.ruoyi.system.controller.system.SysUserController.changeStatus()', 'PUT', 1, 'admin', '研发部门', '/system/user/changeStatus', '0:0:0:0:0:0:0:1', '内网IP', '{\"createBy\":null,\"createTime\":null,\"updateBy\":null,\"updateTime\":null,\"userId\":\"1911067062600523777\",\"deptId\":null,\"userName\":null,\"nickName\":null,\"userType\":null,\"email\":null,\"phonenumber\":null,\"sex\":null,\"avatar\":null,\"status\":\"1\",\"delFlag\":null,\"loginIp\":null,\"loginDate\":null,\"remark\":null,\"dept\":null,\"roles\":null,\"roleIds\":null,\"postIds\":null,\"roleId\":null,\"admin\":false}', '{\"code\":200,\"msg\":\"操作成功\",\"data\":null}', 1, '', '2025-04-12 22:41:19');
INSERT INTO `sys_oper_log` VALUES (1911067119630475265, '用户管理', 2, 'com.ruoyi.system.controller.system.SysUserController.changeStatus()', 'PUT', 1, 'admin', '研发部门', '/system/user/changeStatus', '0:0:0:0:0:0:0:1', '内网IP', '{\"createBy\":null,\"createTime\":null,\"updateBy\":null,\"updateTime\":null,\"userId\":\"1911067062600523777\",\"deptId\":null,\"userName\":null,\"nickName\":null,\"userType\":null,\"email\":null,\"phonenumber\":null,\"sex\":null,\"avatar\":null,\"status\":\"0\",\"delFlag\":null,\"loginIp\":null,\"loginDate\":null,\"remark\":null,\"dept\":null,\"roles\":null,\"roleIds\":null,\"postIds\":null,\"roleId\":null,\"admin\":false}', '{\"code\":200,\"msg\":\"操作成功\",\"data\":null}', 1, '', '2025-04-12 22:41:22');
INSERT INTO `sys_oper_log` VALUES (1911067343585337346, '用户管理', 1, 'com.ruoyi.system.controller.system.SysUserController.add()', 'POST', 1, 'admin', '研发部门', '/system/user', '0:0:0:0:0:0:0:1', '内网IP', '{\"createBy\":null,\"createTime\":null,\"updateBy\":null,\"updateTime\":null,\"userId\":\"1911067342352211969\",\"deptId\":103,\"userName\":\"root\",\"nickName\":\"root\",\"userType\":null,\"email\":null,\"phonenumber\":null,\"sex\":\"0\",\"avatar\":null,\"status\":\"1\",\"delFlag\":null,\"loginIp\":null,\"loginDate\":null,\"remark\":null,\"dept\":null,\"roles\":null,\"roleIds\":[1],\"postIds\":[4],\"roleId\":null,\"admin\":false}', '{\"code\":200,\"msg\":\"操作成功\",\"data\":null}', 1, '', '2025-04-12 22:42:15');
INSERT INTO `sys_oper_log` VALUES (1911067696364052481, '角色管理', 1, 'com.ruoyi.system.controller.system.SysRoleController.add()', 'POST', 1, 'admin', '研发部门', '/system/role', '0:0:0:0:0:0:0:1', '内网IP', '{\"createBy\":null,\"createTime\":null,\"updateBy\":null,\"updateTime\":null,\"roleId\":\"1911067693423845377\",\"roleName\":\"普通员工\",\"roleKey\":\"100\",\"roleSort\":12,\"dataScope\":null,\"menuCheckStrictly\":null,\"deptCheckStrictly\":null,\"status\":\"1\",\"remark\":null,\"menuIds\":[\"1823190638784757762\",\"1822862323595145218\",\"1818855673632727042\",\"1815207165755183105\"],\"deptIds\":null,\"admin\":false}', '{\"code\":200,\"msg\":\"操作成功\",\"data\":null}', 1, '', '2025-04-12 22:43:39');
INSERT INTO `sys_oper_log` VALUES (1911067737023635458, '角色管理', 2, 'com.ruoyi.system.controller.system.SysRoleController.changeStatus()', 'PUT', 1, 'admin', '研发部门', '/system/role/changeStatus', '0:0:0:0:0:0:0:1', '内网IP', '{\"createBy\":null,\"createTime\":null,\"updateBy\":null,\"updateTime\":null,\"roleId\":\"1911067693423845377\",\"roleName\":null,\"roleKey\":null,\"roleSort\":null,\"dataScope\":null,\"menuCheckStrictly\":null,\"deptCheckStrictly\":null,\"status\":\"0\",\"remark\":null,\"menuIds\":null,\"deptIds\":null,\"admin\":false}', '{\"code\":200,\"msg\":\"操作成功\",\"data\":null}', 1, '', '2025-04-12 22:43:49');
INSERT INTO `sys_oper_log` VALUES (1911067749682044929, '角色管理', 2, 'com.ruoyi.system.controller.system.SysRoleController.changeStatus()', 'PUT', 1, 'admin', '研发部门', '/system/role/changeStatus', '0:0:0:0:0:0:0:1', '内网IP', '{\"createBy\":null,\"createTime\":null,\"updateBy\":null,\"updateTime\":null,\"roleId\":1,\"roleName\":null,\"roleKey\":null,\"roleSort\":null,\"dataScope\":null,\"menuCheckStrictly\":null,\"deptCheckStrictly\":null,\"status\":\"0\",\"remark\":null,\"menuIds\":null,\"deptIds\":null,\"admin\":true}', '', 0, '不允许操作超级管理员角色', '2025-04-12 22:43:52');
INSERT INTO `sys_oper_log` VALUES (1911067759756763137, '角色管理', 2, 'com.ruoyi.system.controller.system.SysRoleController.changeStatus()', 'PUT', 1, 'admin', '研发部门', '/system/role/changeStatus', '0:0:0:0:0:0:0:1', '内网IP', '{\"createBy\":null,\"createTime\":null,\"updateBy\":null,\"updateTime\":null,\"roleId\":\"1829105952432427010\",\"roleName\":null,\"roleKey\":null,\"roleSort\":null,\"dataScope\":null,\"menuCheckStrictly\":null,\"deptCheckStrictly\":null,\"status\":\"0\",\"remark\":null,\"menuIds\":null,\"deptIds\":null,\"admin\":false}', '', 0, '角色已分配，不能禁用!', '2025-04-12 22:43:55');
INSERT INTO `sys_oper_log` VALUES (1911067780703117314, '角色管理', 2, 'com.ruoyi.system.controller.system.SysRoleController.changeStatus()', 'PUT', 1, 'admin', '研发部门', '/system/role/changeStatus', '0:0:0:0:0:0:0:1', '内网IP', '{\"createBy\":null,\"createTime\":null,\"updateBy\":null,\"updateTime\":null,\"roleId\":\"1911067693423845377\",\"roleName\":null,\"roleKey\":null,\"roleSort\":null,\"dataScope\":null,\"menuCheckStrictly\":null,\"deptCheckStrictly\":null,\"status\":\"1\",\"remark\":null,\"menuIds\":null,\"deptIds\":null,\"admin\":false}', '{\"code\":200,\"msg\":\"操作成功\",\"data\":null}', 1, '', '2025-04-12 22:44:00');
INSERT INTO `sys_oper_log` VALUES (1911067869442007042, '角色管理', 2, 'com.ruoyi.system.controller.system.SysRoleController.changeStatus()', 'PUT', 1, 'admin', '研发部门', '/system/role/changeStatus', '0:0:0:0:0:0:0:1', '内网IP', '{\"createBy\":null,\"createTime\":null,\"updateBy\":null,\"updateTime\":null,\"roleId\":\"1911067693423845377\",\"roleName\":null,\"roleKey\":null,\"roleSort\":null,\"dataScope\":null,\"menuCheckStrictly\":null,\"deptCheckStrictly\":null,\"status\":\"0\",\"remark\":null,\"menuIds\":null,\"deptIds\":null,\"admin\":false}', '{\"code\":200,\"msg\":\"操作成功\",\"data\":null}', 1, '', '2025-04-12 22:44:21');
INSERT INTO `sys_oper_log` VALUES (1911067887762726913, '用户管理', 2, 'com.ruoyi.system.controller.system.SysUserController.changeStatus()', 'PUT', 1, 'admin', '研发部门', '/system/user/changeStatus', '0:0:0:0:0:0:0:1', '内网IP', '{\"createBy\":null,\"createTime\":null,\"updateBy\":null,\"updateTime\":null,\"userId\":\"1911067342352211969\",\"deptId\":null,\"userName\":null,\"nickName\":null,\"userType\":null,\"email\":null,\"phonenumber\":null,\"sex\":null,\"avatar\":null,\"status\":\"0\",\"delFlag\":null,\"loginIp\":null,\"loginDate\":null,\"remark\":null,\"dept\":null,\"roles\":null,\"roleIds\":null,\"postIds\":null,\"roleId\":null,\"admin\":false}', '{\"code\":200,\"msg\":\"操作成功\",\"data\":null}', 1, '', '2025-04-12 22:44:25');
INSERT INTO `sys_oper_log` VALUES (1911068017463189506, '用户管理', 1, 'com.ruoyi.system.controller.system.SysUserController.add()', 'POST', 1, 'admin', '研发部门', '/system/user', '0:0:0:0:0:0:0:1', '内网IP', '{\"createBy\":null,\"createTime\":null,\"updateBy\":null,\"updateTime\":null,\"userId\":\"1911068015072436226\",\"deptId\":103,\"userName\":\"101\",\"nickName\":\"w1\",\"userType\":null,\"email\":null,\"phonenumber\":null,\"sex\":\"0\",\"avatar\":null,\"status\":\"0\",\"delFlag\":null,\"loginIp\":null,\"loginDate\":null,\"remark\":null,\"dept\":null,\"roles\":null,\"roleIds\":[\"1911067693423845377\"],\"postIds\":[4],\"roleId\":null,\"admin\":false}', '{\"code\":200,\"msg\":\"操作成功\",\"data\":null}', 1, '', '2025-04-12 22:44:56');
INSERT INTO `sys_oper_log` VALUES (1911068086228803585, '用户管理', 1, 'com.ruoyi.system.controller.system.SysUserController.add()', 'POST', 1, 'admin', '研发部门', '/system/user', '0:0:0:0:0:0:0:1', '内网IP', '{\"createBy\":null,\"createTime\":null,\"updateBy\":null,\"updateTime\":null,\"userId\":null,\"deptId\":\"1811589666899832833\",\"userName\":\"101\",\"nickName\":\"w1\",\"userType\":null,\"email\":\"\",\"phonenumber\":\"\",\"sex\":\"0\",\"avatar\":null,\"status\":\"0\",\"delFlag\":null,\"loginIp\":null,\"loginDate\":null,\"remark\":null,\"dept\":null,\"roles\":null,\"roleIds\":[\"1911067693423845377\"],\"postIds\":[4],\"roleId\":null,\"admin\":false}', '{\"code\":500,\"msg\":\"新增用户\'101\'失败，登录账号已存在\",\"data\":null}', 1, '', '2025-04-12 22:45:12');
INSERT INTO `sys_oper_log` VALUES (1911068211546218498, '用户管理', 1, 'com.ruoyi.system.controller.system.SysUserController.add()', 'POST', 1, 'admin', '研发部门', '/system/user', '0:0:0:0:0:0:0:1', '内网IP', '{\"createBy\":null,\"createTime\":null,\"updateBy\":null,\"updateTime\":null,\"userId\":\"1911068210640248833\",\"deptId\":\"1811589666899832833\",\"userName\":\"102\",\"nickName\":\"w2\",\"userType\":null,\"email\":null,\"phonenumber\":null,\"sex\":\"0\",\"avatar\":null,\"status\":\"0\",\"delFlag\":null,\"loginIp\":null,\"loginDate\":null,\"remark\":null,\"dept\":null,\"roles\":null,\"roleIds\":[\"1911067693423845377\"],\"postIds\":[4],\"roleId\":null,\"admin\":false}', '{\"code\":200,\"msg\":\"操作成功\",\"data\":null}', 1, '', '2025-04-12 22:45:42');
INSERT INTO `sys_oper_log` VALUES (1911068418669338625, '用户管理', 1, 'com.ruoyi.system.controller.system.SysUserController.add()', 'POST', 1, 'admin', '研发部门', '/system/user', '0:0:0:0:0:0:0:1', '内网IP', '{\"createBy\":null,\"createTime\":null,\"updateBy\":null,\"updateTime\":null,\"userId\":\"1911068417427824641\",\"deptId\":\"1811589666899832833\",\"userName\":\"103\",\"nickName\":\"w3\",\"userType\":null,\"email\":null,\"phonenumber\":null,\"sex\":\"0\",\"avatar\":null,\"status\":\"0\",\"delFlag\":null,\"loginIp\":null,\"loginDate\":null,\"remark\":null,\"dept\":null,\"roles\":null,\"roleIds\":[\"1911067693423845377\"],\"postIds\":[4],\"roleId\":null,\"admin\":false}', '{\"code\":200,\"msg\":\"操作成功\",\"data\":null}', 1, '', '2025-04-12 22:46:32');
INSERT INTO `sys_oper_log` VALUES (1911068462860525570, '用户管理', 1, 'com.ruoyi.system.controller.system.SysUserController.add()', 'POST', 1, 'admin', '研发部门', '/system/user', '0:0:0:0:0:0:0:1', '内网IP', '{\"createBy\":null,\"createTime\":null,\"updateBy\":null,\"updateTime\":null,\"userId\":null,\"deptId\":103,\"userName\":\"101\",\"nickName\":\"w1\",\"userType\":null,\"email\":\"\",\"phonenumber\":\"\",\"sex\":\"0\",\"avatar\":null,\"status\":\"0\",\"delFlag\":null,\"loginIp\":null,\"loginDate\":null,\"remark\":null,\"dept\":null,\"roles\":null,\"roleIds\":[\"1911067693423845377\"],\"postIds\":[4],\"roleId\":null,\"admin\":false}', '{\"code\":500,\"msg\":\"新增用户\'101\'失败，登录账号已存在\",\"data\":null}', 1, '', '2025-04-12 22:46:42');
INSERT INTO `sys_oper_log` VALUES (1911068579357319169, '用户管理', 1, 'com.ruoyi.system.controller.system.SysUserController.add()', 'POST', 1, 'admin', '研发部门', '/system/user', '0:0:0:0:0:0:0:1', '内网IP', '{\"createBy\":null,\"createTime\":null,\"updateBy\":null,\"updateTime\":null,\"userId\":null,\"deptId\":\"1811589666899832833\",\"userName\":\"101\",\"nickName\":\"w1\",\"userType\":null,\"email\":\"\",\"phonenumber\":\"\",\"sex\":\"0\",\"avatar\":null,\"status\":\"0\",\"delFlag\":null,\"loginIp\":null,\"loginDate\":null,\"remark\":null,\"dept\":null,\"roles\":null,\"roleIds\":[\"1829105952432427010\"],\"postIds\":[4],\"roleId\":null,\"admin\":false}', '{\"code\":500,\"msg\":\"新增用户\'101\'失败，登录账号已存在\",\"data\":null}', 1, '', '2025-04-12 22:47:10');
INSERT INTO `sys_oper_log` VALUES (1911068646420045826, '用户管理', 1, 'com.ruoyi.system.controller.system.SysUserController.add()', 'POST', 1, 'admin', '研发部门', '/system/user', '0:0:0:0:0:0:0:1', '内网IP', '{\"createBy\":null,\"createTime\":null,\"updateBy\":null,\"updateTime\":null,\"userId\":null,\"deptId\":\"1811589666899832833\",\"userName\":\"101\",\"nickName\":\"w1\",\"userType\":null,\"email\":\"\",\"phonenumber\":\"\",\"sex\":\"0\",\"avatar\":null,\"status\":\"0\",\"delFlag\":null,\"loginIp\":null,\"loginDate\":null,\"remark\":null,\"dept\":null,\"roles\":null,\"roleIds\":[\"1911067693423845377\"],\"postIds\":[4],\"roleId\":null,\"admin\":false}', '{\"code\":500,\"msg\":\"新增用户\'101\'失败，登录账号已存在\",\"data\":null}', 1, '', '2025-04-12 22:47:26');
INSERT INTO `sys_oper_log` VALUES (1911068943682953217, '用户管理', 3, 'com.ruoyi.system.controller.system.SysUserController.remove()', 'DELETE', 1, 'admin', '研发部门', '/system/user/1911068210640248833', '0:0:0:0:0:0:0:1', '内网IP', '{}', '{\"code\":200,\"msg\":\"操作成功\",\"data\":null}', 1, '', '2025-04-12 22:48:37');
INSERT INTO `sys_oper_log` VALUES (1911069008468172802, '角色管理', 2, 'com.ruoyi.system.controller.system.SysRoleController.changeStatus()', 'PUT', 1, 'admin', '研发部门', '/system/role/changeStatus', '0:0:0:0:0:0:0:1', '内网IP', '{\"createBy\":null,\"createTime\":null,\"updateBy\":null,\"updateTime\":null,\"roleId\":\"1911067693423845377\",\"roleName\":null,\"roleKey\":null,\"roleSort\":null,\"dataScope\":null,\"menuCheckStrictly\":null,\"deptCheckStrictly\":null,\"status\":\"1\",\"remark\":null,\"menuIds\":null,\"deptIds\":null,\"admin\":false}', '{\"code\":200,\"msg\":\"操作成功\",\"data\":null}', 1, '', '2025-04-12 22:48:52');
INSERT INTO `sys_oper_log` VALUES (1911069181579681793, '用户管理', 2, 'com.ruoyi.system.controller.system.SysUserController.changeStatus()', 'PUT', 1, 'admin', '研发部门', '/system/user/changeStatus', '0:0:0:0:0:0:0:1', '内网IP', '{\"createBy\":null,\"createTime\":null,\"updateBy\":null,\"updateTime\":null,\"userId\":\"1911067062600523777\",\"deptId\":null,\"userName\":null,\"nickName\":null,\"userType\":null,\"email\":null,\"phonenumber\":null,\"sex\":null,\"avatar\":null,\"status\":\"1\",\"delFlag\":null,\"loginIp\":null,\"loginDate\":null,\"remark\":null,\"dept\":null,\"roles\":null,\"roleIds\":null,\"postIds\":null,\"roleId\":null,\"admin\":false}', '{\"code\":200,\"msg\":\"操作成功\",\"data\":null}', 1, '', '2025-04-12 22:49:33');
INSERT INTO `sys_oper_log` VALUES (1911069396109942786, '用户管理', 2, 'com.ruoyi.system.controller.system.SysUserController.changeStatus()', 'PUT', 1, 'admin', '研发部门', '/system/user/changeStatus', '0:0:0:0:0:0:0:1', '内网IP', '{\"createBy\":null,\"createTime\":null,\"updateBy\":null,\"updateTime\":null,\"userId\":\"1911068417427824641\",\"deptId\":null,\"userName\":null,\"nickName\":null,\"userType\":null,\"email\":null,\"phonenumber\":null,\"sex\":null,\"avatar\":null,\"status\":\"1\",\"delFlag\":null,\"loginIp\":null,\"loginDate\":null,\"remark\":null,\"dept\":null,\"roles\":null,\"roleIds\":null,\"postIds\":null,\"roleId\":null,\"admin\":false}', '{\"code\":200,\"msg\":\"操作成功\",\"data\":null}', 1, '', '2025-04-12 22:50:25');
INSERT INTO `sys_oper_log` VALUES (1911069499268849666, '用户管理', 2, 'com.ruoyi.system.controller.system.SysUserController.changeStatus()', 'PUT', 1, 'admin', '研发部门', '/system/user/changeStatus', '0:0:0:0:0:0:0:1', '内网IP', '{\"createBy\":null,\"createTime\":null,\"updateBy\":null,\"updateTime\":null,\"userId\":\"1911067062600523777\",\"deptId\":null,\"userName\":null,\"nickName\":null,\"userType\":null,\"email\":null,\"phonenumber\":null,\"sex\":null,\"avatar\":null,\"status\":\"0\",\"delFlag\":null,\"loginIp\":null,\"loginDate\":null,\"remark\":null,\"dept\":null,\"roles\":null,\"roleIds\":null,\"postIds\":null,\"roleId\":null,\"admin\":false}', '{\"code\":200,\"msg\":\"操作成功\",\"data\":null}', 1, '', '2025-04-12 22:50:49');
INSERT INTO `sys_oper_log` VALUES (1911069679586172930, '用户管理', 2, 'com.ruoyi.system.controller.system.SysUserController.changeStatus()', 'PUT', 1, 'admin', '研发部门', '/system/user/changeStatus', '0:0:0:0:0:0:0:1', '内网IP', '{\"createBy\":null,\"createTime\":null,\"updateBy\":null,\"updateTime\":null,\"userId\":\"1911068015072436226\",\"deptId\":null,\"userName\":null,\"nickName\":null,\"userType\":null,\"email\":null,\"phonenumber\":null,\"sex\":null,\"avatar\":null,\"status\":\"1\",\"delFlag\":null,\"loginIp\":null,\"loginDate\":null,\"remark\":null,\"dept\":null,\"roles\":null,\"roleIds\":null,\"postIds\":null,\"roleId\":null,\"admin\":false}', '{\"code\":200,\"msg\":\"操作成功\",\"data\":null}', 1, '', '2025-04-12 22:51:32');
INSERT INTO `sys_oper_log` VALUES (1911069775799312386, '用户管理', 2, 'com.ruoyi.system.controller.system.SysUserController.changeStatus()', 'PUT', 1, 'admin', '研发部门', '/system/user/changeStatus', '0:0:0:0:0:0:0:1', '内网IP', '{\"createBy\":null,\"createTime\":null,\"updateBy\":null,\"updateTime\":null,\"userId\":\"1911068015072436226\",\"deptId\":null,\"userName\":null,\"nickName\":null,\"userType\":null,\"email\":null,\"phonenumber\":null,\"sex\":null,\"avatar\":null,\"status\":\"0\",\"delFlag\":null,\"loginIp\":null,\"loginDate\":null,\"remark\":null,\"dept\":null,\"roles\":null,\"roleIds\":null,\"postIds\":null,\"roleId\":null,\"admin\":false}', '{\"code\":200,\"msg\":\"操作成功\",\"data\":null}', 1, '', '2025-04-12 22:51:55');
INSERT INTO `sys_oper_log` VALUES (1911069904098877442, '用户管理', 1, 'com.ruoyi.system.controller.system.SysUserController.add()', 'POST', 1, 'admin', '研发部门', '/system/user', '0:0:0:0:0:0:0:1', '内网IP', '{\"createBy\":null,\"createTime\":null,\"updateBy\":null,\"updateTime\":null,\"userId\":null,\"deptId\":103,\"userName\":\"123456\",\"nickName\":\"www\",\"userType\":null,\"email\":\"\",\"phonenumber\":\"\",\"sex\":\"0\",\"avatar\":null,\"status\":\"0\",\"delFlag\":null,\"loginIp\":null,\"loginDate\":null,\"remark\":null,\"dept\":null,\"roles\":null,\"roleIds\":[\"1911067693423845377\"],\"postIds\":[4],\"roleId\":null,\"admin\":false}', '{\"code\":500,\"msg\":\"新增用户\'123456\'失败，登录账号已存在\",\"data\":null}', 1, '', '2025-04-12 22:52:26');
INSERT INTO `sys_oper_log` VALUES (1911070833170767874, '商品品牌', 1, 'com.ruoyi.wms.controller.ItemBrandController.add()', 'POST', 1, 'admin', '研发部门', '/wms/itemBrand', '0:0:0:0:0:0:0:1', '内网IP', '{\"createBy\":null,\"createTime\":null,\"updateBy\":null,\"updateTime\":null,\"id\":null,\"brandName\":\"水果\"}', '{\"code\":200,\"msg\":\"操作成功\",\"data\":null}', 1, '', '2025-04-12 22:56:07');
INSERT INTO `sys_oper_log` VALUES (1911070869845762050, '商品品牌', 2, 'com.ruoyi.wms.controller.ItemBrandController.edit()', 'PUT', 1, 'admin', '研发部门', '/wms/itemBrand', '0:0:0:0:0:0:0:1', '内网IP', '{\"createBy\":null,\"createTime\":null,\"updateBy\":null,\"updateTime\":null,\"id\":\"1911070832189300737\",\"brandName\":\"水果1\"}', '{\"code\":200,\"msg\":\"操作成功\",\"data\":null}', 1, '', '2025-04-12 22:56:16');
INSERT INTO `sys_oper_log` VALUES (1911070919166582786, '商品品牌', 3, 'com.ruoyi.wms.controller.ItemBrandController.remove()', 'DELETE', 1, 'admin', '研发部门', '/wms/itemBrand/1911070832189300737', '0:0:0:0:0:0:0:1', '内网IP', '{}', '{\"code\":200,\"msg\":\"操作成功\",\"data\":null}', 1, '', '2025-04-12 22:56:28');
INSERT INTO `sys_oper_log` VALUES (1911073833457082369, '物料类型', 1, 'com.ruoyi.wms.controller.ItemCategoryController.add()', 'POST', 1, 'admin', '研发部门', '/wms/itemCategory', '0:0:0:0:0:0:0:1', '内网IP', '{\"createBy\":null,\"createTime\":null,\"updateBy\":null,\"updateTime\":null,\"id\":null,\"parentId\":\"1908923840719130626\",\"categoryName\":\"123\",\"orderNum\":null,\"status\":null}', '{\"code\":200,\"msg\":\"操作成功\",\"data\":null}', 1, '', '2025-04-12 23:08:03');
INSERT INTO `sys_oper_log` VALUES (1911087046458400769, '物料类型', 1, 'com.ruoyi.wms.controller.ItemCategoryController.add()', 'POST', 1, 'admin', '研发部门', '/wms/itemCategory', '0:0:0:0:0:0:0:1', '内网IP', '{\"createBy\":null,\"createTime\":null,\"updateBy\":null,\"updateTime\":null,\"id\":null,\"parentId\":\"1828365014901886978\",\"categoryName\":\"123\",\"orderNum\":null,\"status\":null}', '', 0, '分类名重复', '2025-04-13 00:00:33');
INSERT INTO `sys_oper_log` VALUES (1911087076120518657, '物料类型', 1, 'com.ruoyi.wms.controller.ItemCategoryController.add()', 'POST', 1, 'admin', '研发部门', '/wms/itemCategory', '0:0:0:0:0:0:0:1', '内网IP', '{\"createBy\":null,\"createTime\":null,\"updateBy\":null,\"updateTime\":null,\"id\":null,\"parentId\":\"1828365043024695297\",\"categoryName\":\"123\",\"orderNum\":null,\"status\":null}', '', 0, '分类名重复', '2025-04-13 00:00:40');
INSERT INTO `sys_oper_log` VALUES (1911087140536639489, '物料类型', 1, 'com.ruoyi.wms.controller.ItemCategoryController.add()', 'POST', 1, 'admin', '研发部门', '/wms/itemCategory', '0:0:0:0:0:0:0:1', '内网IP', '{\"createBy\":null,\"createTime\":null,\"updateBy\":null,\"updateTime\":null,\"id\":null,\"parentId\":\"1828365014901886978\",\"categoryName\":\"123\",\"orderNum\":null,\"status\":null}', '', 0, '分类名重复', '2025-04-13 00:00:55');
INSERT INTO `sys_oper_log` VALUES (1911087179237482497, '物料类型', 1, 'com.ruoyi.wms.controller.ItemCategoryController.add()', 'POST', 1, 'admin', '研发部门', '/wms/itemCategory', '0:0:0:0:0:0:0:1', '内网IP', '{\"createBy\":null,\"createTime\":null,\"updateBy\":null,\"updateTime\":null,\"id\":null,\"parentId\":\"1828365043024695297\",\"categoryName\":\"123\",\"orderNum\":null,\"status\":null}', '', 0, '分类名重复', '2025-04-13 00:01:04');
INSERT INTO `sys_oper_log` VALUES (1911087232916185090, '物料类型', 1, 'com.ruoyi.wms.controller.ItemCategoryController.add()', 'POST', 1, 'admin', '研发部门', '/wms/itemCategory', '0:0:0:0:0:0:0:1', '内网IP', '{\"createBy\":null,\"createTime\":null,\"updateBy\":null,\"updateTime\":null,\"id\":null,\"parentId\":\"1828365043024695297\",\"categoryName\":\"1234\",\"orderNum\":null,\"status\":null}', '{\"code\":200,\"msg\":\"操作成功\",\"data\":null}', 1, '', '2025-04-13 00:01:17');
INSERT INTO `sys_oper_log` VALUES (1911087844546371585, '物料类型', 1, 'com.ruoyi.wms.controller.ItemCategoryController.add()', 'POST', 1, 'admin', '研发部门', '/wms/itemCategory', '0:0:0:0:0:0:0:1', '内网IP', '{\"createBy\":null,\"createTime\":null,\"updateBy\":null,\"updateTime\":null,\"id\":null,\"parentId\":null,\"categoryName\":\"12345\",\"orderNum\":null,\"status\":null}', '{\"code\":200,\"msg\":\"操作成功\",\"data\":null}', 1, '', '2025-04-13 00:03:43');
INSERT INTO `sys_oper_log` VALUES (1911088165674868737, '物料类型', 1, 'com.ruoyi.wms.controller.ItemCategoryController.add()', 'POST', 1, 'admin', '研发部门', '/wms/itemCategory', '0:0:0:0:0:0:0:1', '内网IP', '{\"createBy\":null,\"createTime\":null,\"updateBy\":null,\"updateTime\":null,\"id\":null,\"parentId\":\"1828364988754595841\",\"categoryName\":\"12345\",\"orderNum\":null,\"status\":null}', '', 0, '分类名重复', '2025-04-13 00:05:00');
INSERT INTO `sys_oper_log` VALUES (1911088194175164417, '物料类型', 1, 'com.ruoyi.wms.controller.ItemCategoryController.add()', 'POST', 1, 'admin', '研发部门', '/wms/itemCategory', '0:0:0:0:0:0:0:1', '内网IP', '{\"createBy\":null,\"createTime\":null,\"updateBy\":null,\"updateTime\":null,\"id\":null,\"parentId\":\"1828364988754595841\",\"categoryName\":\"12345\",\"orderNum\":null,\"status\":null}', '', 0, '分类名重复', '2025-04-13 00:05:06');
INSERT INTO `sys_oper_log` VALUES (1911088222205698049, '物料类型', 1, 'com.ruoyi.wms.controller.ItemCategoryController.add()', 'POST', 1, 'admin', '研发部门', '/wms/itemCategory', '0:0:0:0:0:0:0:1', '内网IP', '{\"createBy\":null,\"createTime\":null,\"updateBy\":null,\"updateTime\":null,\"id\":null,\"parentId\":\"1828365014901886978\",\"categoryName\":\"12345\",\"orderNum\":null,\"status\":null}', '', 0, '分类名重复', '2025-04-13 00:05:13');
INSERT INTO `sys_oper_log` VALUES (1911088274487697410, '物料类型', 1, 'com.ruoyi.wms.controller.ItemCategoryController.add()', 'POST', 1, 'admin', '研发部门', '/wms/itemCategory', '0:0:0:0:0:0:0:1', '内网IP', '{\"createBy\":null,\"createTime\":null,\"updateBy\":null,\"updateTime\":null,\"id\":null,\"parentId\":\"1828364988754595841\",\"categoryName\":\"12345\",\"orderNum\":null,\"status\":null}', '', 0, '分类名重复', '2025-04-13 00:05:26');
INSERT INTO `sys_oper_log` VALUES (1911088324433469441, '物料类型', 1, 'com.ruoyi.wms.controller.ItemCategoryController.add()', 'POST', 1, 'admin', '研发部门', '/wms/itemCategory', '0:0:0:0:0:0:0:1', '内网IP', '{\"createBy\":null,\"createTime\":null,\"updateBy\":null,\"updateTime\":null,\"id\":null,\"parentId\":\"1828364988754595841\",\"categoryName\":\"666\",\"orderNum\":null,\"status\":null}', '{\"code\":200,\"msg\":\"操作成功\",\"data\":null}', 1, '', '2025-04-13 00:05:38');
INSERT INTO `sys_oper_log` VALUES (1911088612888338433, '物料类型', 1, 'com.ruoyi.wms.controller.ItemCategoryController.add()', 'POST', 1, 'admin', '研发部门', '/wms/itemCategory', '0:0:0:0:0:0:0:1', '内网IP', '{\"createBy\":null,\"createTime\":null,\"updateBy\":null,\"updateTime\":null,\"id\":null,\"parentId\":\"1828364988754595841\",\"categoryName\":\"777\",\"orderNum\":null,\"status\":null}', '{\"code\":200,\"msg\":\"操作成功\",\"data\":null}', 1, '', '2025-04-13 00:06:46');
INSERT INTO `sys_oper_log` VALUES (1911090978236719106, '物料类型', 1, 'com.ruoyi.wms.controller.ItemCategoryController.add()', 'POST', 1, 'admin', '研发部门', '/wms/itemCategory', '0:0:0:0:0:0:0:1', '内网IP', '{\"createBy\":null,\"createTime\":null,\"updateBy\":null,\"updateTime\":null,\"id\":null,\"parentId\":\"1828365014901886978\",\"categoryName\":\"65\",\"orderNum\":null,\"status\":null}', '{\"code\":200,\"msg\":\"操作成功\",\"data\":null}', 1, '', '2025-04-13 00:16:10');
INSERT INTO `sys_oper_log` VALUES (1911091016052563970, '物料类型', 1, 'com.ruoyi.wms.controller.ItemCategoryController.add()', 'POST', 1, 'admin', '研发部门', '/wms/itemCategory', '0:0:0:0:0:0:0:1', '内网IP', '{\"createBy\":null,\"createTime\":null,\"updateBy\":null,\"updateTime\":null,\"id\":null,\"parentId\":null,\"categoryName\":\"65\",\"orderNum\":null,\"status\":null}', '', 0, '分类名重复', '2025-04-13 00:16:19');
INSERT INTO `sys_oper_log` VALUES (1911091126023020546, '物料类型', 1, 'com.ruoyi.wms.controller.ItemCategoryController.add()', 'POST', 1, 'admin', '研发部门', '/wms/itemCategory', '0:0:0:0:0:0:0:1', '内网IP', '{\"createBy\":null,\"createTime\":null,\"updateBy\":null,\"updateTime\":null,\"id\":null,\"parentId\":null,\"categoryName\":\"65\",\"orderNum\":null,\"status\":null}', '', 0, '分类名重复', '2025-04-13 00:16:45');
INSERT INTO `sys_oper_log` VALUES (1911091172768538626, '物料类型', 1, 'com.ruoyi.wms.controller.ItemCategoryController.add()', 'POST', 1, 'admin', '研发部门', '/wms/itemCategory', '0:0:0:0:0:0:0:1', '内网IP', '{\"createBy\":null,\"createTime\":null,\"updateBy\":null,\"updateTime\":null,\"id\":null,\"parentId\":null,\"categoryName\":\"655\",\"orderNum\":null,\"status\":null}', '{\"code\":200,\"msg\":\"操作成功\",\"data\":null}', 1, '', '2025-04-13 00:16:57');
INSERT INTO `sys_oper_log` VALUES (1911091307590246402, '物料类型', 1, 'com.ruoyi.wms.controller.ItemCategoryController.add()', 'POST', 1, 'admin', '研发部门', '/wms/itemCategory', '0:0:0:0:0:0:0:1', '内网IP', '{\"createBy\":null,\"createTime\":null,\"updateBy\":null,\"updateTime\":null,\"id\":null,\"parentId\":null,\"categoryName\":\"6558\",\"orderNum\":null,\"status\":null}', '{\"code\":200,\"msg\":\"操作成功\",\"data\":null}', 1, '', '2025-04-13 00:17:29');
INSERT INTO `sys_oper_log` VALUES (1911091393732861953, '物料类型', 1, 'com.ruoyi.wms.controller.ItemCategoryController.add()', 'POST', 1, 'admin', '研发部门', '/wms/itemCategory', '0:0:0:0:0:0:0:1', '内网IP', '{\"createBy\":null,\"createTime\":null,\"updateBy\":null,\"updateTime\":null,\"id\":null,\"parentId\":null,\"categoryName\":\"65589\",\"orderNum\":null,\"status\":null}', '{\"code\":200,\"msg\":\"操作成功\",\"data\":null}', 1, '', '2025-04-13 00:17:49');
INSERT INTO `sys_oper_log` VALUES (1911095857877409793, '物料类型', 1, 'com.ruoyi.wms.controller.ItemCategoryController.add()', 'POST', 1, 'admin', '研发部门', '/wms/itemCategory', '0:0:0:0:0:0:0:1', '内网IP', '{\"createBy\":null,\"createTime\":null,\"updateBy\":null,\"updateTime\":null,\"id\":null,\"parentId\":\"1828364988754595841\",\"categoryName\":\"688\",\"orderNum\":null,\"status\":null}', '{\"code\":200,\"msg\":\"操作成功\",\"data\":null}', 1, '', '2025-04-13 00:35:34');
INSERT INTO `sys_oper_log` VALUES (1911095930963156993, '物料类型', 1, 'com.ruoyi.wms.controller.ItemCategoryController.add()', 'POST', 1, 'admin', '研发部门', '/wms/itemCategory', '0:0:0:0:0:0:0:1', '内网IP', '{\"createBy\":null,\"createTime\":null,\"updateBy\":null,\"updateTime\":null,\"id\":null,\"parentId\":\"1828364988754595841\",\"categoryName\":\"99\",\"orderNum\":null,\"status\":null}', '{\"code\":200,\"msg\":\"操作成功\",\"data\":null}', 1, '', '2025-04-13 00:35:51');
INSERT INTO `sys_oper_log` VALUES (1911098788542472194, '物料类型', 3, 'com.ruoyi.wms.controller.ItemCategoryController.remove()', 'DELETE', 1, 'admin', '研发部门', '/wms/itemCategory/1911091392889806849', '0:0:0:0:0:0:0:1', '内网IP', '{}', '{\"code\":200,\"msg\":\"操作成功\",\"data\":null}', 1, '', '2025-04-13 00:47:12');
INSERT INTO `sys_oper_log` VALUES (1911098797950296065, '物料类型', 3, 'com.ruoyi.wms.controller.ItemCategoryController.remove()', 'DELETE', 1, 'admin', '研发部门', '/wms/itemCategory/1911091307141455874', '0:0:0:0:0:0:0:1', '内网IP', '{}', '{\"code\":200,\"msg\":\"操作成功\",\"data\":null}', 1, '', '2025-04-13 00:47:15');
INSERT INTO `sys_oper_log` VALUES (1911098806900940802, '物料类型', 3, 'com.ruoyi.wms.controller.ItemCategoryController.remove()', 'DELETE', 1, 'admin', '研发部门', '/wms/itemCategory/1911091172571406337', '0:0:0:0:0:0:0:1', '内网IP', '{}', '{\"code\":200,\"msg\":\"操作成功\",\"data\":null}', 1, '', '2025-04-13 00:47:17');
INSERT INTO `sys_oper_log` VALUES (1911098818431082498, '物料类型', 3, 'com.ruoyi.wms.controller.ItemCategoryController.remove()', 'DELETE', 1, 'admin', '研发部门', '/wms/itemCategory/1911087844223410178', '0:0:0:0:0:0:0:1', '内网IP', '{}', '{\"code\":200,\"msg\":\"操作成功\",\"data\":null}', 1, '', '2025-04-13 00:47:19');
INSERT INTO `sys_oper_log` VALUES (1911098826144407553, '物料类型', 3, 'com.ruoyi.wms.controller.ItemCategoryController.remove()', 'DELETE', 1, 'admin', '研发部门', '/wms/itemCategory/1911073833192841217', '0:0:0:0:0:0:0:1', '内网IP', '{}', '{\"code\":200,\"msg\":\"操作成功\",\"data\":null}', 1, '', '2025-04-13 00:47:21');
INSERT INTO `sys_oper_log` VALUES (1911098837515165697, '物料类型', 3, 'com.ruoyi.wms.controller.ItemCategoryController.remove()', 'DELETE', 1, 'admin', '研发部门', '/wms/itemCategory/1911087229686571009', '0:0:0:0:0:0:0:1', '内网IP', '{}', '{\"code\":200,\"msg\":\"操作成功\",\"data\":null}', 1, '', '2025-04-13 00:47:24');
INSERT INTO `sys_oper_log` VALUES (1911098848042868737, '物料类型', 3, 'com.ruoyi.wms.controller.ItemCategoryController.remove()', 'DELETE', 1, 'admin', '研发部门', '/wms/itemCategory/1911090977968283650', '0:0:0:0:0:0:0:1', '内网IP', '{}', '{\"code\":200,\"msg\":\"操作成功\",\"data\":null}', 1, '', '2025-04-13 00:47:27');
INSERT INTO `sys_oper_log` VALUES (1911098857782042625, '物料类型', 3, 'com.ruoyi.wms.controller.ItemCategoryController.remove()', 'DELETE', 1, 'admin', '研发部门', '/wms/itemCategory/1911095930703110145', '0:0:0:0:0:0:0:1', '内网IP', '{}', '{\"code\":200,\"msg\":\"操作成功\",\"data\":null}', 1, '', '2025-04-13 00:47:29');
INSERT INTO `sys_oper_log` VALUES (1911098865621196802, '物料类型', 3, 'com.ruoyi.wms.controller.ItemCategoryController.remove()', 'DELETE', 1, 'admin', '研发部门', '/wms/itemCategory/1911095857613168641', '0:0:0:0:0:0:0:1', '内网IP', '{}', '{\"code\":200,\"msg\":\"操作成功\",\"data\":null}', 1, '', '2025-04-13 00:47:31');
INSERT INTO `sys_oper_log` VALUES (1911098873925918721, '物料类型', 3, 'com.ruoyi.wms.controller.ItemCategoryController.remove()', 'DELETE', 1, 'admin', '研发部门', '/wms/itemCategory/1911088609159602178', '0:0:0:0:0:0:0:1', '内网IP', '{}', '{\"code\":200,\"msg\":\"操作成功\",\"data\":null}', 1, '', '2025-04-13 00:47:33');
INSERT INTO `sys_oper_log` VALUES (1911098882478104578, '物料类型', 3, 'com.ruoyi.wms.controller.ItemCategoryController.remove()', 'DELETE', 1, 'admin', '研发部门', '/wms/itemCategory/1911088324173422594', '0:0:0:0:0:0:0:1', '内网IP', '{}', '{\"code\":200,\"msg\":\"操作成功\",\"data\":null}', 1, '', '2025-04-13 00:47:35');
INSERT INTO `sys_oper_log` VALUES (1911101053831536641, '物料类型', 1, 'com.ruoyi.wms.controller.ItemCategoryController.add()', 'POST', 1, 'admin', '研发部门', '/wms/itemCategory', '0:0:0:0:0:0:0:1', '内网IP', '{\"createBy\":null,\"createTime\":null,\"updateBy\":null,\"updateTime\":null,\"id\":null,\"parentId\":\"1828364988754595841\",\"categoryName\":\"ww\",\"orderNum\":null,\"status\":null}', '{\"code\":200,\"msg\":\"操作成功\",\"data\":null}', 1, '', '2025-04-13 00:56:12');
INSERT INTO `sys_oper_log` VALUES (1911101090305204226, '物料类型', 1, 'com.ruoyi.wms.controller.ItemCategoryController.add()', 'POST', 1, 'admin', '研发部门', '/wms/itemCategory', '0:0:0:0:0:0:0:1', '内网IP', '{\"createBy\":null,\"createTime\":null,\"updateBy\":null,\"updateTime\":null,\"id\":null,\"parentId\":null,\"categoryName\":\"123\",\"orderNum\":null,\"status\":null}', '{\"code\":200,\"msg\":\"操作成功\",\"data\":null}', 1, '', '2025-04-13 00:56:21');
INSERT INTO `sys_oper_log` VALUES (1911101111981367297, '物料类型', 1, 'com.ruoyi.wms.controller.ItemCategoryController.add()', 'POST', 1, 'admin', '研发部门', '/wms/itemCategory', '0:0:0:0:0:0:0:1', '内网IP', '{\"createBy\":null,\"createTime\":null,\"updateBy\":null,\"updateTime\":null,\"id\":null,\"parentId\":\"1911101089973854210\",\"categoryName\":\"12\",\"orderNum\":null,\"status\":null}', '{\"code\":200,\"msg\":\"操作成功\",\"data\":null}', 1, '', '2025-04-13 00:56:26');
INSERT INTO `sys_oper_log` VALUES (1911403620906041345, '物料类型', 3, 'com.ruoyi.wms.controller.ItemCategoryController.remove()', 'DELETE', 1, 'admin', '研发部门', '/wms/itemCategory/1911101089973854210', '0:0:0:0:0:0:0:1', '内网IP', '{}', '', 0, '删除失败！请先删除该分类下的子分类！', '2025-04-13 20:58:30');
INSERT INTO `sys_oper_log` VALUES (1911404557385072641, '物料类型', 3, 'com.ruoyi.wms.controller.ItemCategoryController.remove()', 'DELETE', 1, 'admin', '研发部门', '/wms/itemCategory/1911101089973854210', '0:0:0:0:0:0:0:1', '内网IP', '{}', '', 0, '删除失败！请先删除该分类下的子分类！', '2025-04-13 21:02:13');
INSERT INTO `sys_oper_log` VALUES (1911404631007690754, '物料类型', 3, 'com.ruoyi.wms.controller.ItemCategoryController.remove()', 'DELETE', 1, 'admin', '研发部门', '/wms/itemCategory/1911101111528382465', '0:0:0:0:0:0:0:1', '内网IP', '{}', '{\"code\":200,\"msg\":\"操作成功\",\"data\":null}', 1, '', '2025-04-13 21:02:31');
INSERT INTO `sys_oper_log` VALUES (1911404647755546626, '物料类型', 3, 'com.ruoyi.wms.controller.ItemCategoryController.remove()', 'DELETE', 1, 'admin', '研发部门', '/wms/itemCategory/1911101089973854210', '0:0:0:0:0:0:0:1', '内网IP', '{}', '{\"code\":200,\"msg\":\"操作成功\",\"data\":null}', 1, '', '2025-04-13 21:02:35');
INSERT INTO `sys_oper_log` VALUES (1911404697021841409, '物料类型', 1, 'com.ruoyi.wms.controller.ItemCategoryController.add()', 'POST', 1, 'admin', '研发部门', '/wms/itemCategory', '0:0:0:0:0:0:0:1', '内网IP', '{\"createBy\":null,\"createTime\":null,\"updateBy\":null,\"updateTime\":null,\"id\":null,\"parentId\":null,\"categoryName\":\"123\",\"orderNum\":null,\"status\":null}', '{\"code\":200,\"msg\":\"操作成功\",\"data\":null}', 1, '', '2025-04-13 21:02:47');
INSERT INTO `sys_oper_log` VALUES (1911404741288525826, '物料类型', 1, 'com.ruoyi.wms.controller.ItemCategoryController.add()', 'POST', 1, 'admin', '研发部门', '/wms/itemCategory', '0:0:0:0:0:0:0:1', '内网IP', '{\"createBy\":null,\"createTime\":null,\"updateBy\":null,\"updateTime\":null,\"id\":null,\"parentId\":null,\"categoryName\":\"125\",\"orderNum\":null,\"status\":null}', '{\"code\":200,\"msg\":\"操作成功\",\"data\":null}', 1, '', '2025-04-13 21:02:57');
INSERT INTO `sys_oper_log` VALUES (1911404867801317377, '物料类型', 3, 'com.ruoyi.wms.controller.ItemCategoryController.remove()', 'DELETE', 1, 'admin', '研发部门', '/wms/itemCategory/1911404696765988866', '0:0:0:0:0:0:0:1', '内网IP', '{}', '{\"code\":200,\"msg\":\"操作成功\",\"data\":null}', 1, '', '2025-04-13 21:03:27');
INSERT INTO `sys_oper_log` VALUES (1911404897073364993, '物料类型', 1, 'com.ruoyi.wms.controller.ItemCategoryController.add()', 'POST', 1, 'admin', '研发部门', '/wms/itemCategory', '0:0:0:0:0:0:0:1', '内网IP', '{\"createBy\":null,\"createTime\":null,\"updateBy\":null,\"updateTime\":null,\"id\":null,\"parentId\":null,\"categoryName\":\"12566\",\"orderNum\":null,\"status\":null}', '{\"code\":200,\"msg\":\"操作成功\",\"data\":null}', 1, '', '2025-04-13 21:03:34');
INSERT INTO `sys_oper_log` VALUES (1911404935610630146, '物料类型', 1, 'com.ruoyi.wms.controller.ItemCategoryController.add()', 'POST', 1, 'admin', '研发部门', '/wms/itemCategory', '0:0:0:0:0:0:0:1', '内网IP', '{\"createBy\":null,\"createTime\":null,\"updateBy\":null,\"updateTime\":null,\"id\":null,\"parentId\":\"1911404741087199233\",\"categoryName\":\"12\",\"orderNum\":null,\"status\":null}', '{\"code\":200,\"msg\":\"操作成功\",\"data\":null}', 1, '', '2025-04-13 21:03:44');
INSERT INTO `sys_oper_log` VALUES (1911404958599610370, '物料类型', 1, 'com.ruoyi.wms.controller.ItemCategoryController.add()', 'POST', 1, 'admin', '研发部门', '/wms/itemCategory', '0:0:0:0:0:0:0:1', '内网IP', '{\"createBy\":null,\"createTime\":null,\"updateBy\":null,\"updateTime\":null,\"id\":null,\"parentId\":\"1911404741087199233\",\"categoryName\":\"126\",\"orderNum\":null,\"status\":null}', '{\"code\":200,\"msg\":\"操作成功\",\"data\":null}', 1, '', '2025-04-13 21:03:49');
INSERT INTO `sys_oper_log` VALUES (1911405456480272386, '物料类型', 1, 'com.ruoyi.wms.controller.ItemCategoryController.add()', 'POST', 1, 'admin', '研发部门', '/wms/itemCategory', '0:0:0:0:0:0:0:1', '内网IP', '{\"createBy\":null,\"createTime\":null,\"updateBy\":null,\"updateTime\":null,\"id\":null,\"parentId\":null,\"categoryName\":\"1256\",\"orderNum\":null,\"status\":null}', '{\"code\":200,\"msg\":\"操作成功\",\"data\":null}', 1, '', '2025-04-13 21:05:48');
INSERT INTO `sys_oper_log` VALUES (1911405635824517122, '物料类型', 1, 'com.ruoyi.wms.controller.ItemCategoryController.add()', 'POST', 1, 'admin', '研发部门', '/wms/itemCategory', '0:0:0:0:0:0:0:1', '内网IP', '{\"createBy\":null,\"createTime\":null,\"updateBy\":null,\"updateTime\":null,\"id\":null,\"parentId\":null,\"categoryName\":\"12\",\"orderNum\":null,\"status\":null}', '', 0, '分类名重复', '2025-04-13 21:06:30');
INSERT INTO `sys_oper_log` VALUES (1911405670784040961, '物料类型', 1, 'com.ruoyi.wms.controller.ItemCategoryController.add()', 'POST', 1, 'admin', '研发部门', '/wms/itemCategory', '0:0:0:0:0:0:0:1', '内网IP', '{\"createBy\":null,\"createTime\":null,\"updateBy\":null,\"updateTime\":null,\"id\":null,\"parentId\":null,\"categoryName\":\"155\",\"orderNum\":null,\"status\":null}', '{\"code\":200,\"msg\":\"操作成功\",\"data\":null}', 1, '', '2025-04-13 21:06:39');
INSERT INTO `sys_oper_log` VALUES (1911405807375745025, '物料类型', 1, 'com.ruoyi.wms.controller.ItemCategoryController.add()', 'POST', 1, 'admin', '研发部门', '/wms/itemCategory', '0:0:0:0:0:0:0:1', '内网IP', '{\"createBy\":null,\"createTime\":null,\"updateBy\":null,\"updateTime\":null,\"id\":null,\"parentId\":null,\"categoryName\":\"1299\",\"orderNum\":null,\"status\":null}', '{\"code\":200,\"msg\":\"操作成功\",\"data\":null}', 1, '', '2025-04-13 21:07:11');
INSERT INTO `sys_oper_log` VALUES (1911408712493301761, '物料类型', 3, 'com.ruoyi.wms.controller.ItemCategoryController.remove()', 'DELETE', 1, 'admin', '研发部门', '/wms/itemCategory/1911405807119892481', '0:0:0:0:0:0:0:1', '内网IP', '{}', '{\"code\":200,\"msg\":\"操作成功\",\"data\":null}', 1, '', '2025-04-13 21:18:44');
INSERT INTO `sys_oper_log` VALUES (1911408721762713601, '物料类型', 3, 'com.ruoyi.wms.controller.ItemCategoryController.remove()', 'DELETE', 1, 'admin', '研发部门', '/wms/itemCategory/1911405670452690945', '0:0:0:0:0:0:0:1', '内网IP', '{}', '{\"code\":200,\"msg\":\"操作成功\",\"data\":null}', 1, '', '2025-04-13 21:18:46');
INSERT INTO `sys_oper_log` VALUES (1911408742641958913, '物料类型', 1, 'com.ruoyi.wms.controller.ItemCategoryController.add()', 'POST', 1, 'admin', '研发部门', '/wms/itemCategory', '0:0:0:0:0:0:0:1', '内网IP', '{\"createBy\":null,\"createTime\":null,\"updateBy\":null,\"updateTime\":null,\"id\":null,\"parentId\":null,\"categoryName\":\"125\",\"orderNum\":null,\"status\":null}', '', 0, '分类名重复', '2025-04-13 21:18:51');
INSERT INTO `sys_oper_log` VALUES (1911409239302078466, '物料类型', 3, 'com.ruoyi.wms.controller.ItemCategoryController.remove()', 'DELETE', 1, 'admin', '研发部门', '/wms/itemCategory/1911405455842738178', '0:0:0:0:0:0:0:1', '内网IP', '{}', '{\"code\":200,\"msg\":\"操作成功\",\"data\":null}', 1, '', '2025-04-13 21:20:50');
INSERT INTO `sys_oper_log` VALUES (1911409250052079617, '物料类型', 3, 'com.ruoyi.wms.controller.ItemCategoryController.remove()', 'DELETE', 1, 'admin', '研发部门', '/wms/itemCategory/1911404896481968130', '0:0:0:0:0:0:0:1', '内网IP', '{}', '{\"code\":200,\"msg\":\"操作成功\",\"data\":null}', 1, '', '2025-04-13 21:20:52');
INSERT INTO `sys_oper_log` VALUES (1911409272827150337, '物料类型', 3, 'com.ruoyi.wms.controller.ItemCategoryController.remove()', 'DELETE', 1, 'admin', '研发部门', '/wms/itemCategory/1911404935413497857', '0:0:0:0:0:0:0:1', '内网IP', '{}', '{\"code\":200,\"msg\":\"操作成功\",\"data\":null}', 1, '', '2025-04-13 21:20:58');
INSERT INTO `sys_oper_log` VALUES (1911409281316421633, '物料类型', 3, 'com.ruoyi.wms.controller.ItemCategoryController.remove()', 'DELETE', 1, 'admin', '研发部门', '/wms/itemCategory/1911404958339563521', '0:0:0:0:0:0:0:1', '内网IP', '{}', '{\"code\":200,\"msg\":\"操作成功\",\"data\":null}', 1, '', '2025-04-13 21:21:00');
INSERT INTO `sys_oper_log` VALUES (1911409299909771266, '物料类型', 1, 'com.ruoyi.wms.controller.ItemCategoryController.add()', 'POST', 1, 'admin', '研发部门', '/wms/itemCategory', '0:0:0:0:0:0:0:1', '内网IP', '{\"createBy\":null,\"createTime\":null,\"updateBy\":null,\"updateTime\":null,\"id\":null,\"parentId\":null,\"categoryName\":\"1256\",\"orderNum\":null,\"status\":null}', '{\"code\":200,\"msg\":\"操作成功\",\"data\":null}', 1, '', '2025-04-13 21:21:04');
INSERT INTO `sys_oper_log` VALUES (1911409933018988546, '物料类型', 1, 'com.ruoyi.wms.controller.ItemCategoryController.add()', 'POST', 1, 'admin', '研发部门', '/wms/itemCategory', '0:0:0:0:0:0:0:1', '内网IP', '{\"createBy\":null,\"createTime\":null,\"updateBy\":null,\"updateTime\":null,\"id\":null,\"parentId\":null,\"categoryName\":\"1257\",\"orderNum\":null,\"status\":null}', '{\"code\":200,\"msg\":\"操作成功\",\"data\":null}', 1, '', '2025-04-13 21:23:35');
INSERT INTO `sys_oper_log` VALUES (1911411441869520897, '物料类型', 1, 'com.ruoyi.wms.controller.ItemCategoryController.add()', 'POST', 1, 'admin', '研发部门', '/wms/itemCategory', '0:0:0:0:0:0:0:1', '内网IP', '{\"createBy\":null,\"createTime\":null,\"updateBy\":null,\"updateTime\":null,\"id\":null,\"parentId\":null,\"categoryName\":\"1258\",\"orderNum\":null,\"status\":null}', '{\"code\":200,\"msg\":\"操作成功\",\"data\":null}', 1, '', '2025-04-13 21:29:35');
INSERT INTO `sys_oper_log` VALUES (1911412149482160130, '物料类型', 3, 'com.ruoyi.wms.controller.ItemCategoryController.remove()', 'DELETE', 1, 'admin', '研发部门', '/wms/itemCategory/1911411441420730370', '0:0:0:0:0:0:0:1', '内网IP', '{}', '{\"code\":200,\"msg\":\"操作成功\",\"data\":null}', 1, '', '2025-04-13 21:32:23');
INSERT INTO `sys_oper_log` VALUES (1911412164455825410, '物料类型', 3, 'com.ruoyi.wms.controller.ItemCategoryController.remove()', 'DELETE', 1, 'admin', '研发部门', '/wms/itemCategory/1911409932628918274', '0:0:0:0:0:0:0:1', '内网IP', '{}', '{\"code\":200,\"msg\":\"操作成功\",\"data\":null}', 1, '', '2025-04-13 21:32:27');
INSERT INTO `sys_oper_log` VALUES (1911412172194316289, '物料类型', 3, 'com.ruoyi.wms.controller.ItemCategoryController.remove()', 'DELETE', 1, 'admin', '研发部门', '/wms/itemCategory/1911409299515506689', '0:0:0:0:0:0:0:1', '内网IP', '{}', '{\"code\":200,\"msg\":\"操作成功\",\"data\":null}', 1, '', '2025-04-13 21:32:29');
INSERT INTO `sys_oper_log` VALUES (1911412294630244353, '物料类型', 1, 'com.ruoyi.wms.controller.ItemCategoryController.add()', 'POST', 1, 'admin', '研发部门', '/wms/itemCategory', '0:0:0:0:0:0:0:1', '内网IP', '{\"createBy\":null,\"createTime\":null,\"updateBy\":null,\"updateTime\":null,\"id\":null,\"parentId\":\"1908923840719130626\",\"categoryName\":\"1\",\"orderNum\":null,\"status\":null}', '{\"code\":200,\"msg\":\"操作成功\",\"data\":null}', 1, '', '2025-04-13 21:32:58');
INSERT INTO `sys_oper_log` VALUES (1911412910064664577, '物料类型', 1, 'com.ruoyi.wms.controller.ItemCategoryController.add()', 'POST', 1, 'admin', '研发部门', '/wms/itemCategory', '0:0:0:0:0:0:0:1', '内网IP', '{\"createBy\":null,\"createTime\":null,\"updateBy\":null,\"updateTime\":null,\"id\":null,\"parentId\":null,\"categoryName\":\"1256\",\"orderNum\":null,\"status\":null}', '{\"code\":200,\"msg\":\"操作成功\",\"data\":null}', 1, '', '2025-04-13 21:35:25');
INSERT INTO `sys_oper_log` VALUES (1911413789710876674, '物料类型', 2, 'com.ruoyi.wms.controller.ItemCategoryController.edit()', 'PUT', 1, 'admin', '研发部门', '/wms/itemCategory', '0:0:0:0:0:0:0:1', '内网IP', '{\"createBy\":null,\"createTime\":null,\"updateBy\":null,\"updateTime\":null,\"id\":\"1911412909552959489\",\"parentId\":null,\"categoryName\":\"12\",\"orderNum\":null,\"status\":null}', '{\"code\":200,\"msg\":\"操作成功\",\"data\":null}', 1, '', '2025-04-13 21:38:54');
INSERT INTO `sys_oper_log` VALUES (1911413879292821505, '物料类型', 2, 'com.ruoyi.wms.controller.ItemCategoryController.edit()', 'PUT', 1, 'admin', '研发部门', '/wms/itemCategory', '0:0:0:0:0:0:0:1', '内网IP', '{\"createBy\":null,\"createTime\":null,\"updateBy\":null,\"updateTime\":null,\"id\":\"1911412294152093697\",\"parentId\":null,\"categoryName\":\"2\",\"orderNum\":null,\"status\":null}', '{\"code\":200,\"msg\":\"操作成功\",\"data\":null}', 1, '', '2025-04-13 21:39:16');
INSERT INTO `sys_oper_log` VALUES (1911413940814872578, '物料类型', 3, 'com.ruoyi.wms.controller.ItemCategoryController.remove()', 'DELETE', 1, 'admin', '研发部门', '/wms/itemCategory/1911412909552959489', '0:0:0:0:0:0:0:1', '内网IP', '{}', '{\"code\":200,\"msg\":\"操作成功\",\"data\":null}', 1, '', '2025-04-13 21:39:31');
INSERT INTO `sys_oper_log` VALUES (1911413950830870529, '物料类型', 3, 'com.ruoyi.wms.controller.ItemCategoryController.remove()', 'DELETE', 1, 'admin', '研发部门', '/wms/itemCategory/1911404741087199233', '0:0:0:0:0:0:0:1', '内网IP', '{}', '{\"code\":200,\"msg\":\"操作成功\",\"data\":null}', 1, '', '2025-04-13 21:39:33');
INSERT INTO `sys_oper_log` VALUES (1911413970695094273, '物料类型', 3, 'com.ruoyi.wms.controller.ItemCategoryController.remove()', 'DELETE', 1, 'admin', '研发部门', '/wms/itemCategory/1911412294152093697', '0:0:0:0:0:0:0:1', '内网IP', '{}', '{\"code\":200,\"msg\":\"操作成功\",\"data\":null}', 1, '', '2025-04-13 21:39:38');
INSERT INTO `sys_oper_log` VALUES (1911413989447827457, '物料类型', 2, 'com.ruoyi.wms.controller.ItemCategoryController.edit()', 'PUT', 1, 'admin', '研发部门', '/wms/itemCategory', '0:0:0:0:0:0:0:1', '内网IP', '{\"createBy\":null,\"createTime\":null,\"updateBy\":null,\"updateTime\":null,\"id\":\"1911412294152093697\",\"parentId\":\"1908923840719130626\",\"categoryName\":\"2\",\"orderNum\":null,\"status\":null}', '{\"code\":200,\"msg\":\"操作成功\",\"data\":null}', 1, '', '2025-04-13 21:39:42');
INSERT INTO `sys_oper_log` VALUES (1911414031462170625, '物料类型', 2, 'com.ruoyi.wms.controller.ItemCategoryController.edit()', 'PUT', 1, 'admin', '研发部门', '/wms/itemCategory', '0:0:0:0:0:0:0:1', '内网IP', '{\"createBy\":null,\"createTime\":null,\"updateBy\":null,\"updateTime\":null,\"id\":\"1911412294152093697\",\"parentId\":\"1908923840719130626\",\"categoryName\":\"12\",\"orderNum\":null,\"status\":null}', '{\"code\":200,\"msg\":\"操作成功\",\"data\":null}', 1, '', '2025-04-13 21:39:52');
INSERT INTO `sys_oper_log` VALUES (1911414557406920705, '物料类型', 2, 'com.ruoyi.wms.controller.ItemCategoryController.edit()', 'PUT', 1, 'admin', '研发部门', '/wms/itemCategory', '0:0:0:0:0:0:0:1', '内网IP', '{\"createBy\":null,\"createTime\":null,\"updateBy\":null,\"updateTime\":null,\"id\":\"1911412294152093697\",\"parentId\":null,\"categoryName\":\"12\",\"orderNum\":null,\"status\":null}', '{\"code\":200,\"msg\":\"操作成功\",\"data\":null}', 1, '', '2025-04-13 21:41:58');
INSERT INTO `sys_oper_log` VALUES (1911415548344795137, '物料类型', 1, 'com.ruoyi.wms.controller.ItemCategoryController.add()', 'POST', 1, 'admin', '研发部门', '/wms/itemCategory', '0:0:0:0:0:0:0:1', '内网IP', '{\"createBy\":null,\"createTime\":null,\"updateBy\":null,\"updateTime\":null,\"id\":null,\"parentId\":null,\"categoryName\":\"12\",\"orderNum\":null,\"status\":null}', '{\"code\":200,\"msg\":\"操作成功\",\"data\":null}', 1, '', '2025-04-13 21:45:54');
INSERT INTO `sys_oper_log` VALUES (1911415584621330434, '物料类型', 1, 'com.ruoyi.wms.controller.ItemCategoryController.add()', 'POST', 1, 'admin', '研发部门', '/wms/itemCategory', '0:0:0:0:0:0:0:1', '内网IP', '{\"createBy\":null,\"createTime\":null,\"updateBy\":null,\"updateTime\":null,\"id\":null,\"parentId\":\"1911415547828895745\",\"categoryName\":\"1\",\"orderNum\":null,\"status\":null}', '{\"code\":200,\"msg\":\"操作成功\",\"data\":null}', 1, '', '2025-04-13 21:46:02');
INSERT INTO `sys_oper_log` VALUES (1911415614644158466, '物料类型', 1, 'com.ruoyi.wms.controller.ItemCategoryController.add()', 'POST', 1, 'admin', '研发部门', '/wms/itemCategory', '0:0:0:0:0:0:0:1', '内网IP', '{\"createBy\":null,\"createTime\":null,\"updateBy\":null,\"updateTime\":null,\"id\":null,\"parentId\":null,\"categoryName\":\"123\",\"orderNum\":null,\"status\":null}', '{\"code\":200,\"msg\":\"操作成功\",\"data\":null}', 1, '', '2025-04-13 21:46:10');
INSERT INTO `sys_oper_log` VALUES (1911415647137431554, '物料类型', 1, 'com.ruoyi.wms.controller.ItemCategoryController.add()', 'POST', 1, 'admin', '研发部门', '/wms/itemCategory', '0:0:0:0:0:0:0:1', '内网IP', '{\"createBy\":null,\"createTime\":null,\"updateBy\":null,\"updateTime\":null,\"id\":null,\"parentId\":null,\"categoryName\":\"124\",\"orderNum\":null,\"status\":null}', '{\"code\":200,\"msg\":\"操作成功\",\"data\":null}', 1, '', '2025-04-13 21:46:17');
INSERT INTO `sys_oper_log` VALUES (1911415696928014338, '物料类型', 1, 'com.ruoyi.wms.controller.ItemCategoryController.add()', 'POST', 1, 'admin', '研发部门', '/wms/itemCategory', '0:0:0:0:0:0:0:1', '内网IP', '{\"createBy\":null,\"createTime\":null,\"updateBy\":null,\"updateTime\":null,\"id\":null,\"parentId\":null,\"categoryName\":\"2\",\"orderNum\":null,\"status\":null}', '{\"code\":200,\"msg\":\"操作成功\",\"data\":null}', 1, '', '2025-04-13 21:46:29');
INSERT INTO `sys_oper_log` VALUES (1911415892835565569, '物料类型', 2, 'com.ruoyi.wms.controller.ItemCategoryController.edit()', 'PUT', 1, 'admin', '研发部门', '/wms/itemCategory', '0:0:0:0:0:0:0:1', '内网IP', '{\"createBy\":null,\"createTime\":null,\"updateBy\":null,\"updateTime\":null,\"id\":\"1911415696470835202\",\"parentId\":null,\"categoryName\":\"3\",\"orderNum\":null,\"status\":null}', '{\"code\":200,\"msg\":\"操作成功\",\"data\":null}', 1, '', '2025-04-13 21:47:16');
INSERT INTO `sys_oper_log` VALUES (1911416647562821633, '物料类型', 2, 'com.ruoyi.wms.controller.ItemCategoryController.edit()', 'PUT', 1, 'admin', '研发部门', '/wms/itemCategory', '0:0:0:0:0:0:0:1', '内网IP', '{\"createBy\":null,\"createTime\":null,\"updateBy\":null,\"updateTime\":null,\"id\":\"1911415696470835202\",\"parentId\":null,\"categoryName\":\"4\",\"orderNum\":null,\"status\":null}', '{\"code\":200,\"msg\":\"操作成功\",\"data\":null}', 1, '', '2025-04-13 21:50:16');
INSERT INTO `sys_oper_log` VALUES (1911416700838871041, '物料类型', 2, 'com.ruoyi.wms.controller.ItemCategoryController.edit()', 'PUT', 1, 'admin', '研发部门', '/wms/itemCategory', '0:0:0:0:0:0:0:1', '内网IP', '{\"createBy\":null,\"createTime\":null,\"updateBy\":null,\"updateTime\":null,\"id\":\"1911415696470835202\",\"parentId\":\"1911415696470835202\",\"categoryName\":\"5\",\"orderNum\":null,\"status\":null}', '{\"code\":200,\"msg\":\"操作成功\",\"data\":null}', 1, '', '2025-04-13 21:50:29');
INSERT INTO `sys_oper_log` VALUES (1911416760582537218, '物料类型', 2, 'com.ruoyi.wms.controller.ItemCategoryController.edit()', 'PUT', 1, 'admin', '研发部门', '/wms/itemCategory', '0:0:0:0:0:0:0:1', '内网IP', '{\"createBy\":null,\"createTime\":null,\"updateBy\":null,\"updateTime\":null,\"id\":\"1911415646676058114\",\"parentId\":null,\"categoryName\":\"12\",\"orderNum\":null,\"status\":null}', '', 0, '分类名重复', '2025-04-13 21:50:43');
INSERT INTO `sys_oper_log` VALUES (1911416847668871169, '物料类型', 3, 'com.ruoyi.wms.controller.ItemCategoryController.remove()', 'DELETE', 1, 'admin', '研发部门', '/wms/itemCategory/1911415646676058114', '0:0:0:0:0:0:0:1', '内网IP', '{}', '{\"code\":200,\"msg\":\"操作成功\",\"data\":null}', 1, '', '2025-04-13 21:51:04');
INSERT INTO `sys_oper_log` VALUES (1911416876034949122, '物料类型', 2, 'com.ruoyi.wms.controller.ItemCategoryController.edit()', 'PUT', 1, 'admin', '研发部门', '/wms/itemCategory', '0:0:0:0:0:0:0:1', '内网IP', '{\"createBy\":null,\"createTime\":null,\"updateBy\":null,\"updateTime\":null,\"id\":\"1911415613994041345\",\"parentId\":null,\"categoryName\":\"12344\",\"orderNum\":null,\"status\":null}', '{\"code\":200,\"msg\":\"操作成功\",\"data\":null}', 1, '', '2025-04-13 21:51:10');
INSERT INTO `sys_oper_log` VALUES (1911416912500228097, '物料类型', 2, 'com.ruoyi.wms.controller.ItemCategoryController.edit()', 'PUT', 1, 'admin', '研发部门', '/wms/itemCategory', '0:0:0:0:0:0:0:1', '内网IP', '{\"createBy\":null,\"createTime\":null,\"updateBy\":null,\"updateTime\":null,\"id\":\"1911415613994041345\",\"parentId\":\"1911415613994041345\",\"categoryName\":\"1234\",\"orderNum\":null,\"status\":null}', '{\"code\":200,\"msg\":\"操作成功\",\"data\":null}', 1, '', '2025-04-13 21:51:19');
INSERT INTO `sys_oper_log` VALUES (1911418048913342466, '物料类型', 2, 'com.ruoyi.wms.controller.ItemCategoryController.edit()', 'PUT', 1, 'admin', '研发部门', '/wms/itemCategory', '0:0:0:0:0:0:0:1', '内网IP', '{\"createBy\":null,\"createTime\":null,\"updateBy\":null,\"updateTime\":null,\"id\":\"1911415547828895745\",\"parentId\":null,\"categoryName\":\"126\",\"orderNum\":null,\"status\":null}', '{\"code\":200,\"msg\":\"操作成功\",\"data\":null}', 1, '', '2025-04-13 21:55:50');
INSERT INTO `sys_oper_log` VALUES (1911418076033712130, '物料类型', 1, 'com.ruoyi.wms.controller.ItemCategoryController.add()', 'POST', 1, 'admin', '研发部门', '/wms/itemCategory', '0:0:0:0:0:0:0:1', '内网IP', '{\"createBy\":null,\"createTime\":null,\"updateBy\":null,\"updateTime\":null,\"id\":null,\"parentId\":\"1911415547828895745\",\"categoryName\":\"2\",\"orderNum\":null,\"status\":null}', '{\"code\":200,\"msg\":\"操作成功\",\"data\":null}', 1, '', '2025-04-13 21:55:56');
INSERT INTO `sys_oper_log` VALUES (1911418108069806081, '物料类型', 1, 'com.ruoyi.wms.controller.ItemCategoryController.add()', 'POST', 1, 'admin', '研发部门', '/wms/itemCategory', '0:0:0:0:0:0:0:1', '内网IP', '{\"createBy\":null,\"createTime\":null,\"updateBy\":null,\"updateTime\":null,\"id\":null,\"parentId\":null,\"categoryName\":\"55\",\"orderNum\":null,\"status\":null}', '{\"code\":200,\"msg\":\"操作成功\",\"data\":null}', 1, '', '2025-04-13 21:56:04');
INSERT INTO `sys_oper_log` VALUES (1911418129938907137, '物料类型', 3, 'com.ruoyi.wms.controller.ItemCategoryController.remove()', 'DELETE', 1, 'admin', '研发部门', '/wms/itemCategory/1911418075572338689', '0:0:0:0:0:0:0:1', '内网IP', '{}', '{\"code\":200,\"msg\":\"操作成功\",\"data\":null}', 1, '', '2025-04-13 21:56:09');
INSERT INTO `sys_oper_log` VALUES (1911418140261089282, '物料类型', 3, 'com.ruoyi.wms.controller.ItemCategoryController.remove()', 'DELETE', 1, 'admin', '研发部门', '/wms/itemCategory/1911415547828895745', '0:0:0:0:0:0:0:1', '内网IP', '{}', '', 0, '删除失败！请先删除该分类下的子分类！', '2025-04-13 21:56:12');
INSERT INTO `sys_oper_log` VALUES (1911418193402920961, '物料类型', 2, 'com.ruoyi.wms.controller.ItemCategoryController.edit()', 'PUT', 1, 'admin', '研发部门', '/wms/itemCategory', '0:0:0:0:0:0:0:1', '内网IP', '{\"createBy\":null,\"createTime\":null,\"updateBy\":null,\"updateTime\":null,\"id\":\"1911418107553906690\",\"parentId\":null,\"categoryName\":\"126\",\"orderNum\":null,\"status\":null}', '', 0, '分类名重复', '2025-04-13 21:56:24');
INSERT INTO `sys_oper_log` VALUES (1911418370163474434, '物料类型', 1, 'com.ruoyi.wms.controller.ItemCategoryController.add()', 'POST', 1, 'admin', '研发部门', '/wms/itemCategory', '0:0:0:0:0:0:0:1', '内网IP', '{\"createBy\":null,\"createTime\":null,\"updateBy\":null,\"updateTime\":null,\"id\":null,\"parentId\":\"1911418107553906690\",\"categoryName\":\"11\",\"orderNum\":null,\"status\":null}', '{\"code\":200,\"msg\":\"操作成功\",\"data\":null}', 1, '', '2025-04-13 21:57:07');
INSERT INTO `sys_oper_log` VALUES (1911422246832832513, '物料类型', 1, 'com.ruoyi.wms.controller.ItemCategoryController.add()', 'POST', 1, 'admin', '研发部门', '/wms/itemCategory', '0:0:0:0:0:0:0:1', '内网IP', '{\"createBy\":null,\"createTime\":null,\"updateBy\":null,\"updateTime\":null,\"id\":null,\"parentId\":null,\"categoryName\":\"33\",\"orderNum\":0,\"status\":null}', '{\"code\":200,\"msg\":\"操作成功\",\"data\":null}', 1, '', '2025-04-13 22:12:31');
INSERT INTO `sys_oper_log` VALUES (1911422563410509825, '物料类型', 1, 'com.ruoyi.wms.controller.ItemCategoryController.add()', 'POST', 1, 'admin', '研发部门', '/wms/itemCategory', '0:0:0:0:0:0:0:1', '内网IP', '{\"createBy\":null,\"createTime\":null,\"updateBy\":null,\"updateTime\":null,\"id\":null,\"parentId\":\"1828365014901886978\",\"categoryName\":\"测试1\",\"orderNum\":0,\"status\":null}', '{\"code\":200,\"msg\":\"操作成功\",\"data\":null}', 1, '', '2025-04-13 22:13:46');
INSERT INTO `sys_oper_log` VALUES (1911422694620921857, '物料类型', 1, 'com.ruoyi.wms.controller.ItemCategoryController.add()', 'POST', 1, 'admin', '研发部门', '/wms/itemCategory', '0:0:0:0:0:0:0:1', '内网IP', '{\"createBy\":null,\"createTime\":null,\"updateBy\":null,\"updateTime\":null,\"id\":null,\"parentId\":null,\"categoryName\":\"测试父\",\"orderNum\":null,\"status\":null}', '{\"code\":200,\"msg\":\"操作成功\",\"data\":null}', 1, '', '2025-04-13 22:14:18');
INSERT INTO `sys_oper_log` VALUES (1911422828863815682, '物料类型', 1, 'com.ruoyi.wms.controller.ItemCategoryController.add()', 'POST', 1, 'admin', '研发部门', '/wms/itemCategory', '0:0:0:0:0:0:0:1', '内网IP', '{\"createBy\":null,\"createTime\":null,\"updateBy\":null,\"updateTime\":null,\"id\":null,\"parentId\":\"1911422694297960449\",\"categoryName\":\"测试22\",\"orderNum\":null,\"status\":null}', '{\"code\":200,\"msg\":\"操作成功\",\"data\":null}', 1, '', '2025-04-13 22:14:50');
INSERT INTO `sys_oper_log` VALUES (1911422889551200258, '物料类型', 2, 'com.ruoyi.wms.controller.ItemCategoryController.edit()', 'PUT', 1, 'admin', '研发部门', '/wms/itemCategory', '0:0:0:0:0:0:0:1', '内网IP', '{\"createBy\":null,\"createTime\":null,\"updateBy\":null,\"updateTime\":null,\"id\":\"1911422828209504258\",\"parentId\":null,\"categoryName\":\"测试2123\",\"orderNum\":null,\"status\":null}', '{\"code\":200,\"msg\":\"操作成功\",\"data\":null}', 1, '', '2025-04-13 22:15:04');
INSERT INTO `sys_oper_log` VALUES (1911422913597145090, '物料类型', 2, 'com.ruoyi.wms.controller.ItemCategoryController.edit()', 'PUT', 1, 'admin', '研发部门', '/wms/itemCategory', '0:0:0:0:0:0:0:1', '内网IP', '{\"createBy\":null,\"createTime\":null,\"updateBy\":null,\"updateTime\":null,\"id\":\"1911422694297960449\",\"parentId\":null,\"categoryName\":\"测试父123\",\"orderNum\":null,\"status\":null}', '{\"code\":200,\"msg\":\"操作成功\",\"data\":null}', 1, '', '2025-04-13 22:15:10');
INSERT INTO `sys_oper_log` VALUES (1911422934077931522, '物料类型', 3, 'com.ruoyi.wms.controller.ItemCategoryController.remove()', 'DELETE', 1, 'admin', '研发部门', '/wms/itemCategory/1911422694297960449', '0:0:0:0:0:0:0:1', '内网IP', '{}', '', 0, '删除失败！请先删除该分类下的子分类！', '2025-04-13 22:15:15');
INSERT INTO `sys_oper_log` VALUES (1911422997814575105, '物料类型', 3, 'com.ruoyi.wms.controller.ItemCategoryController.remove()', 'DELETE', 1, 'admin', '研发部门', '/wms/itemCategory/1911422694297960449', '0:0:0:0:0:0:0:1', '内网IP', '{}', '', 0, '删除失败！请先删除该分类下的子分类！', '2025-04-13 22:15:30');
INSERT INTO `sys_oper_log` VALUES (1911423042928508930, '物料类型', 3, 'com.ruoyi.wms.controller.ItemCategoryController.remove()', 'DELETE', 1, 'admin', '研发部门', '/wms/itemCategory/1911422828209504258', '0:0:0:0:0:0:0:1', '内网IP', '{}', '{\"code\":200,\"msg\":\"操作成功\",\"data\":null}', 1, '', '2025-04-13 22:15:41');
INSERT INTO `sys_oper_log` VALUES (1911423059802193921, '物料类型', 3, 'com.ruoyi.wms.controller.ItemCategoryController.remove()', 'DELETE', 1, 'admin', '研发部门', '/wms/itemCategory/1911422694297960449', '0:0:0:0:0:0:0:1', '内网IP', '{}', '{\"code\":200,\"msg\":\"操作成功\",\"data\":null}', 1, '', '2025-04-13 22:15:45');
INSERT INTO `sys_oper_log` VALUES (1911426400401752065, '物料类型', 2, 'com.ruoyi.wms.controller.ItemCategoryController.edit()', 'PUT', 1, 'admin', '研发部门', '/wms/itemCategory', '0:0:0:0:0:0:0:1', '内网IP', '{\"createBy\":null,\"createTime\":null,\"updateBy\":null,\"updateTime\":null,\"id\":\"1911415547828895745\",\"parentId\":null,\"categoryName\":\"测试名称\",\"orderNum\":null,\"status\":null}', '{\"code\":200,\"msg\":\"操作成功\",\"data\":null}', 1, '', '2025-04-13 22:29:01');
INSERT INTO `sys_oper_log` VALUES (1911426424896487426, '物料类型', 3, 'com.ruoyi.wms.controller.ItemCategoryController.remove()', 'DELETE', 1, 'admin', '研发部门', '/wms/itemCategory/1911418369651769346', '0:0:0:0:0:0:0:1', '内网IP', '{}', '{\"code\":200,\"msg\":\"操作成功\",\"data\":null}', 1, '', '2025-04-13 22:29:07');
INSERT INTO `sys_oper_log` VALUES (1911426434652438529, '物料类型', 3, 'com.ruoyi.wms.controller.ItemCategoryController.remove()', 'DELETE', 1, 'admin', '研发部门', '/wms/itemCategory/1911422246371459073', '0:0:0:0:0:0:0:1', '内网IP', '{}', '{\"code\":200,\"msg\":\"操作成功\",\"data\":null}', 1, '', '2025-04-13 22:29:09');
INSERT INTO `sys_oper_log` VALUES (1911426443707940866, '物料类型', 3, 'com.ruoyi.wms.controller.ItemCategoryController.remove()', 'DELETE', 1, 'admin', '研发部门', '/wms/itemCategory/1911418107553906690', '0:0:0:0:0:0:0:1', '内网IP', '{}', '{\"code\":200,\"msg\":\"操作成功\",\"data\":null}', 1, '', '2025-04-13 22:29:11');
INSERT INTO `sys_oper_log` VALUES (1911426496921075713, '物料类型', 2, 'com.ruoyi.wms.controller.ItemCategoryController.edit()', 'PUT', 1, 'admin', '研发部门', '/wms/itemCategory', '0:0:0:0:0:0:0:1', '内网IP', '{\"createBy\":null,\"createTime\":null,\"updateBy\":null,\"updateTime\":null,\"id\":\"1911415584105431042\",\"parentId\":null,\"categoryName\":\"奶茶\",\"orderNum\":null,\"status\":null}', '{\"code\":200,\"msg\":\"操作成功\",\"data\":null}', 1, '', '2025-04-13 22:29:24');
INSERT INTO `sys_oper_log` VALUES (1911764903731920897, '商品品牌', 1, 'com.ruoyi.wms.controller.ItemBrandController.add()', 'POST', 1, 'admin', '研发部门', '/wms/itemBrand', '0:0:0:0:0:0:0:1', '内网IP', '{\"createBy\":null,\"createTime\":null,\"updateBy\":null,\"updateTime\":null,\"id\":null,\"brandName\":\"水果\"}', '{\"code\":200,\"msg\":\"操作成功\",\"data\":null}', 1, '', '2025-04-14 20:54:07');
INSERT INTO `sys_oper_log` VALUES (1911766652534390786, '物料', 1, 'com.ruoyi.wms.controller.ItemController.add()', 'POST', 1, 'admin', '研发部门', '/wms/item', '0:0:0:0:0:0:0:1', '内网IP', '{\"createBy\":null,\"createTime\":null,\"updateBy\":null,\"updateTime\":null,\"id\":null,\"ids\":null,\"itemCode\":null,\"itemName\":\"测试\",\"itemCategory\":\"1911101053244334082\",\"unit\":null,\"itemBrand\":\"1911764903073415169\",\"remark\":null,\"sku\":[{\"createBy\":null,\"createTime\":null,\"updateBy\":null,\"updateTime\":null,\"id\":null,\"skuName\":\"123\",\"itemId\":\"1911766651225767937\",\"barcode\":\"\",\"skuCode\":null,\"length\":null,\"width\":null,\"height\":null,\"grossWeight\":null,\"netWeight\":null,\"costPrice\":null,\"sellingPrice\":null,\"itemName\":null,\"itemCode\":null,\"itemCategory\":null,\"itemBrand\":null}]}', '{\"code\":200,\"msg\":\"操作成功\",\"data\":null}', 1, '', '2025-04-14 21:01:04');
INSERT INTO `sys_oper_log` VALUES (1911766752463683585, '物料', 1, 'com.ruoyi.wms.controller.ItemController.add()', 'POST', 1, 'admin', '研发部门', '/wms/item', '0:0:0:0:0:0:0:1', '内网IP', '{\"createBy\":null,\"createTime\":null,\"updateBy\":null,\"updateTime\":null,\"id\":null,\"ids\":null,\"itemCode\":\"100\",\"itemName\":\"测试名称\",\"itemCategory\":\"1911101053244334082\",\"unit\":null,\"itemBrand\":\"1911764903073415169\",\"remark\":null,\"sku\":[{\"createBy\":null,\"createTime\":null,\"updateBy\":null,\"updateTime\":null,\"id\":null,\"skuName\":\"\",\"itemId\":\"1911766751096340481\",\"barcode\":\"\",\"skuCode\":\"\",\"length\":null,\"width\":null,\"height\":null,\"grossWeight\":null,\"netWeight\":null,\"costPrice\":null,\"sellingPrice\":null,\"itemName\":null,\"itemCode\":null,\"itemCategory\":null,\"itemBrand\":null}]}', '{\"code\":200,\"msg\":\"操作成功\",\"data\":null}', 1, '', '2025-04-14 21:01:27');
INSERT INTO `sys_oper_log` VALUES (1911766978595389442, '物料', 1, 'com.ruoyi.wms.controller.ItemController.add()', 'POST', 1, 'admin', '研发部门', '/wms/item', '0:0:0:0:0:0:0:1', '内网IP', '{\"createBy\":null,\"createTime\":null,\"updateBy\":null,\"updateTime\":null,\"id\":null,\"ids\":null,\"itemCode\":\"111\",\"itemName\":\"测试1\",\"itemCategory\":\"1911101053244334082\",\"unit\":null,\"itemBrand\":\"1911764903073415169\",\"remark\":null,\"sku\":[{\"createBy\":null,\"createTime\":null,\"updateBy\":null,\"updateTime\":null,\"id\":null,\"skuName\":\"大\",\"itemId\":\"1911766977286766593\",\"barcode\":\"\",\"skuCode\":null,\"length\":null,\"width\":null,\"height\":null,\"grossWeight\":null,\"netWeight\":null,\"costPrice\":null,\"sellingPrice\":null,\"itemName\":null,\"itemCode\":null,\"itemCategory\":null,\"itemBrand\":null}]}', '{\"code\":200,\"msg\":\"操作成功\",\"data\":null}', 1, '', '2025-04-14 21:02:21');
INSERT INTO `sys_oper_log` VALUES (1911772573629153281, '物料', 3, 'com.ruoyi.wms.controller.ItemController.remove()', 'DELETE', 1, 'admin', '研发部门', '/wms/item/1911766751096340481', '0:0:0:0:0:0:0:1', '内网IP', '{}', '{\"code\":200,\"msg\":\"操作成功\",\"data\":null}', 1, '', '2025-04-14 21:24:35');
INSERT INTO `sys_oper_log` VALUES (1911773844104806402, '物料', 3, 'com.ruoyi.wms.controller.ItemController.remove()', 'DELETE', 1, 'admin', '研发部门', '/wms/item/1911766651225767937', '0:0:0:0:0:0:0:1', '内网IP', '{}', '{\"code\":200,\"msg\":\"操作成功\",\"data\":null}', 1, '', '2025-04-14 21:29:38');
INSERT INTO `sys_oper_log` VALUES (1911774483618725890, '物料', 1, 'com.ruoyi.wms.controller.ItemController.add()', 'POST', 1, 'admin', '研发部门', '/wms/item', '0:0:0:0:0:0:0:1', '内网IP', '{\"createBy\":null,\"createTime\":null,\"updateBy\":null,\"updateTime\":null,\"id\":null,\"ids\":null,\"itemCode\":\"111\",\"itemName\":\"枇杷\",\"itemCategory\":\"1911101053244334082\",\"unit\":null,\"itemBrand\":\"1911764903073415169\",\"remark\":null,\"sku\":[{\"createBy\":null,\"createTime\":null,\"updateBy\":null,\"updateTime\":null,\"id\":null,\"skuName\":\"\",\"itemId\":\"1911774482704367618\",\"barcode\":\"\",\"skuCode\":\"\",\"length\":null,\"width\":null,\"height\":null,\"grossWeight\":null,\"netWeight\":null,\"costPrice\":null,\"sellingPrice\":null,\"itemName\":null,\"itemCode\":null,\"itemCategory\":null,\"itemBrand\":null}]}', '{\"code\":200,\"msg\":\"操作成功\",\"data\":null}', 1, '', '2025-04-14 21:32:11');
INSERT INTO `sys_oper_log` VALUES (1911774666200973313, '物料', 3, 'com.ruoyi.wms.controller.ItemController.remove()', 'DELETE', 1, 'admin', '研发部门', '/wms/item/1911766977286766593', '0:0:0:0:0:0:0:1', '内网IP', '{}', '{\"code\":200,\"msg\":\"操作成功\",\"data\":null}', 1, '', '2025-04-14 21:32:54');
INSERT INTO `sys_oper_log` VALUES (1911774905989332994, '物料', 1, 'com.ruoyi.wms.controller.ItemController.add()', 'POST', 1, 'admin', '研发部门', '/wms/item', '0:0:0:0:0:0:0:1', '内网IP', '{\"createBy\":null,\"createTime\":null,\"updateBy\":null,\"updateTime\":null,\"id\":null,\"ids\":null,\"itemCode\":\"101\",\"itemName\":\"测试1\",\"itemCategory\":\"1911101053244334082\",\"unit\":\"件\",\"itemBrand\":\"1911764903073415169\",\"remark\":null,\"sku\":[{\"createBy\":null,\"createTime\":null,\"updateBy\":null,\"updateTime\":null,\"id\":null,\"skuName\":\"\",\"itemId\":\"1911774905276301313\",\"barcode\":\"\",\"skuCode\":\"\",\"length\":null,\"width\":null,\"height\":null,\"grossWeight\":null,\"netWeight\":null,\"costPrice\":null,\"sellingPrice\":null,\"itemName\":null,\"itemCode\":null,\"itemCategory\":null,\"itemBrand\":null}]}', '{\"code\":200,\"msg\":\"操作成功\",\"data\":null}', 1, '', '2025-04-14 21:33:51');
INSERT INTO `sys_oper_log` VALUES (1911775078048071681, '物料', 1, 'com.ruoyi.wms.controller.ItemController.add()', 'POST', 1, 'admin', '研发部门', '/wms/item', '0:0:0:0:0:0:0:1', '内网IP', '{\"createBy\":null,\"createTime\":null,\"updateBy\":null,\"updateTime\":null,\"id\":null,\"ids\":null,\"itemCode\":\"102\",\"itemName\":\"测试2\",\"itemCategory\":\"1911101053244334082\",\"unit\":\"件\",\"itemBrand\":\"1911764903073415169\",\"remark\":null,\"sku\":[{\"createBy\":null,\"createTime\":null,\"updateBy\":null,\"updateTime\":null,\"id\":null,\"skuName\":\"小\",\"itemId\":\"1911775077410537473\",\"barcode\":\"\",\"skuCode\":null,\"length\":null,\"width\":null,\"height\":null,\"grossWeight\":null,\"netWeight\":null,\"costPrice\":null,\"sellingPrice\":null,\"itemName\":null,\"itemCode\":null,\"itemCategory\":null,\"itemBrand\":null}]}', '{\"code\":200,\"msg\":\"操作成功\",\"data\":null}', 1, '', '2025-04-14 21:34:32');
INSERT INTO `sys_oper_log` VALUES (1911777468847489025, '物料', 1, 'com.ruoyi.wms.controller.ItemController.add()', 'POST', 1, 'admin', '研发部门', '/wms/item', '0:0:0:0:0:0:0:1', '内网IP', '{\"createBy\":null,\"createTime\":null,\"updateBy\":null,\"updateTime\":null,\"id\":null,\"ids\":null,\"itemCode\":null,\"itemName\":\"cs\",\"itemCategory\":\"1911101053244334082\",\"unit\":null,\"itemBrand\":\"1911764903073415169\",\"remark\":null,\"sku\":[{\"createBy\":null,\"createTime\":null,\"updateBy\":null,\"updateTime\":null,\"id\":null,\"skuName\":\"\",\"itemId\":\"1911777467417231361\",\"barcode\":\"\",\"skuCode\":\"\",\"length\":null,\"width\":null,\"height\":null,\"grossWeight\":null,\"netWeight\":null,\"costPrice\":null,\"sellingPrice\":null,\"itemName\":null,\"itemCode\":null,\"itemCategory\":null,\"itemBrand\":null}]}', '{\"code\":200,\"msg\":\"操作成功\",\"data\":null}', 1, '', '2025-04-14 21:44:02');
INSERT INTO `sys_oper_log` VALUES (1911779037659791362, '物料', 1, 'com.ruoyi.wms.controller.ItemController.add()', 'POST', 1, 'admin', '研发部门', '/wms/item', '0:0:0:0:0:0:0:1', '内网IP', '{\"createBy\":null,\"createTime\":null,\"updateBy\":null,\"updateTime\":null,\"id\":null,\"ids\":null,\"itemCode\":\"1012\",\"itemName\":\"cs1\",\"itemCategory\":\"1911101053244334082\",\"unit\":null,\"itemBrand\":\"1911764903073415169\",\"remark\":null,\"sku\":[{\"createBy\":null,\"createTime\":null,\"updateBy\":null,\"updateTime\":null,\"id\":null,\"skuName\":\"\",\"itemId\":\"1911779036942565378\",\"barcode\":\"\",\"skuCode\":\"\",\"length\":null,\"width\":null,\"height\":null,\"grossWeight\":null,\"netWeight\":null,\"costPrice\":null,\"sellingPrice\":null,\"itemName\":null,\"itemCode\":null,\"itemCategory\":null,\"itemBrand\":null}]}', '{\"code\":200,\"msg\":\"操作成功\",\"data\":null}', 1, '', '2025-04-14 21:50:16');
INSERT INTO `sys_oper_log` VALUES (1911779490795618306, '物料', 1, 'com.ruoyi.wms.controller.ItemController.add()', 'POST', 1, 'admin', '研发部门', '/wms/item', '0:0:0:0:0:0:0:1', '内网IP', '{\"createBy\":null,\"createTime\":null,\"updateBy\":null,\"updateTime\":null,\"id\":null,\"ids\":null,\"itemCode\":\"1012\",\"itemName\":\"cs22\",\"itemCategory\":\"1911101053244334082\",\"unit\":null,\"itemBrand\":\"1911764903073415169\",\"remark\":null,\"sku\":[{\"createBy\":null,\"createTime\":null,\"updateBy\":null,\"updateTime\":null,\"id\":null,\"skuName\":\"\",\"itemId\":\"1911779490145501186\",\"barcode\":\"\",\"skuCode\":\"\",\"length\":null,\"width\":null,\"height\":null,\"grossWeight\":null,\"netWeight\":null,\"costPrice\":null,\"sellingPrice\":null,\"itemName\":null,\"itemCode\":null,\"itemCategory\":null,\"itemBrand\":null}]}', '{\"code\":200,\"msg\":\"操作成功\",\"data\":null}', 1, '', '2025-04-14 21:52:04');
INSERT INTO `sys_oper_log` VALUES (1911779511393845250, '物料', 3, 'com.ruoyi.wms.controller.ItemController.remove()', 'DELETE', 1, 'admin', '研发部门', '/wms/item/1911774482704367618', '0:0:0:0:0:0:0:1', '内网IP', '{}', '{\"code\":200,\"msg\":\"操作成功\",\"data\":null}', 1, '', '2025-04-14 21:52:09');
INSERT INTO `sys_oper_log` VALUES (1911779521644724225, '物料', 3, 'com.ruoyi.wms.controller.ItemController.remove()', 'DELETE', 1, 'admin', '研发部门', '/wms/item/1911774905276301313', '0:0:0:0:0:0:0:1', '内网IP', '{}', '{\"code\":200,\"msg\":\"操作成功\",\"data\":null}', 1, '', '2025-04-14 21:52:12');
INSERT INTO `sys_oper_log` VALUES (1911779547016069121, '物料', 3, 'com.ruoyi.wms.controller.ItemController.remove()', 'DELETE', 1, 'admin', '研发部门', '/wms/item/1911777467417231361', '0:0:0:0:0:0:0:1', '内网IP', '{}', '{\"code\":200,\"msg\":\"操作成功\",\"data\":null}', 1, '', '2025-04-14 21:52:18');
INSERT INTO `sys_oper_log` VALUES (1911779568541237249, '物料', 3, 'com.ruoyi.wms.controller.ItemController.remove()', 'DELETE', 1, 'admin', '研发部门', '/wms/item/1911779036942565378', '0:0:0:0:0:0:0:1', '内网IP', '{}', '{\"code\":200,\"msg\":\"操作成功\",\"data\":null}', 1, '', '2025-04-14 21:52:23');
INSERT INTO `sys_oper_log` VALUES (1911780852430274562, '物料', 1, 'com.ruoyi.wms.controller.ItemController.add()', 'POST', 1, 'admin', '研发部门', '/wms/item', '0:0:0:0:0:0:0:1', '内网IP', '{\"createBy\":null,\"createTime\":null,\"updateBy\":null,\"updateTime\":null,\"id\":null,\"ids\":null,\"itemCode\":null,\"itemName\":\"我\",\"itemCategory\":\"1911101053244334082\",\"unit\":null,\"itemBrand\":\"1911764903073415169\",\"remark\":null,\"sku\":[{\"createBy\":null,\"createTime\":null,\"updateBy\":null,\"updateTime\":null,\"id\":null,\"skuName\":\"\",\"itemId\":\"1911780851520110593\",\"barcode\":\"\",\"skuCode\":\"\",\"length\":null,\"width\":null,\"height\":null,\"grossWeight\":null,\"netWeight\":null,\"costPrice\":null,\"sellingPrice\":null,\"itemName\":null,\"itemCode\":null,\"itemCategory\":null,\"itemBrand\":null}]}', '{\"code\":200,\"msg\":\"操作成功\",\"data\":null}', 1, '', '2025-04-14 21:57:29');
INSERT INTO `sys_oper_log` VALUES (1911781289099264002, '物料', 1, 'com.ruoyi.wms.controller.ItemController.add()', 'POST', 1, 'admin', '研发部门', '/wms/item', '0:0:0:0:0:0:0:1', '内网IP', '{\"createBy\":null,\"createTime\":null,\"updateBy\":null,\"updateTime\":null,\"id\":null,\"ids\":null,\"itemCode\":null,\"itemName\":\"测试1\",\"itemCategory\":\"1911101053244334082\",\"unit\":null,\"itemBrand\":\"1911764903073415169\",\"remark\":null,\"sku\":[{\"createBy\":null,\"createTime\":null,\"updateBy\":null,\"updateTime\":null,\"id\":null,\"skuName\":\"\",\"itemId\":\"1911781288252014594\",\"barcode\":\"\",\"skuCode\":\"\",\"length\":null,\"width\":null,\"height\":null,\"grossWeight\":null,\"netWeight\":null,\"costPrice\":null,\"sellingPrice\":null,\"itemName\":null,\"itemCode\":null,\"itemCategory\":null,\"itemBrand\":null}]}', '{\"code\":200,\"msg\":\"操作成功\",\"data\":null}', 1, '', '2025-04-14 21:59:13');
INSERT INTO `sys_oper_log` VALUES (1911782500019994626, '物料', 1, 'com.ruoyi.wms.controller.ItemController.add()', 'POST', 1, 'admin', '研发部门', '/wms/item', '0:0:0:0:0:0:0:1', '内网IP', '{\"createBy\":null,\"createTime\":null,\"updateBy\":null,\"updateTime\":null,\"id\":null,\"ids\":null,\"itemCode\":null,\"itemName\":\"测试1\",\"itemCategory\":\"1911101053244334082\",\"unit\":null,\"itemBrand\":\"1911764903073415169\",\"remark\":null,\"sku\":[{\"createBy\":null,\"createTime\":null,\"updateBy\":null,\"updateTime\":null,\"id\":null,\"skuName\":\"\",\"itemId\":null,\"barcode\":\"\",\"skuCode\":\"101\",\"length\":\"1\",\"width\":\"1\",\"height\":\"1\",\"grossWeight\":\"1\",\"netWeight\":\"1\",\"costPrice\":\"2\",\"sellingPrice\":\"10\",\"itemName\":null,\"itemCode\":null,\"itemCategory\":null,\"itemBrand\":null}]}', '', 0, '商品名称重复', '2025-04-14 22:04:02');
INSERT INTO `sys_oper_log` VALUES (1911782631142326273, '物料', 3, 'com.ruoyi.wms.controller.ItemController.remove()', 'DELETE', 1, 'admin', '研发部门', '/wms/item/1911779490145501186', '0:0:0:0:0:0:0:1', '内网IP', '{}', '{\"code\":200,\"msg\":\"操作成功\",\"data\":null}', 1, '', '2025-04-14 22:04:33');
INSERT INTO `sys_oper_log` VALUES (1911782643788152833, '物料', 3, 'com.ruoyi.wms.controller.ItemController.remove()', 'DELETE', 1, 'admin', '研发部门', '/wms/item/1911780851520110593', '0:0:0:0:0:0:0:1', '内网IP', '{}', '{\"code\":200,\"msg\":\"操作成功\",\"data\":null}', 1, '', '2025-04-14 22:04:36');
INSERT INTO `sys_oper_log` VALUES (1911782653497966594, '物料', 3, 'com.ruoyi.wms.controller.ItemController.remove()', 'DELETE', 1, 'admin', '研发部门', '/wms/item/1911781288252014594', '0:0:0:0:0:0:0:1', '内网IP', '{}', '{\"code\":200,\"msg\":\"操作成功\",\"data\":null}', 1, '', '2025-04-14 22:04:38');
INSERT INTO `sys_oper_log` VALUES (1911782819655319553, '物料', 1, 'com.ruoyi.wms.controller.ItemController.add()', 'POST', 1, 'admin', '研发部门', '/wms/item', '0:0:0:0:0:0:0:1', '内网IP', '{\"createBy\":null,\"createTime\":null,\"updateBy\":null,\"updateTime\":null,\"id\":null,\"ids\":null,\"itemCode\":\"1212\",\"itemName\":\"测试1\",\"itemCategory\":\"1911101053244334082\",\"unit\":null,\"itemBrand\":\"1911764903073415169\",\"remark\":null,\"sku\":[{\"createBy\":null,\"createTime\":null,\"updateBy\":null,\"updateTime\":null,\"id\":null,\"skuName\":\"\",\"itemId\":null,\"barcode\":\"cs1\",\"skuCode\":\"cs2\",\"length\":\"1\",\"width\":\"2\",\"height\":\"3\",\"grossWeight\":\"2.1\",\"netWeight\":\"1.1\",\"costPrice\":\"5\",\"sellingPrice\":\"10\",\"itemName\":null,\"itemCode\":null,\"itemCategory\":null,\"itemBrand\":null}]}', '{\"code\":200,\"msg\":\"操作成功\",\"data\":null}', 1, '', '2025-04-14 22:05:18');
INSERT INTO `sys_oper_log` VALUES (1911783309516472321, '物料', 1, 'com.ruoyi.wms.controller.ItemController.add()', 'POST', 1, 'admin', '研发部门', '/wms/item', '0:0:0:0:0:0:0:1', '内网IP', '{\"createBy\":null,\"createTime\":null,\"updateBy\":null,\"updateTime\":null,\"id\":null,\"ids\":null,\"itemCode\":\"13113\",\"itemName\":\"测试2\",\"itemCategory\":\"1911101053244334082\",\"unit\":null,\"itemBrand\":\"1911764903073415169\",\"remark\":null,\"sku\":[{\"createBy\":null,\"createTime\":null,\"updateBy\":null,\"updateTime\":null,\"id\":null,\"skuName\":\"\",\"itemId\":null,\"barcode\":\"\",\"skuCode\":\"\",\"length\":null,\"width\":null,\"height\":null,\"grossWeight\":null,\"netWeight\":null,\"costPrice\":null,\"sellingPrice\":null,\"itemName\":null,\"itemCode\":null,\"itemCategory\":null,\"itemBrand\":null}]}', '', 0, '商品名称重复', '2025-04-14 22:07:15');
INSERT INTO `sys_oper_log` VALUES (1911783489678606337, '物料', 1, 'com.ruoyi.wms.controller.ItemController.add()', 'POST', 1, 'admin', '研发部门', '/wms/item', '0:0:0:0:0:0:0:1', '内网IP', '{\"createBy\":null,\"createTime\":null,\"updateBy\":null,\"updateTime\":null,\"id\":null,\"ids\":null,\"itemCode\":\"1313\",\"itemName\":\"测试3\",\"itemCategory\":\"1911101053244334082\",\"unit\":null,\"itemBrand\":\"1911764903073415169\",\"remark\":null,\"sku\":[{\"createBy\":null,\"createTime\":null,\"updateBy\":null,\"updateTime\":null,\"id\":null,\"skuName\":\"\",\"itemId\":\"1911783489150124034\",\"barcode\":\"\",\"skuCode\":\"\",\"length\":null,\"width\":null,\"height\":null,\"grossWeight\":null,\"netWeight\":null,\"costPrice\":null,\"sellingPrice\":null,\"itemName\":null,\"itemCode\":null,\"itemCategory\":null,\"itemBrand\":null}]}', '{\"code\":200,\"msg\":\"操作成功\",\"data\":null}', 1, '', '2025-04-14 22:07:58');
INSERT INTO `sys_oper_log` VALUES (1911783679730909185, '物料', 1, 'com.ruoyi.wms.controller.ItemController.add()', 'POST', 1, 'admin', '研发部门', '/wms/item', '0:0:0:0:0:0:0:1', '内网IP', '{\"createBy\":null,\"createTime\":null,\"updateBy\":null,\"updateTime\":null,\"id\":null,\"ids\":null,\"itemCode\":\"1313\",\"itemName\":\"测试4\",\"itemCategory\":\"1911101053244334082\",\"unit\":null,\"itemBrand\":\"1911764903073415169\",\"remark\":null,\"sku\":[{\"createBy\":null,\"createTime\":null,\"updateBy\":null,\"updateTime\":null,\"id\":null,\"skuName\":\"\",\"itemId\":null,\"barcode\":\"2\",\"skuCode\":\"1\",\"length\":\"1\",\"width\":\"21\",\"height\":\"12\",\"grossWeight\":\"2\",\"netWeight\":\"1\",\"costPrice\":\"11\",\"sellingPrice\":\"22\",\"itemName\":null,\"itemCode\":null,\"itemCategory\":null,\"itemBrand\":null}]}', '{\"code\":200,\"msg\":\"操作成功\",\"data\":null}', 1, '', '2025-04-14 22:08:43');
INSERT INTO `sys_oper_log` VALUES (1911784070065422338, '物料', 1, 'com.ruoyi.wms.controller.ItemController.add()', 'POST', 1, 'admin', '研发部门', '/wms/item', '0:0:0:0:0:0:0:1', '内网IP', '{\"createBy\":null,\"createTime\":null,\"updateBy\":null,\"updateTime\":null,\"id\":null,\"ids\":null,\"itemCode\":null,\"itemName\":\"测试5\",\"itemCategory\":\"1911101053244334082\",\"unit\":null,\"itemBrand\":\"1911764903073415169\",\"remark\":null,\"sku\":[{\"createBy\":null,\"createTime\":null,\"updateBy\":null,\"updateTime\":null,\"id\":null,\"skuName\":\"\",\"itemId\":\"1911784069541134338\",\"barcode\":\"\",\"skuCode\":\"\",\"length\":null,\"width\":null,\"height\":null,\"grossWeight\":null,\"netWeight\":null,\"costPrice\":null,\"sellingPrice\":null,\"itemName\":null,\"itemCode\":null,\"itemCategory\":null,\"itemBrand\":null}]}', '{\"code\":200,\"msg\":\"操作成功\",\"data\":null}', 1, '', '2025-04-14 22:10:16');
INSERT INTO `sys_oper_log` VALUES (1911784295156940801, '物料', 1, 'com.ruoyi.wms.controller.ItemController.add()', 'POST', 1, 'admin', '研发部门', '/wms/item', '0:0:0:0:0:0:0:1', '内网IP', '{\"createBy\":null,\"createTime\":null,\"updateBy\":null,\"updateTime\":null,\"id\":null,\"ids\":null,\"itemCode\":null,\"itemName\":\"1测试\",\"itemCategory\":\"1911101053244334082\",\"unit\":null,\"itemBrand\":\"1911764903073415169\",\"remark\":null,\"sku\":[{\"createBy\":null,\"createTime\":null,\"updateBy\":null,\"updateTime\":null,\"id\":null,\"skuName\":\"小\",\"itemId\":null,\"barcode\":\"001\",\"skuCode\":\"111\",\"length\":\"1\",\"width\":\"1\",\"height\":\"1\",\"grossWeight\":\"1\",\"netWeight\":\"1\",\"costPrice\":\"11\",\"sellingPrice\":\"22\",\"itemName\":null,\"itemCode\":null,\"itemCategory\":null,\"itemBrand\":null}]}', '{\"code\":200,\"msg\":\"操作成功\",\"data\":null}', 1, '', '2025-04-14 22:11:10');
INSERT INTO `sys_oper_log` VALUES (1911785040019193857, '物料', 1, 'com.ruoyi.wms.controller.ItemController.add()', 'POST', 1, 'admin', '研发部门', '/wms/item', '0:0:0:0:0:0:0:1', '内网IP', '{\"createBy\":null,\"createTime\":null,\"updateBy\":null,\"updateTime\":null,\"id\":null,\"ids\":null,\"itemCode\":null,\"itemName\":\"VUE测试\",\"itemCategory\":\"1911101053244334082\",\"unit\":null,\"itemBrand\":\"1911764903073415169\",\"remark\":null,\"sku\":[{\"createBy\":null,\"createTime\":null,\"updateBy\":null,\"updateTime\":null,\"id\":null,\"skuName\":\"测试规格\",\"itemId\":null,\"barcode\":\"10101\",\"skuCode\":\"100\",\"length\":\"1\",\"width\":null,\"height\":null,\"grossWeight\":\"2.1\",\"netWeight\":\"2\",\"costPrice\":\"2\",\"sellingPrice\":\"5\",\"itemName\":null,\"itemCode\":null,\"itemCategory\":null,\"itemBrand\":null}]}', '{\"code\":200,\"msg\":\"操作成功\",\"data\":null}', 1, '', '2025-04-14 22:14:07');
INSERT INTO `sys_oper_log` VALUES (1911788484503273474, '物料', 1, 'com.ruoyi.wms.controller.ItemController.add()', 'POST', 1, 'admin', '研发部门', '/wms/item', '0:0:0:0:0:0:0:1', '内网IP', '{\"createBy\":null,\"createTime\":null,\"updateBy\":null,\"updateTime\":null,\"id\":null,\"ids\":null,\"itemCode\":null,\"itemName\":\"测试6\",\"itemCategory\":\"1911101053244334082\",\"unit\":null,\"itemBrand\":\"1911764903073415169\",\"remark\":null,\"sku\":[{\"createBy\":null,\"createTime\":null,\"updateBy\":null,\"updateTime\":null,\"id\":null,\"skuName\":\"\",\"itemId\":null,\"barcode\":\"2\",\"skuCode\":\"1\",\"length\":null,\"width\":null,\"height\":null,\"grossWeight\":null,\"netWeight\":null,\"costPrice\":null,\"sellingPrice\":null,\"itemName\":null,\"itemCode\":null,\"itemCategory\":null,\"itemBrand\":null}]}', '{\"code\":200,\"msg\":\"操作成功\",\"data\":null}', 1, '', '2025-04-14 22:27:49');
INSERT INTO `sys_oper_log` VALUES (1911788740481646593, '物料', 1, 'com.ruoyi.wms.controller.ItemController.add()', 'POST', 1, 'admin', '研发部门', '/wms/item', '0:0:0:0:0:0:0:1', '内网IP', '{\"createBy\":null,\"createTime\":null,\"updateBy\":null,\"updateTime\":null,\"id\":null,\"ids\":null,\"itemCode\":\"111\",\"itemName\":\"测试7\",\"itemCategory\":\"1911101053244334082\",\"unit\":null,\"itemBrand\":\"1911764903073415169\",\"remark\":null,\"sku\":[{\"createBy\":null,\"createTime\":null,\"updateBy\":null,\"updateTime\":null,\"id\":null,\"skuName\":\"商品规格1\",\"itemId\":\"1911788739701506050\",\"barcode\":\"\",\"skuCode\":\"\",\"length\":null,\"width\":null,\"height\":null,\"grossWeight\":null,\"netWeight\":null,\"costPrice\":null,\"sellingPrice\":null,\"itemName\":null,\"itemCode\":null,\"itemCategory\":null,\"itemBrand\":null}]}', '{\"code\":200,\"msg\":\"操作成功\",\"data\":null}', 1, '', '2025-04-14 22:28:50');
INSERT INTO `sys_oper_log` VALUES (1911789641330065410, '物料', 3, 'com.ruoyi.wms.controller.ItemController.remove()', 'DELETE', 1, 'admin', '研发部门', '/wms/item/1911783489150124034', '0:0:0:0:0:0:0:1', '内网IP', '{}', '{\"code\":200,\"msg\":\"操作成功\",\"data\":null}', 1, '', '2025-04-14 22:32:24');
INSERT INTO `sys_oper_log` VALUES (1911789656609914882, '物料', 3, 'com.ruoyi.wms.controller.ItemController.remove()', 'DELETE', 1, 'admin', '研发部门', '/wms/item/1911784069541134338', '0:0:0:0:0:0:0:1', '内网IP', '{}', '{\"code\":200,\"msg\":\"操作成功\",\"data\":null}', 1, '', '2025-04-14 22:32:28');
INSERT INTO `sys_oper_log` VALUES (1911790476172722178, '物料', 1, 'com.ruoyi.wms.controller.ItemController.add()', 'POST', 1, 'admin', '研发部门', '/wms/item', '0:0:0:0:0:0:0:1', '内网IP', '{\"createBy\":null,\"createTime\":null,\"updateBy\":null,\"updateTime\":null,\"id\":null,\"ids\":null,\"itemCode\":null,\"itemName\":\"测试1\",\"itemCategory\":\"1911101053244334082\",\"unit\":null,\"itemBrand\":\"1911764903073415169\",\"remark\":null,\"sku\":[{\"createBy\":null,\"createTime\":null,\"updateBy\":null,\"updateTime\":null,\"id\":null,\"skuName\":\"测试规格12\",\"itemId\":\"1911790475514216449\",\"barcode\":\"\",\"skuCode\":\"1111\",\"length\":null,\"width\":null,\"height\":null,\"grossWeight\":null,\"netWeight\":null,\"costPrice\":null,\"sellingPrice\":null,\"itemName\":null,\"itemCode\":null,\"itemCategory\":null,\"itemBrand\":null}]}', '{\"code\":200,\"msg\":\"操作成功\",\"data\":null}', 1, '', '2025-04-14 22:35:44');
INSERT INTO `sys_oper_log` VALUES (1911790736362176513, '物料', 1, 'com.ruoyi.wms.controller.ItemController.add()', 'POST', 1, 'admin', '研发部门', '/wms/item', '0:0:0:0:0:0:0:1', '内网IP', '{\"createBy\":null,\"createTime\":null,\"updateBy\":null,\"updateTime\":null,\"id\":null,\"ids\":null,\"itemCode\":null,\"itemName\":\"测试2\",\"itemCategory\":\"1911101053244334082\",\"unit\":null,\"itemBrand\":\"1911764903073415169\",\"remark\":null,\"sku\":[{\"createBy\":null,\"createTime\":null,\"updateBy\":null,\"updateTime\":null,\"id\":null,\"skuName\":\"\",\"itemId\":null,\"barcode\":\"101010\",\"skuCode\":\"1111\",\"length\":\"12\",\"width\":\"3\",\"height\":\"5\",\"grossWeight\":\"22\",\"netWeight\":\"10\",\"costPrice\":\"2\",\"sellingPrice\":\"10\",\"itemName\":null,\"itemCode\":null,\"itemCategory\":null,\"itemBrand\":null}]}', '', 0, '商品名称重复', '2025-04-14 22:36:46');
INSERT INTO `sys_oper_log` VALUES (1911791023202238466, '物料', 1, 'com.ruoyi.wms.controller.ItemController.add()', 'POST', 1, 'admin', '研发部门', '/wms/item', '0:0:0:0:0:0:0:1', '内网IP', '{\"createBy\":null,\"createTime\":null,\"updateBy\":null,\"updateTime\":null,\"id\":null,\"ids\":null,\"itemCode\":null,\"itemName\":\"测试3\",\"itemCategory\":\"1911101053244334082\",\"unit\":null,\"itemBrand\":\"1911764903073415169\",\"remark\":null,\"sku\":[{\"createBy\":null,\"createTime\":null,\"updateBy\":null,\"updateTime\":null,\"id\":null,\"skuName\":\"\",\"itemId\":null,\"barcode\":\"cs1010\",\"skuCode\":\"cs100\",\"length\":\"2\",\"width\":\"3\",\"height\":\"4\",\"grossWeight\":null,\"netWeight\":null,\"costPrice\":null,\"sellingPrice\":null,\"itemName\":null,\"itemCode\":null,\"itemCategory\":null,\"itemBrand\":null}]}', '{\"code\":200,\"msg\":\"操作成功\",\"data\":null}', 1, '', '2025-04-14 22:37:54');
INSERT INTO `sys_oper_log` VALUES (1911791276093603841, '物料', 1, 'com.ruoyi.wms.controller.ItemController.add()', 'POST', 1, 'admin', '研发部门', '/wms/item', '0:0:0:0:0:0:0:1', '内网IP', '{\"createBy\":null,\"createTime\":null,\"updateBy\":null,\"updateTime\":null,\"id\":null,\"ids\":null,\"itemCode\":null,\"itemName\":\"测试1.1\",\"itemCategory\":\"1911101053244334082\",\"unit\":null,\"itemBrand\":\"1911764903073415169\",\"remark\":null,\"sku\":[{\"createBy\":null,\"createTime\":null,\"updateBy\":null,\"updateTime\":null,\"id\":null,\"skuName\":\"测试规格\",\"itemId\":\"1911791275309268993\",\"barcode\":\"\",\"skuCode\":\"cs100\",\"length\":null,\"width\":null,\"height\":null,\"grossWeight\":null,\"netWeight\":null,\"costPrice\":null,\"sellingPrice\":null,\"itemName\":null,\"itemCode\":null,\"itemCategory\":null,\"itemBrand\":null}]}', '{\"code\":200,\"msg\":\"操作成功\",\"data\":null}', 1, '', '2025-04-14 22:38:54');
INSERT INTO `sys_oper_log` VALUES (1911791363276406785, '物料', 1, 'com.ruoyi.wms.controller.ItemController.add()', 'POST', 1, 'admin', '研发部门', '/wms/item', '0:0:0:0:0:0:0:1', '内网IP', '{\"createBy\":null,\"createTime\":null,\"updateBy\":null,\"updateTime\":null,\"id\":null,\"ids\":null,\"itemCode\":null,\"itemName\":\"测试1.2\",\"itemCategory\":\"1911101053244334082\",\"unit\":null,\"itemBrand\":\"1911764903073415169\",\"remark\":null,\"sku\":[{\"createBy\":null,\"createTime\":null,\"updateBy\":null,\"updateTime\":null,\"id\":null,\"skuName\":\"\",\"itemId\":null,\"barcode\":\"111\",\"skuCode\":\"cs110\",\"length\":null,\"width\":null,\"height\":null,\"grossWeight\":null,\"netWeight\":null,\"costPrice\":null,\"sellingPrice\":null,\"itemName\":null,\"itemCode\":null,\"itemCategory\":null,\"itemBrand\":null}]}', '{\"code\":200,\"msg\":\"操作成功\",\"data\":null}', 1, '', '2025-04-14 22:39:15');
INSERT INTO `sys_oper_log` VALUES (1911791613089153025, '物料', 1, 'com.ruoyi.wms.controller.ItemController.add()', 'POST', 1, 'admin', '研发部门', '/wms/item', '0:0:0:0:0:0:0:1', '内网IP', '{\"createBy\":null,\"createTime\":null,\"updateBy\":null,\"updateTime\":null,\"id\":null,\"ids\":null,\"itemCode\":null,\"itemName\":\"测试13\",\"itemCategory\":\"1911101053244334082\",\"unit\":null,\"itemBrand\":\"1911764903073415169\",\"remark\":null,\"sku\":[{\"createBy\":null,\"createTime\":null,\"updateBy\":null,\"updateTime\":null,\"id\":null,\"skuName\":\"\",\"itemId\":null,\"barcode\":\"5204862525\",\"skuCode\":\"6666\",\"length\":null,\"width\":null,\"height\":null,\"grossWeight\":null,\"netWeight\":null,\"costPrice\":null,\"sellingPrice\":null,\"itemName\":null,\"itemCode\":null,\"itemCategory\":null,\"itemBrand\":null}]}', '{\"code\":200,\"msg\":\"操作成功\",\"data\":null}', 1, '', '2025-04-14 22:40:15');
INSERT INTO `sys_oper_log` VALUES (1911791749764743169, '物料', 1, 'com.ruoyi.wms.controller.ItemController.add()', 'POST', 1, 'admin', '研发部门', '/wms/item', '0:0:0:0:0:0:0:1', '内网IP', '{\"createBy\":null,\"createTime\":null,\"updateBy\":null,\"updateTime\":null,\"id\":null,\"ids\":null,\"itemCode\":null,\"itemName\":\"测试44\",\"itemCategory\":\"1911101053244334082\",\"unit\":null,\"itemBrand\":\"1911764903073415169\",\"remark\":null,\"sku\":[{\"createBy\":null,\"createTime\":null,\"updateBy\":null,\"updateTime\":null,\"id\":null,\"skuName\":\"测试规格2\",\"itemId\":null,\"barcode\":\"5204862666\",\"skuCode\":\"cs122\",\"length\":null,\"width\":null,\"height\":null,\"grossWeight\":null,\"netWeight\":null,\"costPrice\":null,\"sellingPrice\":null,\"itemName\":null,\"itemCode\":null,\"itemCategory\":null,\"itemBrand\":null}]}', '{\"code\":200,\"msg\":\"操作成功\",\"data\":null}', 1, '', '2025-04-14 22:40:47');
INSERT INTO `sys_oper_log` VALUES (1911792251785183233, '物料', 1, 'com.ruoyi.wms.controller.ItemController.add()', 'POST', 1, 'admin', '研发部门', '/wms/item', '0:0:0:0:0:0:0:1', '内网IP', '{\"createBy\":null,\"createTime\":null,\"updateBy\":null,\"updateTime\":null,\"id\":null,\"ids\":null,\"itemCode\":null,\"itemName\":\"测试1\",\"itemCategory\":\"1910609219019661313\",\"unit\":null,\"itemBrand\":\"1911764903073415169\",\"remark\":null,\"sku\":[{\"createBy\":null,\"createTime\":null,\"updateBy\":null,\"updateTime\":null,\"id\":null,\"skuName\":\"测试规格\",\"itemId\":\"1911792250807910401\",\"barcode\":\"\",\"skuCode\":\"cs100\",\"length\":null,\"width\":null,\"height\":null,\"grossWeight\":null,\"netWeight\":null,\"costPrice\":null,\"sellingPrice\":null,\"itemName\":null,\"itemCode\":null,\"itemCategory\":null,\"itemBrand\":null}]}', '{\"code\":200,\"msg\":\"操作成功\",\"data\":null}', 1, '', '2025-04-14 22:42:47');
INSERT INTO `sys_oper_log` VALUES (1911792317929357314, '物料', 1, 'com.ruoyi.wms.controller.ItemController.add()', 'POST', 1, 'admin', '研发部门', '/wms/item', '0:0:0:0:0:0:0:1', '内网IP', '{\"createBy\":null,\"createTime\":null,\"updateBy\":null,\"updateTime\":null,\"id\":null,\"ids\":null,\"itemCode\":null,\"itemName\":\"测试2\",\"itemCategory\":\"1910609219019661313\",\"unit\":null,\"itemBrand\":\"1911764903073415169\",\"remark\":null,\"sku\":[{\"createBy\":null,\"createTime\":null,\"updateBy\":null,\"updateTime\":null,\"id\":null,\"skuName\":\"\",\"itemId\":null,\"barcode\":\"111\",\"skuCode\":\"cs100\",\"length\":null,\"width\":null,\"height\":null,\"grossWeight\":null,\"netWeight\":null,\"costPrice\":null,\"sellingPrice\":null,\"itemName\":null,\"itemCode\":null,\"itemCategory\":null,\"itemBrand\":null}]}', '{\"code\":200,\"msg\":\"操作成功\",\"data\":null}', 1, '', '2025-04-14 22:43:03');
INSERT INTO `sys_oper_log` VALUES (1911792739880534018, '物料', 1, 'com.ruoyi.wms.controller.ItemController.add()', 'POST', 1, 'admin', '研发部门', '/wms/item', '0:0:0:0:0:0:0:1', '内网IP', '{\"createBy\":null,\"createTime\":null,\"updateBy\":null,\"updateTime\":null,\"id\":null,\"ids\":null,\"itemCode\":null,\"itemName\":\"测试3\",\"itemCategory\":\"1910609219019661313\",\"unit\":null,\"itemBrand\":\"1911764903073415169\",\"remark\":null,\"sku\":[{\"createBy\":null,\"createTime\":null,\"updateBy\":null,\"updateTime\":null,\"id\":null,\"skuName\":\"\",\"itemId\":null,\"barcode\":\"222\",\"skuCode\":\"cs100\",\"length\":null,\"width\":null,\"height\":null,\"grossWeight\":null,\"netWeight\":null,\"costPrice\":null,\"sellingPrice\":null,\"itemName\":null,\"itemCode\":null,\"itemCategory\":null,\"itemBrand\":null}]}', '{\"code\":200,\"msg\":\"操作成功\",\"data\":null}', 1, '', '2025-04-14 22:44:43');
INSERT INTO `sys_oper_log` VALUES (1911793123005038593, '物料', 1, 'com.ruoyi.wms.controller.ItemController.add()', 'POST', 1, 'admin', '研发部门', '/wms/item', '0:0:0:0:0:0:0:1', '内网IP', '{\"createBy\":null,\"createTime\":null,\"updateBy\":null,\"updateTime\":null,\"id\":null,\"ids\":null,\"itemCode\":null,\"itemName\":\"测试4\",\"itemCategory\":\"1910609219019661313\",\"unit\":null,\"itemBrand\":\"1911764903073415169\",\"remark\":null,\"sku\":[{\"createBy\":null,\"createTime\":null,\"updateBy\":null,\"updateTime\":null,\"id\":null,\"skuName\":\"\",\"itemId\":\"1911793121759330306\",\"barcode\":\"\",\"skuCode\":\"cs100\",\"length\":\"2\",\"width\":\"5\",\"height\":\"4\",\"grossWeight\":null,\"netWeight\":null,\"costPrice\":null,\"sellingPrice\":null,\"itemName\":null,\"itemCode\":null,\"itemCategory\":null,\"itemBrand\":null}]}', '{\"code\":200,\"msg\":\"操作成功\",\"data\":null}', 1, '', '2025-04-14 22:46:15');
INSERT INTO `sys_oper_log` VALUES (1911793209877463042, '物料', 1, 'com.ruoyi.wms.controller.ItemController.add()', 'POST', 1, 'admin', '研发部门', '/wms/item', '0:0:0:0:0:0:0:1', '内网IP', '{\"createBy\":null,\"createTime\":null,\"updateBy\":null,\"updateTime\":null,\"id\":null,\"ids\":null,\"itemCode\":null,\"itemName\":\"测试5\",\"itemCategory\":\"1910609219019661313\",\"unit\":null,\"itemBrand\":\"1911764903073415169\",\"remark\":null,\"sku\":[{\"createBy\":null,\"createTime\":null,\"updateBy\":null,\"updateTime\":null,\"id\":null,\"skuName\":\"\",\"itemId\":\"1911793209286066178\",\"barcode\":\"\",\"skuCode\":\"cs100\",\"length\":\"5\",\"width\":\"6\",\"height\":\"4\",\"grossWeight\":\"6\",\"netWeight\":\"5\",\"costPrice\":null,\"sellingPrice\":null,\"itemName\":null,\"itemCode\":null,\"itemCategory\":null,\"itemBrand\":null}]}', '{\"code\":200,\"msg\":\"操作成功\",\"data\":null}', 1, '', '2025-04-14 22:46:35');
INSERT INTO `sys_oper_log` VALUES (1911793300050804737, '物料', 1, 'com.ruoyi.wms.controller.ItemController.add()', 'POST', 1, 'admin', '研发部门', '/wms/item', '0:0:0:0:0:0:0:1', '内网IP', '{\"createBy\":null,\"createTime\":null,\"updateBy\":null,\"updateTime\":null,\"id\":null,\"ids\":null,\"itemCode\":null,\"itemName\":\"测试5\",\"itemCategory\":\"1910609219019661313\",\"unit\":null,\"itemBrand\":\"1911764903073415169\",\"remark\":null,\"sku\":[{\"createBy\":null,\"createTime\":null,\"updateBy\":null,\"updateTime\":null,\"id\":null,\"skuName\":\"\",\"itemId\":null,\"barcode\":\"\",\"skuCode\":\"cs100\",\"length\":\"2\",\"width\":\"5\",\"height\":\"6\",\"grossWeight\":\"8\",\"netWeight\":\"5\",\"costPrice\":\"2\",\"sellingPrice\":\"10\",\"itemName\":null,\"itemCode\":null,\"itemCategory\":null,\"itemBrand\":null}]}', '', 0, '商品名称重复', '2025-04-14 22:46:57');
INSERT INTO `sys_oper_log` VALUES (1911793553680367618, '物料', 1, 'com.ruoyi.wms.controller.ItemController.add()', 'POST', 1, 'admin', '研发部门', '/wms/item', '0:0:0:0:0:0:0:1', '内网IP', '{\"createBy\":null,\"createTime\":null,\"updateBy\":null,\"updateTime\":null,\"id\":null,\"ids\":null,\"itemCode\":null,\"itemName\":\"测试6\",\"itemCategory\":\"1910609219019661313\",\"unit\":null,\"itemBrand\":\"1911764903073415169\",\"remark\":null,\"sku\":[{\"createBy\":null,\"createTime\":null,\"updateBy\":null,\"updateTime\":null,\"id\":null,\"skuName\":\"测试规格1\",\"itemId\":\"1911793553021861889\",\"barcode\":\"\",\"skuCode\":\"cs100\",\"length\":\"1\",\"width\":\"1\",\"height\":\"1\",\"grossWeight\":\"2\",\"netWeight\":\"2\",\"costPrice\":\"2\",\"sellingPrice\":\"2\",\"itemName\":null,\"itemCode\":null,\"itemCategory\":null,\"itemBrand\":null}]}', '{\"code\":200,\"msg\":\"操作成功\",\"data\":null}', 1, '', '2025-04-14 22:47:57');
INSERT INTO `sys_oper_log` VALUES (1911793624144674817, '物料', 3, 'com.ruoyi.wms.controller.ItemController.remove()', 'DELETE', 1, 'admin', '研发部门', '/wms/item/1911793209286066178', '0:0:0:0:0:0:0:1', '内网IP', '{}', '{\"code\":200,\"msg\":\"操作成功\",\"data\":null}', 1, '', '2025-04-14 22:48:14');
INSERT INTO `sys_oper_log` VALUES (1911793637000216578, '物料', 3, 'com.ruoyi.wms.controller.ItemController.remove()', 'DELETE', 1, 'admin', '研发部门', '/wms/item/1911793121759330306', '0:0:0:0:0:0:0:1', '内网IP', '{}', '{\"code\":200,\"msg\":\"操作成功\",\"data\":null}', 1, '', '2025-04-14 22:48:17');
INSERT INTO `sys_oper_log` VALUES (1911795195943321601, '物料', 1, 'com.ruoyi.wms.controller.ItemController.add()', 'POST', 1, 'admin', '研发部门', '/wms/item', '0:0:0:0:0:0:0:1', '内网IP', '{\"createBy\":null,\"createTime\":null,\"updateBy\":null,\"updateTime\":null,\"id\":null,\"ids\":null,\"itemCode\":null,\"itemName\":\"测试7\",\"itemCategory\":\"1910609219019661313\",\"unit\":null,\"itemBrand\":\"1911764903073415169\",\"remark\":null,\"sku\":[{\"createBy\":null,\"createTime\":null,\"updateBy\":null,\"updateTime\":null,\"id\":null,\"skuName\":\"测试规格\",\"itemId\":null,\"barcode\":\"123\",\"skuCode\":\"\",\"length\":null,\"width\":null,\"height\":null,\"grossWeight\":null,\"netWeight\":null,\"costPrice\":null,\"sellingPrice\":null,\"itemName\":null,\"itemCode\":null,\"itemCategory\":null,\"itemBrand\":null}]}', '{\"code\":200,\"msg\":\"操作成功\",\"data\":null}', 1, '', '2025-04-14 22:54:29');
INSERT INTO `sys_oper_log` VALUES (1911796889058017282, '物料', 1, 'com.ruoyi.wms.controller.ItemController.add()', 'POST', 1, 'admin', '研发部门', '/wms/item', '0:0:0:0:0:0:0:1', '内网IP', '{\"createBy\":null,\"createTime\":null,\"updateBy\":null,\"updateTime\":null,\"id\":null,\"ids\":null,\"itemCode\":null,\"itemName\":\"测试7\",\"itemCategory\":\"1910609219019661313\",\"unit\":null,\"itemBrand\":\"1911764903073415169\",\"remark\":null,\"sku\":[{\"createBy\":null,\"createTime\":null,\"updateBy\":null,\"updateTime\":null,\"id\":null,\"skuName\":\"测试规格12\",\"itemId\":null,\"barcode\":\"\",\"skuCode\":\"11111122222\",\"length\":null,\"width\":null,\"height\":null,\"grossWeight\":null,\"netWeight\":null,\"costPrice\":null,\"sellingPrice\":null,\"itemName\":null,\"itemCode\":null,\"itemCategory\":null,\"itemBrand\":null}]}', '', 0, '商品名称重复', '2025-04-14 23:01:12');
INSERT INTO `sys_oper_log` VALUES (1911796979390742529, '物料', 1, 'com.ruoyi.wms.controller.ItemController.add()', 'POST', 1, 'admin', '研发部门', '/wms/item', '0:0:0:0:0:0:0:1', '内网IP', '{\"createBy\":null,\"createTime\":null,\"updateBy\":null,\"updateTime\":null,\"id\":null,\"ids\":null,\"itemCode\":null,\"itemName\":\"测试8\",\"itemCategory\":\"1910609219019661313\",\"unit\":null,\"itemBrand\":\"1911764903073415169\",\"remark\":null,\"sku\":[{\"createBy\":null,\"createTime\":null,\"updateBy\":null,\"updateTime\":null,\"id\":null,\"skuName\":\"测试规格111\",\"itemId\":\"1911796978736431106\",\"barcode\":\"\",\"skuCode\":\"111112222\",\"length\":null,\"width\":null,\"height\":null,\"grossWeight\":null,\"netWeight\":null,\"costPrice\":null,\"sellingPrice\":null,\"itemName\":null,\"itemCode\":null,\"itemCategory\":null,\"itemBrand\":null}]}', '{\"code\":200,\"msg\":\"操作成功\",\"data\":null}', 1, '', '2025-04-14 23:01:34');
INSERT INTO `sys_oper_log` VALUES (1911799205383372801, '物料', 1, 'com.ruoyi.wms.controller.ItemController.add()', 'POST', 1, 'admin', '研发部门', '/wms/item', '0:0:0:0:0:0:0:1', '内网IP', '{\"createBy\":null,\"createTime\":null,\"updateBy\":null,\"updateTime\":null,\"id\":null,\"ids\":null,\"itemCode\":null,\"itemName\":\"测试9\",\"itemCategory\":\"1910609219019661313\",\"unit\":null,\"itemBrand\":\"1911764903073415169\",\"remark\":null,\"sku\":[{\"createBy\":null,\"createTime\":null,\"updateBy\":null,\"updateTime\":null,\"id\":null,\"skuName\":\"测试规\",\"itemId\":\"1911799204737449986\",\"barcode\":\"\",\"skuCode\":\"cs111\",\"length\":null,\"width\":null,\"height\":null,\"grossWeight\":null,\"netWeight\":null,\"costPrice\":null,\"sellingPrice\":null,\"itemName\":null,\"itemCode\":null,\"itemCategory\":null,\"itemBrand\":null}]}', '{\"code\":200,\"msg\":\"操作成功\",\"data\":null}', 1, '', '2025-04-14 23:10:25');
INSERT INTO `sys_oper_log` VALUES (1911799453740695553, '物料', 1, 'com.ruoyi.wms.controller.ItemController.add()', 'POST', 1, 'admin', '研发部门', '/wms/item', '0:0:0:0:0:0:0:1', '内网IP', '{\"createBy\":null,\"createTime\":null,\"updateBy\":null,\"updateTime\":null,\"id\":null,\"ids\":null,\"itemCode\":null,\"itemName\":\"测试10\",\"itemCategory\":\"1910609219019661313\",\"unit\":null,\"itemBrand\":\"1911764903073415169\",\"remark\":null,\"sku\":[{\"createBy\":null,\"createTime\":null,\"updateBy\":null,\"updateTime\":null,\"id\":null,\"skuName\":\"\",\"itemId\":null,\"barcode\":\"22222\",\"skuCode\":\"\",\"length\":null,\"width\":null,\"height\":null,\"grossWeight\":null,\"netWeight\":null,\"costPrice\":null,\"sellingPrice\":null,\"itemName\":null,\"itemCode\":null,\"itemCategory\":null,\"itemBrand\":null}]}', '{\"code\":200,\"msg\":\"操作成功\",\"data\":null}', 1, '', '2025-04-14 23:11:24');
INSERT INTO `sys_oper_log` VALUES (1911800022081470465, '物料', 1, 'com.ruoyi.wms.controller.ItemController.add()', 'POST', 1, 'admin', '研发部门', '/wms/item', '0:0:0:0:0:0:0:1', '内网IP', '{\"createBy\":null,\"createTime\":null,\"updateBy\":null,\"updateTime\":null,\"id\":null,\"ids\":null,\"itemCode\":null,\"itemName\":\"测试11\",\"itemCategory\":\"1828364988754595841\",\"unit\":null,\"itemBrand\":\"1911764903073415169\",\"remark\":null,\"sku\":[{\"createBy\":null,\"createTime\":null,\"updateBy\":null,\"updateTime\":null,\"id\":null,\"skuName\":\"测试规格\",\"itemId\":\"1911800021301329921\",\"barcode\":\"\",\"skuCode\":\"cs1000\",\"length\":null,\"width\":null,\"height\":null,\"grossWeight\":null,\"netWeight\":null,\"costPrice\":null,\"sellingPrice\":null,\"itemName\":null,\"itemCode\":null,\"itemCategory\":null,\"itemBrand\":null}]}', '{\"code\":200,\"msg\":\"操作成功\",\"data\":null}', 1, '', '2025-04-14 23:13:39');
INSERT INTO `sys_oper_log` VALUES (1911800510625611778, '物料', 1, 'com.ruoyi.wms.controller.ItemController.add()', 'POST', 1, 'admin', '研发部门', '/wms/item', '0:0:0:0:0:0:0:1', '内网IP', '{\"createBy\":null,\"createTime\":null,\"updateBy\":null,\"updateTime\":null,\"id\":null,\"ids\":null,\"itemCode\":null,\"itemName\":\"测试12\",\"itemCategory\":\"1828364988754595841\",\"unit\":null,\"itemBrand\":\"1911764903073415169\",\"remark\":null,\"sku\":[{\"createBy\":null,\"createTime\":null,\"updateBy\":null,\"updateTime\":null,\"id\":null,\"skuName\":\"测试规格123\",\"itemId\":null,\"barcode\":\"111111125\",\"skuCode\":\"\",\"length\":null,\"width\":null,\"height\":null,\"grossWeight\":null,\"netWeight\":null,\"costPrice\":null,\"sellingPrice\":null,\"itemName\":null,\"itemCode\":null,\"itemCategory\":null,\"itemBrand\":null}]}', '{\"code\":200,\"msg\":\"操作成功\",\"data\":null}', 1, '', '2025-04-14 23:15:36');
INSERT INTO `sys_oper_log` VALUES (1911802103882317826, '物料', 1, 'com.ruoyi.wms.controller.ItemController.add()', 'POST', 1, 'admin', '研发部门', '/wms/item', '0:0:0:0:0:0:0:1', '内网IP', '{\"createBy\":null,\"createTime\":null,\"updateBy\":null,\"updateTime\":null,\"id\":null,\"ids\":null,\"itemCode\":null,\"itemName\":\"测试1\",\"itemCategory\":\"1828364988754595841\",\"unit\":null,\"itemBrand\":\"1911764903073415169\",\"remark\":null,\"sku\":[{\"createBy\":null,\"createTime\":null,\"updateBy\":null,\"updateTime\":null,\"id\":null,\"skuName\":\"\",\"itemId\":\"1911802103228006401\",\"barcode\":\"\",\"skuCode\":\"cs100\",\"length\":null,\"width\":null,\"height\":null,\"grossWeight\":null,\"netWeight\":null,\"costPrice\":null,\"sellingPrice\":null,\"itemName\":null,\"itemCode\":null,\"itemCategory\":null,\"itemBrand\":null}]}', '{\"code\":200,\"msg\":\"操作成功\",\"data\":null}', 1, '', '2025-04-14 23:21:56');
INSERT INTO `sys_oper_log` VALUES (1911802875013496834, '物料', 1, 'com.ruoyi.wms.controller.ItemController.add()', 'POST', 1, 'admin', '研发部门', '/wms/item', '0:0:0:0:0:0:0:1', '内网IP', '{\"createBy\":null,\"createTime\":null,\"updateBy\":null,\"updateTime\":null,\"id\":null,\"ids\":null,\"itemCode\":null,\"itemName\":\"测试2\",\"itemCategory\":\"1828364988754595841\",\"unit\":null,\"itemBrand\":\"1911764903073415169\",\"remark\":null,\"sku\":[{\"createBy\":null,\"createTime\":null,\"updateBy\":null,\"updateTime\":null,\"id\":null,\"skuName\":\"\",\"itemId\":null,\"barcode\":\"1111\",\"skuCode\":\"\",\"length\":null,\"width\":null,\"height\":null,\"grossWeight\":null,\"netWeight\":null,\"costPrice\":null,\"sellingPrice\":null,\"itemName\":null,\"itemCode\":null,\"itemCategory\":null,\"itemBrand\":null}]}', '{\"code\":200,\"msg\":\"操作成功\",\"data\":null}', 1, '', '2025-04-14 23:25:00');
INSERT INTO `sys_oper_log` VALUES (1911802996103053314, '物料', 1, 'com.ruoyi.wms.controller.ItemController.add()', 'POST', 1, 'admin', '研发部门', '/wms/item', '0:0:0:0:0:0:0:1', '内网IP', '{\"createBy\":null,\"createTime\":null,\"updateBy\":null,\"updateTime\":null,\"id\":null,\"ids\":null,\"itemCode\":null,\"itemName\":\"测试3\",\"itemCategory\":\"1828364988754595841\",\"unit\":null,\"itemBrand\":\"1911764903073415169\",\"remark\":null,\"sku\":[{\"createBy\":null,\"createTime\":null,\"updateBy\":null,\"updateTime\":null,\"id\":null,\"skuName\":\"\",\"itemId\":\"1911802995515850754\",\"barcode\":\"\",\"skuCode\":\"\",\"length\":null,\"width\":null,\"height\":null,\"grossWeight\":null,\"netWeight\":null,\"costPrice\":null,\"sellingPrice\":null,\"itemName\":null,\"itemCode\":null,\"itemCategory\":null,\"itemBrand\":null}]}', '{\"code\":200,\"msg\":\"操作成功\",\"data\":null}', 1, '', '2025-04-14 23:25:29');
INSERT INTO `sys_oper_log` VALUES (1911803180522405889, '物料', 1, 'com.ruoyi.wms.controller.ItemController.add()', 'POST', 1, 'admin', '研发部门', '/wms/item', '0:0:0:0:0:0:0:1', '内网IP', '{\"createBy\":null,\"createTime\":null,\"updateBy\":null,\"updateTime\":null,\"id\":null,\"ids\":null,\"itemCode\":null,\"itemName\":\"测试2\",\"itemCategory\":\"1828364988754595841\",\"unit\":null,\"itemBrand\":\"1911764903073415169\",\"remark\":null,\"sku\":[{\"createBy\":null,\"createTime\":null,\"updateBy\":null,\"updateTime\":null,\"id\":null,\"skuName\":\"\",\"itemId\":null,\"barcode\":\"\",\"skuCode\":\"\",\"length\":null,\"width\":null,\"height\":null,\"grossWeight\":null,\"netWeight\":null,\"costPrice\":null,\"sellingPrice\":null,\"itemName\":null,\"itemCode\":null,\"itemCategory\":null,\"itemBrand\":null}]}', '', 0, '商品名称重复', '2025-04-14 23:26:12');
INSERT INTO `sys_oper_log` VALUES (1911803778441412610, '物料', 1, 'com.ruoyi.wms.controller.ItemController.add()', 'POST', 1, 'admin', '研发部门', '/wms/item', '0:0:0:0:0:0:0:1', '内网IP', '{\"createBy\":null,\"createTime\":null,\"updateBy\":null,\"updateTime\":null,\"id\":null,\"ids\":null,\"itemCode\":null,\"itemName\":\"测试2\",\"itemCategory\":\"1828364988754595841\",\"unit\":null,\"itemBrand\":\"1911764903073415169\",\"remark\":null,\"sku\":[{\"createBy\":null,\"createTime\":null,\"updateBy\":null,\"updateTime\":null,\"id\":null,\"skuName\":\"问问\",\"itemId\":null,\"barcode\":\"\",\"skuCode\":\"\",\"length\":null,\"width\":null,\"height\":null,\"grossWeight\":null,\"netWeight\":null,\"costPrice\":null,\"sellingPrice\":null,\"itemName\":null,\"itemCode\":null,\"itemCategory\":null,\"itemBrand\":null}]}', '', 0, '商品名称重复', '2025-04-14 23:28:35');
INSERT INTO `sys_oper_log` VALUES (1911804360703082497, '物料', 1, 'com.ruoyi.wms.controller.ItemController.add()', 'POST', 1, 'admin', '研发部门', '/wms/item', '0:0:0:0:0:0:0:1', '内网IP', '{\"createBy\":null,\"createTime\":null,\"updateBy\":null,\"updateTime\":null,\"id\":null,\"ids\":null,\"itemCode\":null,\"itemName\":\"测试4\",\"itemCategory\":\"1828364988754595841\",\"unit\":null,\"itemBrand\":\"1911764903073415169\",\"remark\":null,\"sku\":[{\"createBy\":null,\"createTime\":null,\"updateBy\":null,\"updateTime\":null,\"id\":null,\"skuName\":\"测试\",\"itemId\":\"1911804359730003970\",\"barcode\":\"\",\"skuCode\":\"\",\"length\":null,\"width\":null,\"height\":null,\"grossWeight\":null,\"netWeight\":null,\"costPrice\":null,\"sellingPrice\":null,\"itemName\":null,\"itemCode\":null,\"itemCategory\":null,\"itemBrand\":null}]}', '{\"code\":200,\"msg\":\"操作成功\",\"data\":null}', 1, '', '2025-04-14 23:30:54');
INSERT INTO `sys_oper_log` VALUES (1911804477061464066, '物料', 1, 'com.ruoyi.wms.controller.ItemController.add()', 'POST', 1, 'admin', '研发部门', '/wms/item', '0:0:0:0:0:0:0:1', '内网IP', '{\"createBy\":null,\"createTime\":null,\"updateBy\":null,\"updateTime\":null,\"id\":null,\"ids\":null,\"itemCode\":null,\"itemName\":\"测试5\",\"itemCategory\":\"1828364988754595841\",\"unit\":null,\"itemBrand\":\"1911764903073415169\",\"remark\":null,\"sku\":[{\"createBy\":null,\"createTime\":null,\"updateBy\":null,\"updateTime\":null,\"id\":null,\"skuName\":\"\",\"itemId\":\"1911804476281323521\",\"barcode\":\"\",\"skuCode\":\"\",\"length\":null,\"width\":null,\"height\":null,\"grossWeight\":null,\"netWeight\":null,\"costPrice\":null,\"sellingPrice\":null,\"itemName\":null,\"itemCode\":null,\"itemCategory\":null,\"itemBrand\":null}]}', '{\"code\":200,\"msg\":\"操作成功\",\"data\":null}', 1, '', '2025-04-14 23:31:22');
INSERT INTO `sys_oper_log` VALUES (1911805181767450626, '物料', 1, 'com.ruoyi.wms.controller.ItemController.add()', 'POST', 1, 'admin', '研发部门', '/wms/item', '0:0:0:0:0:0:0:1', '内网IP', '{\"createBy\":null,\"createTime\":null,\"updateBy\":null,\"updateTime\":null,\"id\":null,\"ids\":null,\"itemCode\":null,\"itemName\":\"测试6\",\"itemCategory\":\"1828364988754595841\",\"unit\":null,\"itemBrand\":\"1911764903073415169\",\"remark\":null,\"sku\":[{\"createBy\":null,\"createTime\":null,\"updateBy\":null,\"updateTime\":null,\"id\":null,\"skuName\":\"\",\"itemId\":\"1911805177426345986\",\"barcode\":\"\",\"skuCode\":\"\",\"length\":null,\"width\":null,\"height\":null,\"grossWeight\":null,\"netWeight\":null,\"costPrice\":null,\"sellingPrice\":null,\"itemName\":null,\"itemCode\":null,\"itemCategory\":null,\"itemBrand\":null}]}', '{\"code\":200,\"msg\":\"操作成功\",\"data\":null}', 1, '', '2025-04-14 23:34:10');
INSERT INTO `sys_oper_log` VALUES (1911805748594081794, '物料', 1, 'com.ruoyi.wms.controller.ItemController.add()', 'POST', 1, 'admin', '研发部门', '/wms/item', '0:0:0:0:0:0:0:1', '内网IP', '{\"createBy\":null,\"createTime\":null,\"updateBy\":null,\"updateTime\":null,\"id\":null,\"ids\":null,\"itemCode\":null,\"itemName\":\"测试6\",\"itemCategory\":\"1828364988754595841\",\"unit\":null,\"itemBrand\":\"1911764903073415169\",\"remark\":null,\"sku\":[{\"createBy\":null,\"createTime\":null,\"updateBy\":null,\"updateTime\":null,\"id\":null,\"skuName\":\"\",\"itemId\":null,\"barcode\":\"\",\"skuCode\":\"\",\"length\":null,\"width\":null,\"height\":null,\"grossWeight\":null,\"netWeight\":null,\"costPrice\":null,\"sellingPrice\":null,\"itemName\":null,\"itemCode\":null,\"itemCategory\":null,\"itemBrand\":null}]}', '', 0, '商品名称重复', '2025-04-14 23:36:25');
INSERT INTO `sys_oper_log` VALUES (1911806116140941314, '物料', 1, 'com.ruoyi.wms.controller.ItemController.add()', 'POST', 1, 'admin', '研发部门', '/wms/item', '0:0:0:0:0:0:0:1', '内网IP', '{\"createBy\":null,\"createTime\":null,\"updateBy\":null,\"updateTime\":null,\"id\":null,\"ids\":null,\"itemCode\":null,\"itemName\":\"测试6\",\"itemCategory\":\"1828364988754595841\",\"unit\":null,\"itemBrand\":\"1911764903073415169\",\"remark\":null,\"sku\":[{\"createBy\":null,\"createTime\":null,\"updateBy\":null,\"updateTime\":null,\"id\":null,\"skuName\":\"\",\"itemId\":null,\"barcode\":\"\",\"skuCode\":\"\",\"length\":null,\"width\":null,\"height\":null,\"grossWeight\":null,\"netWeight\":null,\"costPrice\":null,\"sellingPrice\":null,\"itemName\":null,\"itemCode\":null,\"itemCategory\":null,\"itemBrand\":null}]}', '', 0, '商品名称重复', '2025-04-14 23:37:52');
INSERT INTO `sys_oper_log` VALUES (1911806165562425345, '物料', 1, 'com.ruoyi.wms.controller.ItemController.add()', 'POST', 1, 'admin', '研发部门', '/wms/item', '0:0:0:0:0:0:0:1', '内网IP', '{\"createBy\":null,\"createTime\":null,\"updateBy\":null,\"updateTime\":null,\"id\":null,\"ids\":null,\"itemCode\":null,\"itemName\":\"测试7\",\"itemCategory\":\"1828364988754595841\",\"unit\":null,\"itemBrand\":\"1911764903073415169\",\"remark\":null,\"sku\":[{\"createBy\":null,\"createTime\":null,\"updateBy\":null,\"updateTime\":null,\"id\":null,\"skuName\":\"\",\"itemId\":\"1911806164841005057\",\"barcode\":\"\",\"skuCode\":\"\",\"length\":null,\"width\":null,\"height\":null,\"grossWeight\":null,\"netWeight\":null,\"costPrice\":null,\"sellingPrice\":null,\"itemName\":null,\"itemCode\":null,\"itemCategory\":null,\"itemBrand\":null}]}', '{\"code\":200,\"msg\":\"操作成功\",\"data\":null}', 1, '', '2025-04-14 23:38:04');
INSERT INTO `sys_oper_log` VALUES (1911807090955911169, '物料', 1, 'com.ruoyi.wms.controller.ItemController.add()', 'POST', 1, 'admin', '研发部门', '/wms/item', '0:0:0:0:0:0:0:1', '内网IP', '{\"createBy\":null,\"createTime\":null,\"updateBy\":null,\"updateTime\":null,\"id\":null,\"ids\":null,\"itemCode\":null,\"itemName\":\"测试8\",\"itemCategory\":\"1828364988754595841\",\"unit\":null,\"itemBrand\":\"1911764903073415169\",\"remark\":null,\"sku\":[{\"createBy\":null,\"createTime\":null,\"updateBy\":null,\"updateTime\":null,\"id\":null,\"skuName\":\"\",\"itemId\":\"1911807085415235586\",\"barcode\":\"\",\"skuCode\":\"\",\"length\":null,\"width\":null,\"height\":null,\"grossWeight\":null,\"netWeight\":null,\"costPrice\":null,\"sellingPrice\":null,\"itemName\":null,\"itemCode\":null,\"itemCategory\":null,\"itemBrand\":null}]}', '{\"code\":200,\"msg\":\"操作成功\",\"data\":null}', 1, '', '2025-04-14 23:41:45');
INSERT INTO `sys_oper_log` VALUES (1911807157133639681, '物料', 1, 'com.ruoyi.wms.controller.ItemController.add()', 'POST', 1, 'admin', '研发部门', '/wms/item', '0:0:0:0:0:0:0:1', '内网IP', '{\"createBy\":null,\"createTime\":null,\"updateBy\":null,\"updateTime\":null,\"id\":null,\"ids\":null,\"itemCode\":null,\"itemName\":\"测试8\",\"itemCategory\":\"1828364988754595841\",\"unit\":null,\"itemBrand\":\"1911764903073415169\",\"remark\":null,\"sku\":[{\"createBy\":null,\"createTime\":null,\"updateBy\":null,\"updateTime\":null,\"id\":null,\"skuName\":\"\",\"itemId\":null,\"barcode\":\"\",\"skuCode\":\"\",\"length\":null,\"width\":null,\"height\":null,\"grossWeight\":null,\"netWeight\":null,\"costPrice\":null,\"sellingPrice\":null,\"itemName\":null,\"itemCode\":null,\"itemCategory\":null,\"itemBrand\":null}]}', '', 0, '商品名称重复', '2025-04-14 23:42:01');
INSERT INTO `sys_oper_log` VALUES (1911808505833062402, '物料', 1, 'com.ruoyi.wms.controller.ItemController.add()', 'POST', 1, 'admin', '研发部门', '/wms/item', '0:0:0:0:0:0:0:1', '内网IP', '{\"createBy\":null,\"createTime\":null,\"updateBy\":null,\"updateTime\":null,\"id\":null,\"ids\":null,\"itemCode\":null,\"itemName\":\"测试11\",\"itemCategory\":\"1828364988754595841\",\"unit\":null,\"itemBrand\":\"1911764903073415169\",\"remark\":null,\"sku\":[{\"createBy\":null,\"createTime\":null,\"updateBy\":null,\"updateTime\":null,\"id\":null,\"skuName\":\"测试\",\"itemId\":\"1911808504985812994\",\"barcode\":\"\",\"skuCode\":\"1.1\",\"length\":null,\"width\":null,\"height\":null,\"grossWeight\":null,\"netWeight\":null,\"costPrice\":null,\"sellingPrice\":null,\"itemName\":null,\"itemCode\":null,\"itemCategory\":null,\"itemBrand\":null}]}', '{\"code\":200,\"msg\":\"操作成功\",\"data\":null}', 1, '', '2025-04-14 23:47:22');
INSERT INTO `sys_oper_log` VALUES (1911808865876312066, '物料', 1, 'com.ruoyi.wms.controller.ItemController.add()', 'POST', 1, 'admin', '研发部门', '/wms/item', '0:0:0:0:0:0:0:1', '内网IP', '{\"createBy\":null,\"createTime\":null,\"updateBy\":null,\"updateTime\":null,\"id\":null,\"ids\":null,\"itemCode\":null,\"itemName\":\"测试12\",\"itemCategory\":\"1828364988754595841\",\"unit\":null,\"itemBrand\":\"1911764903073415169\",\"remark\":null,\"sku\":[{\"createBy\":null,\"createTime\":null,\"updateBy\":null,\"updateTime\":null,\"id\":null,\"skuName\":\"\",\"itemId\":\"1911808865163280385\",\"barcode\":\"\",\"skuCode\":\"\",\"length\":null,\"width\":null,\"height\":null,\"grossWeight\":null,\"netWeight\":null,\"costPrice\":null,\"sellingPrice\":null,\"itemName\":null,\"itemCode\":null,\"itemCategory\":null,\"itemBrand\":null}]}', '{\"code\":200,\"msg\":\"操作成功\",\"data\":null}', 1, '', '2025-04-14 23:48:48');
INSERT INTO `sys_oper_log` VALUES (1911809226934583298, '物料', 1, 'com.ruoyi.wms.controller.ItemController.add()', 'POST', 1, 'admin', '研发部门', '/wms/item', '0:0:0:0:0:0:0:1', '内网IP', '{\"createBy\":null,\"createTime\":null,\"updateBy\":null,\"updateTime\":null,\"id\":null,\"ids\":null,\"itemCode\":null,\"itemName\":\"测试12\",\"itemCategory\":\"1828364988754595841\",\"unit\":null,\"itemBrand\":\"1911764903073415169\",\"remark\":null,\"sku\":[{\"createBy\":null,\"createTime\":null,\"updateBy\":null,\"updateTime\":null,\"id\":null,\"skuName\":\"\",\"itemId\":null,\"barcode\":\"\",\"skuCode\":\"\",\"length\":null,\"width\":null,\"height\":null,\"grossWeight\":null,\"netWeight\":null,\"costPrice\":null,\"sellingPrice\":null,\"itemName\":null,\"itemCode\":null,\"itemCategory\":null,\"itemBrand\":null}]}', '', 0, '商品名称重复', '2025-04-14 23:50:14');
INSERT INTO `sys_oper_log` VALUES (1911810055871660033, '物料', 1, 'com.ruoyi.wms.controller.ItemController.add()', 'POST', 1, 'admin', '研发部门', '/wms/item', '0:0:0:0:0:0:0:1', '内网IP', '{\"createBy\":null,\"createTime\":null,\"updateBy\":null,\"updateTime\":null,\"id\":null,\"ids\":null,\"itemCode\":null,\"itemName\":\"测试1\",\"itemCategory\":\"1828364988754595841\",\"unit\":null,\"itemBrand\":\"1911764903073415169\",\"remark\":null,\"sku\":[{\"createBy\":null,\"createTime\":null,\"updateBy\":null,\"updateTime\":null,\"id\":null,\"skuName\":\"\",\"itemId\":\"1911810055154434049\",\"barcode\":\"\",\"skuCode\":\"cs100\",\"length\":null,\"width\":null,\"height\":null,\"grossWeight\":null,\"netWeight\":null,\"costPrice\":null,\"sellingPrice\":null,\"itemName\":null,\"itemCode\":null,\"itemCategory\":null,\"itemBrand\":null}]}', '{\"code\":200,\"msg\":\"操作成功\",\"data\":null}', 1, '', '2025-04-14 23:53:32');
INSERT INTO `sys_oper_log` VALUES (1911810121999056897, '物料', 1, 'com.ruoyi.wms.controller.ItemController.add()', 'POST', 1, 'admin', '研发部门', '/wms/item', '0:0:0:0:0:0:0:1', '内网IP', '{\"createBy\":null,\"createTime\":null,\"updateBy\":null,\"updateTime\":null,\"id\":null,\"ids\":null,\"itemCode\":null,\"itemName\":\"测试2\",\"itemCategory\":\"1828364988754595841\",\"unit\":null,\"itemBrand\":\"1911764903073415169\",\"remark\":null,\"sku\":[{\"createBy\":null,\"createTime\":null,\"updateBy\":null,\"updateTime\":null,\"id\":null,\"skuName\":\"测试\",\"itemId\":\"1911810121336356866\",\"barcode\":\"\",\"skuCode\":\"cs100\",\"length\":null,\"width\":null,\"height\":null,\"grossWeight\":null,\"netWeight\":null,\"costPrice\":null,\"sellingPrice\":null,\"itemName\":null,\"itemCode\":null,\"itemCategory\":null,\"itemBrand\":null}]}', '{\"code\":200,\"msg\":\"操作成功\",\"data\":null}', 1, '', '2025-04-14 23:53:47');
INSERT INTO `sys_oper_log` VALUES (1911810325171142658, '物料', 1, 'com.ruoyi.wms.controller.ItemController.add()', 'POST', 1, 'admin', '研发部门', '/wms/item', '0:0:0:0:0:0:0:1', '内网IP', '{\"createBy\":null,\"createTime\":null,\"updateBy\":null,\"updateTime\":null,\"id\":null,\"ids\":null,\"itemCode\":null,\"itemName\":\"测试3\",\"itemCategory\":\"1828364988754595841\",\"unit\":null,\"itemBrand\":\"1911764903073415169\",\"remark\":null,\"sku\":[{\"createBy\":null,\"createTime\":null,\"updateBy\":null,\"updateTime\":null,\"id\":null,\"skuName\":\"测试\",\"itemId\":null,\"barcode\":\"1000\",\"skuCode\":\"cs100\",\"length\":null,\"width\":null,\"height\":null,\"grossWeight\":null,\"netWeight\":null,\"costPrice\":null,\"sellingPrice\":null,\"itemName\":null,\"itemCode\":null,\"itemCategory\":null,\"itemBrand\":null}]}', '{\"code\":200,\"msg\":\"操作成功\",\"data\":null}', 1, '', '2025-04-14 23:54:36');
INSERT INTO `sys_oper_log` VALUES (1911811965664100354, '物料', 1, 'com.ruoyi.wms.controller.ItemController.add()', 'POST', 1, 'admin', '研发部门', '/wms/item', '0:0:0:0:0:0:0:1', '内网IP', '{\"createBy\":null,\"createTime\":null,\"updateBy\":null,\"updateTime\":null,\"id\":null,\"ids\":null,\"itemCode\":null,\"itemName\":\"测试4\",\"itemCategory\":\"1828364988754595841\",\"unit\":null,\"itemBrand\":\"1911764903073415169\",\"remark\":null,\"sku\":[{\"createBy\":null,\"createTime\":null,\"updateBy\":null,\"updateTime\":null,\"id\":null,\"skuName\":\"测ss\",\"itemId\":\"1911811964300951553\",\"barcode\":\"\",\"skuCode\":\"\",\"length\":null,\"width\":null,\"height\":null,\"grossWeight\":null,\"netWeight\":null,\"costPrice\":null,\"sellingPrice\":null,\"itemName\":null,\"itemCode\":null,\"itemCategory\":null,\"itemBrand\":null}]}', '{\"code\":200,\"msg\":\"操作成功\",\"data\":null}', 1, '', '2025-04-15 00:01:07');
INSERT INTO `sys_oper_log` VALUES (1911812437141618690, '物料', 1, 'com.ruoyi.wms.controller.ItemController.add()', 'POST', 1, 'admin', '研发部门', '/wms/item', '0:0:0:0:0:0:0:1', '内网IP', '{\"createBy\":null,\"createTime\":null,\"updateBy\":null,\"updateTime\":null,\"id\":null,\"ids\":null,\"itemCode\":null,\"itemName\":\"测试4\",\"itemCategory\":\"1828364988754595841\",\"unit\":null,\"itemBrand\":\"1911764903073415169\",\"remark\":null,\"sku\":[{\"createBy\":null,\"createTime\":null,\"updateBy\":null,\"updateTime\":null,\"id\":null,\"skuName\":\"测ss\",\"itemId\":null,\"barcode\":\"\",\"skuCode\":\"\",\"length\":null,\"width\":null,\"height\":null,\"grossWeight\":null,\"netWeight\":null,\"costPrice\":null,\"sellingPrice\":null,\"itemName\":null,\"itemCode\":null,\"itemCategory\":null,\"itemBrand\":null}]}', '', 0, '商品名称重复', '2025-04-15 00:02:59');
INSERT INTO `sys_oper_log` VALUES (1911813954502393858, '物料', 1, 'com.ruoyi.wms.controller.ItemController.add()', 'POST', 1, 'admin', '研发部门', '/wms/item', '0:0:0:0:0:0:0:1', '内网IP', '{\"createBy\":null,\"createTime\":null,\"updateBy\":null,\"updateTime\":null,\"id\":null,\"ids\":null,\"itemCode\":null,\"itemName\":\"测试5\",\"itemCategory\":\"1828364988754595841\",\"unit\":null,\"itemBrand\":\"1911764903073415169\",\"remark\":null,\"sku\":[{\"createBy\":null,\"createTime\":null,\"updateBy\":null,\"updateTime\":null,\"id\":null,\"skuName\":\"测\",\"itemId\":\"1911813953982300161\",\"barcode\":\"\",\"skuCode\":\"\",\"length\":null,\"width\":null,\"height\":null,\"grossWeight\":null,\"netWeight\":null,\"costPrice\":null,\"sellingPrice\":null,\"itemName\":null,\"itemCode\":null,\"itemCategory\":null,\"itemBrand\":null}]}', '{\"code\":200,\"msg\":\"操作成功\",\"data\":null}', 1, '', '2025-04-15 00:09:01');
INSERT INTO `sys_oper_log` VALUES (1912113947436236801, '角色管理', 2, 'com.ruoyi.system.controller.system.SysRoleController.changeStatus()', 'PUT', 1, 'admin', '研发部门', '/system/role/changeStatus', '0:0:0:0:0:0:0:1', '内网IP', '{\"createBy\":null,\"createTime\":null,\"updateBy\":null,\"updateTime\":null,\"roleId\":1,\"roleName\":null,\"roleKey\":null,\"roleSort\":null,\"dataScope\":null,\"menuCheckStrictly\":null,\"deptCheckStrictly\":null,\"status\":\"0\",\"remark\":null,\"menuIds\":null,\"deptIds\":null,\"admin\":true}', '', 0, '不允许操作超级管理员角色', '2025-04-15 20:01:05');
INSERT INTO `sys_oper_log` VALUES (1912113955405414402, '角色管理', 2, 'com.ruoyi.system.controller.system.SysRoleController.changeStatus()', 'PUT', 1, 'admin', '研发部门', '/system/role/changeStatus', '0:0:0:0:0:0:0:1', '内网IP', '{\"createBy\":null,\"createTime\":null,\"updateBy\":null,\"updateTime\":null,\"roleId\":\"1829105952432427010\",\"roleName\":null,\"roleKey\":null,\"roleSort\":null,\"dataScope\":null,\"menuCheckStrictly\":null,\"deptCheckStrictly\":null,\"status\":\"0\",\"remark\":null,\"menuIds\":null,\"deptIds\":null,\"admin\":false}', '', 0, '角色已分配，不能禁用!', '2025-04-15 20:01:07');
INSERT INTO `sys_oper_log` VALUES (1912113962820943873, '角色管理', 2, 'com.ruoyi.system.controller.system.SysRoleController.changeStatus()', 'PUT', 1, 'admin', '研发部门', '/system/role/changeStatus', '0:0:0:0:0:0:0:1', '内网IP', '{\"createBy\":null,\"createTime\":null,\"updateBy\":null,\"updateTime\":null,\"roleId\":\"1911067693423845377\",\"roleName\":null,\"roleKey\":null,\"roleSort\":null,\"dataScope\":null,\"menuCheckStrictly\":null,\"deptCheckStrictly\":null,\"status\":\"0\",\"remark\":null,\"menuIds\":null,\"deptIds\":null,\"admin\":false}', '', 0, '角色已分配，不能禁用!', '2025-04-15 20:01:09');
INSERT INTO `sys_oper_log` VALUES (1912121552447586306, '往来单位', 5, 'com.ruoyi.wms.controller.MerchantController.export()', 'POST', 1, 'admin', '研发部门', '/wms/merchant/export', '0:0:0:0:0:0:0:1', '内网IP', '{\"createBy\":null,\"createTime\":null,\"updateBy\":null,\"updateTime\":null,\"id\":null,\"merchantCode\":null,\"merchantName\":null,\"merchantType\":null,\"merchantLevel\":null,\"bankName\":null,\"bankAccount\":null,\"address\":null,\"mobile\":null,\"tel\":null,\"contactPerson\":null,\"email\":null,\"remark\":null}', '', 1, '', '2025-04-15 20:31:18');
INSERT INTO `sys_oper_log` VALUES (1912124174030192642, '物料', 1, 'com.ruoyi.wms.controller.ItemController.add()', 'POST', 1, 'admin', '研发部门', '/wms/item', '0:0:0:0:0:0:0:1', '内网IP', '{\"createBy\":null,\"createTime\":null,\"updateBy\":null,\"updateTime\":null,\"id\":null,\"ids\":null,\"itemCode\":null,\"itemName\":\"测试12\",\"itemCategory\":\"1828364988754595841\",\"unit\":null,\"itemBrand\":\"1911764903073415169\",\"remark\":null,\"sku\":[{\"createBy\":null,\"createTime\":null,\"updateBy\":null,\"updateTime\":null,\"id\":null,\"skuName\":\"测试\",\"itemId\":\"1912124172788678658\",\"barcode\":\"\",\"skuCode\":\"\",\"length\":null,\"width\":null,\"height\":null,\"grossWeight\":null,\"netWeight\":null,\"costPrice\":null,\"sellingPrice\":null,\"itemName\":null,\"itemCode\":null,\"itemCategory\":null,\"itemBrand\":null}]}', '{\"code\":200,\"msg\":\"操作成功\",\"data\":null}', 1, '', '2025-04-15 20:41:43');
INSERT INTO `sys_oper_log` VALUES (1912124278027960321, '物料', 1, 'com.ruoyi.wms.controller.ItemController.add()', 'POST', 1, 'admin', '研发部门', '/wms/item', '0:0:0:0:0:0:0:1', '内网IP', '{\"createBy\":null,\"createTime\":null,\"updateBy\":null,\"updateTime\":null,\"id\":null,\"ids\":null,\"itemCode\":null,\"itemName\":\"测试12\",\"itemCategory\":\"1828364988754595841\",\"unit\":null,\"itemBrand\":\"1911764903073415169\",\"remark\":null,\"sku\":[{\"createBy\":null,\"createTime\":null,\"updateBy\":null,\"updateTime\":null,\"id\":null,\"skuName\":\"测试\",\"itemId\":null,\"barcode\":\"\",\"skuCode\":\"\",\"length\":null,\"width\":null,\"height\":null,\"grossWeight\":null,\"netWeight\":null,\"costPrice\":null,\"sellingPrice\":null,\"itemName\":null,\"itemCode\":null,\"itemCategory\":null,\"itemBrand\":null}]}', '', 0, '商品名称重复', '2025-04-15 20:42:08');
INSERT INTO `sys_oper_log` VALUES (1912124479501352961, '物料', 1, 'com.ruoyi.wms.controller.ItemController.add()', 'POST', 1, 'admin', '研发部门', '/wms/item', '0:0:0:0:0:0:0:1', '内网IP', '{\"createBy\":null,\"createTime\":null,\"updateBy\":null,\"updateTime\":null,\"id\":null,\"ids\":null,\"itemCode\":null,\"itemName\":\"测试13\",\"itemCategory\":\"1828364988754595841\",\"unit\":null,\"itemBrand\":\"1911764903073415169\",\"remark\":null,\"sku\":[{\"createBy\":null,\"createTime\":null,\"updateBy\":null,\"updateTime\":null,\"id\":null,\"skuName\":\"测试12\",\"itemId\":\"1912124478339530754\",\"barcode\":\"\",\"skuCode\":\"\",\"length\":null,\"width\":null,\"height\":null,\"grossWeight\":null,\"netWeight\":null,\"costPrice\":null,\"sellingPrice\":null,\"itemName\":null,\"itemCode\":null,\"itemCategory\":null,\"itemBrand\":null}]}', '{\"code\":200,\"msg\":\"操作成功\",\"data\":null}', 1, '', '2025-04-15 20:42:56');
INSERT INTO `sys_oper_log` VALUES (1912125436398256129, '物料', 1, 'com.ruoyi.wms.controller.ItemController.add()', 'POST', 1, 'admin', '研发部门', '/wms/item', '0:0:0:0:0:0:0:1', '内网IP', '{\"createBy\":null,\"createTime\":null,\"updateBy\":null,\"updateTime\":null,\"id\":null,\"ids\":null,\"itemCode\":null,\"itemName\":\"测试14\",\"itemCategory\":\"1828364988754595841\",\"unit\":null,\"itemBrand\":\"1911764903073415169\",\"remark\":null,\"sku\":[{\"createBy\":null,\"createTime\":null,\"updateBy\":null,\"updateTime\":null,\"id\":null,\"skuName\":\"测试\",\"itemId\":\"1912125434653425665\",\"barcode\":\"\",\"skuCode\":\"\",\"length\":null,\"width\":null,\"height\":null,\"grossWeight\":null,\"netWeight\":null,\"costPrice\":null,\"sellingPrice\":null,\"itemName\":null,\"itemCode\":null,\"itemCategory\":null,\"itemBrand\":null}]}', '{\"code\":200,\"msg\":\"操作成功\",\"data\":null}', 1, '', '2025-04-15 20:46:44');
INSERT INTO `sys_oper_log` VALUES (1912125568707575810, '物料', 3, 'com.ruoyi.wms.controller.ItemController.remove()', 'DELETE', 1, 'admin', '研发部门', '/wms/item/1912125434653425665', '0:0:0:0:0:0:0:1', '内网IP', '{}', '{\"code\":200,\"msg\":\"操作成功\",\"data\":null}', 1, '', '2025-04-15 20:47:16');
INSERT INTO `sys_oper_log` VALUES (1912125578941677570, '物料', 3, 'com.ruoyi.wms.controller.ItemController.remove()', 'DELETE', 1, 'admin', '研发部门', '/wms/item/1912124478339530754', '0:0:0:0:0:0:0:1', '内网IP', '{}', '{\"code\":200,\"msg\":\"操作成功\",\"data\":null}', 1, '', '2025-04-15 20:47:18');
INSERT INTO `sys_oper_log` VALUES (1912125594200555522, '物料', 3, 'com.ruoyi.wms.controller.ItemController.remove()', 'DELETE', 1, 'admin', '研发部门', '/wms/item/1912124172788678658', '0:0:0:0:0:0:0:1', '内网IP', '{}', '{\"code\":200,\"msg\":\"操作成功\",\"data\":null}', 1, '', '2025-04-15 20:47:22');
INSERT INTO `sys_oper_log` VALUES (1912125602719186945, '物料', 3, 'com.ruoyi.wms.controller.ItemController.remove()', 'DELETE', 1, 'admin', '研发部门', '/wms/item/1911813953982300161', '0:0:0:0:0:0:0:1', '内网IP', '{}', '{\"code\":200,\"msg\":\"操作成功\",\"data\":null}', 1, '', '2025-04-15 20:47:24');
INSERT INTO `sys_oper_log` VALUES (1912125610990354434, '物料', 3, 'com.ruoyi.wms.controller.ItemController.remove()', 'DELETE', 1, 'admin', '研发部门', '/wms/item/1911811964300951553', '0:0:0:0:0:0:0:1', '内网IP', '{}', '{\"code\":200,\"msg\":\"操作成功\",\"data\":null}', 1, '', '2025-04-15 20:47:26');
INSERT INTO `sys_oper_log` VALUES (1912125620997963777, '物料', 3, 'com.ruoyi.wms.controller.ItemController.remove()', 'DELETE', 1, 'admin', '研发部门', '/wms/item/1911810121336356866', '0:0:0:0:0:0:0:1', '内网IP', '{}', '{\"code\":200,\"msg\":\"操作成功\",\"data\":null}', 1, '', '2025-04-15 20:47:28');
INSERT INTO `sys_oper_log` VALUES (1912125632347750401, '物料', 3, 'com.ruoyi.wms.controller.ItemController.remove()', 'DELETE', 1, 'admin', '研发部门', '/wms/item/1911810055154434049', '0:0:0:0:0:0:0:1', '内网IP', '{}', '{\"code\":200,\"msg\":\"操作成功\",\"data\":null}', 1, '', '2025-04-15 20:47:31');
INSERT INTO `sys_oper_log` VALUES (1912128524316164097, '物料', 1, 'com.ruoyi.wms.controller.ItemController.add()', 'POST', 1, 'admin', '研发部门', '/wms/item', '0:0:0:0:0:0:0:1', '内网IP', '{\"createBy\":null,\"createTime\":null,\"updateBy\":null,\"updateTime\":null,\"id\":null,\"ids\":null,\"itemCode\":null,\"itemName\":\"测试1\",\"itemCategory\":\"1828364988754595841\",\"unit\":null,\"itemBrand\":\"1911764903073415169\",\"remark\":null,\"sku\":[{\"createBy\":null,\"createTime\":null,\"updateBy\":null,\"updateTime\":null,\"id\":null,\"skuName\":\"测试1\",\"itemId\":\"1912128523607326721\",\"barcode\":\"\",\"skuCode\":\"\",\"length\":null,\"width\":null,\"height\":null,\"grossWeight\":null,\"netWeight\":null,\"costPrice\":null,\"sellingPrice\":null,\"itemName\":null,\"itemCode\":null,\"itemCategory\":null,\"itemBrand\":null}]}', '{\"code\":200,\"msg\":\"操作成功\",\"data\":null}', 1, '', '2025-04-15 20:59:00');
INSERT INTO `sys_oper_log` VALUES (1912129485227016194, '物料', 1, 'com.ruoyi.wms.controller.ItemController.add()', 'POST', 1, 'admin', '研发部门', '/wms/item', '0:0:0:0:0:0:0:1', '内网IP', '{\"createBy\":null,\"createTime\":null,\"updateBy\":null,\"updateTime\":null,\"id\":null,\"ids\":null,\"itemCode\":null,\"itemName\":\"测试2\",\"itemCategory\":\"1828364988754595841\",\"unit\":null,\"itemBrand\":\"1911764903073415169\",\"remark\":null,\"sku\":[{\"createBy\":null,\"createTime\":null,\"updateBy\":null,\"updateTime\":null,\"id\":null,\"skuName\":\"测试21\",\"itemId\":\"1912129482702045185\",\"barcode\":\"\",\"skuCode\":\"\",\"length\":null,\"width\":null,\"height\":null,\"grossWeight\":null,\"netWeight\":null,\"costPrice\":null,\"sellingPrice\":null,\"itemName\":null,\"itemCode\":null,\"itemCategory\":null,\"itemBrand\":null}]}', '{\"code\":200,\"msg\":\"操作成功\",\"data\":null}', 1, '', '2025-04-15 21:02:50');
INSERT INTO `sys_oper_log` VALUES (1912133996863668226, '物料', 3, 'com.ruoyi.wms.controller.ItemController.remove()', 'DELETE', 1, 'admin', '研发部门', '/wms/item/1912129482702045185', '0:0:0:0:0:0:0:1', '内网IP', '{}', '{\"code\":200,\"msg\":\"操作成功\",\"data\":null}', 1, '', '2025-04-15 21:20:45');
INSERT INTO `sys_oper_log` VALUES (1912134008465113090, '物料', 3, 'com.ruoyi.wms.controller.ItemController.remove()', 'DELETE', 1, 'admin', '研发部门', '/wms/item/1912128523607326721', '0:0:0:0:0:0:0:1', '内网IP', '{}', '{\"code\":200,\"msg\":\"操作成功\",\"data\":null}', 1, '', '2025-04-15 21:20:48');
INSERT INTO `sys_oper_log` VALUES (1912134067034374146, '物料', 1, 'com.ruoyi.wms.controller.ItemController.add()', 'POST', 1, 'admin', '研发部门', '/wms/item', '0:0:0:0:0:0:0:1', '内网IP', '{\"createBy\":null,\"createTime\":null,\"updateBy\":null,\"updateTime\":null,\"id\":null,\"ids\":null,\"itemCode\":null,\"itemName\":\"测试1\",\"itemCategory\":\"1828364988754595841\",\"unit\":null,\"itemBrand\":\"1911764903073415169\",\"remark\":null,\"sku\":[{\"createBy\":null,\"createTime\":null,\"updateBy\":null,\"updateTime\":null,\"id\":null,\"skuName\":\"\",\"itemId\":\"1912134066224873473\",\"barcode\":\"\",\"skuCode\":\"\",\"length\":null,\"width\":null,\"height\":null,\"grossWeight\":null,\"netWeight\":null,\"costPrice\":null,\"sellingPrice\":null,\"itemName\":null,\"itemCode\":null,\"itemCategory\":null,\"itemBrand\":null}]}', '{\"code\":200,\"msg\":\"操作成功\",\"data\":null}', 1, '', '2025-04-15 21:21:02');
INSERT INTO `sys_oper_log` VALUES (1912134175360663553, '物料', 1, 'com.ruoyi.wms.controller.ItemController.add()', 'POST', 1, 'admin', '研发部门', '/wms/item', '0:0:0:0:0:0:0:1', '内网IP', '{\"createBy\":null,\"createTime\":null,\"updateBy\":null,\"updateTime\":null,\"id\":null,\"ids\":null,\"itemCode\":null,\"itemName\":\"测试2\",\"itemCategory\":\"1828364988754595841\",\"unit\":null,\"itemBrand\":\"1911764903073415169\",\"remark\":null,\"sku\":[{\"createBy\":null,\"createTime\":null,\"updateBy\":null,\"updateTime\":null,\"id\":null,\"skuName\":\"测试规格\",\"itemId\":\"1912134174769266689\",\"barcode\":\"\",\"skuCode\":\"\",\"length\":null,\"width\":null,\"height\":null,\"grossWeight\":null,\"netWeight\":null,\"costPrice\":null,\"sellingPrice\":null,\"itemName\":null,\"itemCode\":null,\"itemCategory\":null,\"itemBrand\":null}]}', '{\"code\":200,\"msg\":\"操作成功\",\"data\":null}', 1, '', '2025-04-15 21:21:28');
INSERT INTO `sys_oper_log` VALUES (1912135203401351170, '物料', 1, 'com.ruoyi.wms.controller.ItemController.add()', 'POST', 1, 'admin', '研发部门', '/wms/item', '0:0:0:0:0:0:0:1', '内网IP', '{\"createBy\":null,\"createTime\":null,\"updateBy\":null,\"updateTime\":null,\"id\":null,\"ids\":null,\"itemCode\":null,\"itemName\":\"测试3\",\"itemCategory\":\"1828364988754595841\",\"unit\":null,\"itemBrand\":\"1911764903073415169\",\"remark\":null,\"sku\":[{\"createBy\":null,\"createTime\":null,\"updateBy\":null,\"updateTime\":null,\"id\":null,\"skuName\":\"规格\",\"itemId\":\"1912135202558296066\",\"barcode\":\"\",\"skuCode\":\"\",\"length\":null,\"width\":null,\"height\":null,\"grossWeight\":null,\"netWeight\":null,\"costPrice\":null,\"sellingPrice\":null,\"itemName\":null,\"itemCode\":null,\"itemCategory\":null,\"itemBrand\":null}]}', '{\"code\":200,\"msg\":\"操作成功\",\"data\":null}', 1, '', '2025-04-15 21:25:33');
INSERT INTO `sys_oper_log` VALUES (1912136497813897217, '物料', 1, 'com.ruoyi.wms.controller.ItemController.add()', 'POST', 1, 'admin', '研发部门', '/wms/item', '0:0:0:0:0:0:0:1', '内网IP', '{\"createBy\":null,\"createTime\":null,\"updateBy\":null,\"updateTime\":null,\"id\":null,\"ids\":null,\"itemCode\":null,\"itemName\":\"测试3\",\"itemCategory\":\"1828364988754595841\",\"unit\":null,\"itemBrand\":\"1911764903073415169\",\"remark\":null,\"sku\":[{\"createBy\":null,\"createTime\":null,\"updateBy\":null,\"updateTime\":null,\"id\":null,\"skuName\":\"规格1\",\"itemId\":null,\"barcode\":\"\",\"skuCode\":\"\",\"length\":null,\"width\":null,\"height\":null,\"grossWeight\":null,\"netWeight\":null,\"costPrice\":null,\"sellingPrice\":null,\"itemName\":null,\"itemCode\":null,\"itemCategory\":null,\"itemBrand\":null}]}', '', 0, '商品名称重复', '2025-04-15 21:30:42');
INSERT INTO `sys_oper_log` VALUES (1912136536971919361, '物料', 1, 'com.ruoyi.wms.controller.ItemController.add()', 'POST', 1, 'admin', '研发部门', '/wms/item', '0:0:0:0:0:0:0:1', '内网IP', '{\"createBy\":null,\"createTime\":null,\"updateBy\":null,\"updateTime\":null,\"id\":null,\"ids\":null,\"itemCode\":null,\"itemName\":\"测试4\",\"itemCategory\":\"1828364988754595841\",\"unit\":null,\"itemBrand\":\"1911764903073415169\",\"remark\":null,\"sku\":[{\"createBy\":null,\"createTime\":null,\"updateBy\":null,\"updateTime\":null,\"id\":null,\"skuName\":\"规格1\",\"itemId\":\"1912136535776542722\",\"barcode\":\"\",\"skuCode\":\"\",\"length\":null,\"width\":null,\"height\":null,\"grossWeight\":null,\"netWeight\":null,\"costPrice\":null,\"sellingPrice\":null,\"itemName\":null,\"itemCode\":null,\"itemCategory\":null,\"itemBrand\":null}]}', '{\"code\":200,\"msg\":\"操作成功\",\"data\":null}', 1, '', '2025-04-15 21:30:51');
INSERT INTO `sys_oper_log` VALUES (1912136939503468545, '物料', 1, 'com.ruoyi.wms.controller.ItemController.add()', 'POST', 1, 'admin', '研发部门', '/wms/item', '0:0:0:0:0:0:0:1', '内网IP', '{\"createBy\":null,\"createTime\":null,\"updateBy\":null,\"updateTime\":null,\"id\":null,\"ids\":null,\"itemCode\":null,\"itemName\":\"测试5\",\"itemCategory\":\"1828364988754595841\",\"unit\":null,\"itemBrand\":\"1911764903073415169\",\"remark\":null,\"sku\":[{\"createBy\":null,\"createTime\":null,\"updateBy\":null,\"updateTime\":null,\"id\":null,\"skuName\":\"规格1\",\"itemId\":\"1912136937217572865\",\"barcode\":\"\",\"skuCode\":\"\",\"length\":null,\"width\":null,\"height\":null,\"grossWeight\":null,\"netWeight\":null,\"costPrice\":null,\"sellingPrice\":null,\"itemName\":null,\"itemCode\":null,\"itemCategory\":null,\"itemBrand\":null}]}', '{\"code\":200,\"msg\":\"操作成功\",\"data\":null}', 1, '', '2025-04-15 21:32:27');
INSERT INTO `sys_oper_log` VALUES (1912137186573139970, '物料', 1, 'com.ruoyi.wms.controller.ItemController.add()', 'POST', 1, 'admin', '研发部门', '/wms/item', '0:0:0:0:0:0:0:1', '内网IP', '{\"createBy\":null,\"createTime\":null,\"updateBy\":null,\"updateTime\":null,\"id\":null,\"ids\":null,\"itemCode\":null,\"itemName\":\"商品1\",\"itemCategory\":\"1828364988754595841\",\"unit\":null,\"itemBrand\":\"1911764903073415169\",\"remark\":null,\"sku\":[{\"createBy\":null,\"createTime\":null,\"updateBy\":null,\"updateTime\":null,\"id\":null,\"skuName\":\"测试\",\"itemId\":\"1912137185604255745\",\"barcode\":\"\",\"skuCode\":\"\",\"length\":null,\"width\":null,\"height\":null,\"grossWeight\":null,\"netWeight\":null,\"costPrice\":null,\"sellingPrice\":null,\"itemName\":null,\"itemCode\":null,\"itemCategory\":null,\"itemBrand\":null}]}', '{\"code\":200,\"msg\":\"操作成功\",\"data\":null}', 1, '', '2025-04-15 21:33:26');
INSERT INTO `sys_oper_log` VALUES (1912137722630356993, '物料', 1, 'com.ruoyi.wms.controller.ItemController.add()', 'POST', 1, 'admin', '研发部门', '/wms/item', '0:0:0:0:0:0:0:1', '内网IP', '{\"createBy\":null,\"createTime\":null,\"updateBy\":null,\"updateTime\":null,\"id\":null,\"ids\":null,\"itemCode\":null,\"itemName\":\"商品2\",\"itemCategory\":\"1828364988754595841\",\"unit\":null,\"itemBrand\":\"1911764903073415169\",\"remark\":null,\"sku\":[{\"createBy\":null,\"createTime\":null,\"updateBy\":null,\"updateTime\":null,\"id\":null,\"skuName\":\"测试\",\"itemId\":\"1912137719048421377\",\"barcode\":\"\",\"skuCode\":\"\",\"length\":null,\"width\":null,\"height\":null,\"grossWeight\":null,\"netWeight\":null,\"costPrice\":null,\"sellingPrice\":null,\"itemName\":null,\"itemCode\":null,\"itemCategory\":null,\"itemBrand\":null}]}', '{\"code\":200,\"msg\":\"操作成功\",\"data\":null}', 1, '', '2025-04-15 21:35:34');
INSERT INTO `sys_oper_log` VALUES (1912137862489423874, '物料', 1, 'com.ruoyi.wms.controller.ItemController.add()', 'POST', 1, 'admin', '研发部门', '/wms/item', '0:0:0:0:0:0:0:1', '内网IP', '{\"createBy\":null,\"createTime\":null,\"updateBy\":null,\"updateTime\":null,\"id\":null,\"ids\":null,\"itemCode\":null,\"itemName\":\"商品3\",\"itemCategory\":\"1828364988754595841\",\"unit\":null,\"itemBrand\":\"1911764903073415169\",\"remark\":null,\"sku\":[{\"createBy\":null,\"createTime\":null,\"updateBy\":null,\"updateTime\":null,\"id\":null,\"skuName\":\"测试1\",\"itemId\":null,\"barcode\":\"111\",\"skuCode\":\"\",\"length\":null,\"width\":null,\"height\":null,\"grossWeight\":null,\"netWeight\":null,\"costPrice\":null,\"sellingPrice\":null,\"itemName\":null,\"itemCode\":null,\"itemCategory\":null,\"itemBrand\":null}]}', '{\"code\":200,\"msg\":\"操作成功\",\"data\":null}', 1, '', '2025-04-15 21:36:07');
INSERT INTO `sys_oper_log` VALUES (1912139825406918657, '物料', 1, 'com.ruoyi.wms.controller.ItemController.add()', 'POST', 1, 'admin', '研发部门', '/wms/item', '0:0:0:0:0:0:0:1', '内网IP', '{\"createBy\":null,\"createTime\":null,\"updateBy\":null,\"updateTime\":null,\"id\":null,\"ids\":null,\"itemCode\":null,\"itemName\":\"测试33\",\"itemCategory\":\"1828364988754595841\",\"unit\":null,\"itemBrand\":\"1911764903073415169\",\"remark\":null,\"sku\":[{\"createBy\":null,\"createTime\":null,\"updateBy\":null,\"updateTime\":null,\"id\":null,\"skuName\":\"测1试1\",\"itemId\":\"1912139824635166721\",\"barcode\":\"\",\"skuCode\":\"\",\"length\":null,\"width\":null,\"height\":null,\"grossWeight\":null,\"netWeight\":null,\"costPrice\":null,\"sellingPrice\":null,\"itemName\":null,\"itemCode\":null,\"itemCategory\":null,\"itemBrand\":null}]}', '{\"code\":200,\"msg\":\"操作成功\",\"data\":null}', 1, '', '2025-04-15 21:43:55');
INSERT INTO `sys_oper_log` VALUES (1912143152601481218, '物料', 1, 'com.ruoyi.wms.controller.ItemController.add()', 'POST', 1, 'admin', '研发部门', '/wms/item', '0:0:0:0:0:0:0:1', '内网IP', '{\"createBy\":null,\"createTime\":null,\"updateBy\":null,\"updateTime\":null,\"id\":null,\"ids\":null,\"itemCode\":null,\"itemName\":\"测试\",\"itemCategory\":\"1828364988754595841\",\"unit\":null,\"itemBrand\":\"1911764903073415169\",\"remark\":null,\"sku\":[{\"createBy\":null,\"createTime\":null,\"updateBy\":null,\"updateTime\":null,\"id\":null,\"skuName\":\"规格测1试1\",\"itemId\":\"1912143151829729282\",\"barcode\":\"\",\"skuCode\":\"\",\"length\":null,\"width\":null,\"height\":null,\"grossWeight\":null,\"netWeight\":null,\"costPrice\":null,\"sellingPrice\":null,\"itemName\":null,\"itemCode\":null,\"itemCategory\":null,\"itemBrand\":null}]}', '{\"code\":200,\"msg\":\"操作成功\",\"data\":null}', 1, '', '2025-04-15 21:57:08');
INSERT INTO `sys_oper_log` VALUES (1912143478050111490, '物料', 1, 'com.ruoyi.wms.controller.ItemController.add()', 'POST', 1, 'admin', '研发部门', '/wms/item', '0:0:0:0:0:0:0:1', '内网IP', '{\"createBy\":null,\"createTime\":null,\"updateBy\":null,\"updateTime\":null,\"id\":null,\"ids\":null,\"itemCode\":null,\"itemName\":\"测试2\",\"itemCategory\":\"1828364988754595841\",\"unit\":null,\"itemBrand\":\"1911764903073415169\",\"remark\":null,\"sku\":[{\"createBy\":null,\"createTime\":null,\"updateBy\":null,\"updateTime\":null,\"id\":null,\"skuName\":\"规格1\",\"itemId\":\"1912143476301086721\",\"barcode\":\"\",\"skuCode\":\"\",\"length\":null,\"width\":null,\"height\":null,\"grossWeight\":null,\"netWeight\":null,\"costPrice\":null,\"sellingPrice\":null,\"itemName\":null,\"itemCode\":null,\"itemCategory\":null,\"itemBrand\":null}]}', '{\"code\":200,\"msg\":\"操作成功\",\"data\":null}', 1, '', '2025-04-15 21:58:26');
INSERT INTO `sys_oper_log` VALUES (1912143850227482626, '物料', 1, 'com.ruoyi.wms.controller.ItemController.add()', 'POST', 1, 'admin', '研发部门', '/wms/item', '0:0:0:0:0:0:0:1', '内网IP', '{\"createBy\":null,\"createTime\":null,\"updateBy\":null,\"updateTime\":null,\"id\":null,\"ids\":null,\"itemCode\":null,\"itemName\":\"测试2\",\"itemCategory\":\"1828364988754595841\",\"unit\":null,\"itemBrand\":\"1911764903073415169\",\"remark\":null,\"sku\":[{\"createBy\":null,\"createTime\":null,\"updateBy\":null,\"updateTime\":null,\"id\":null,\"skuName\":\"测试\",\"itemId\":null,\"barcode\":\"\",\"skuCode\":\"\",\"length\":null,\"width\":null,\"height\":null,\"grossWeight\":null,\"netWeight\":null,\"costPrice\":null,\"sellingPrice\":null,\"itemName\":null,\"itemCode\":null,\"itemCategory\":null,\"itemBrand\":null}]}', '', 0, '商品名称重复', '2025-04-15 21:59:54');
INSERT INTO `sys_oper_log` VALUES (1912143985841913858, '物料', 1, 'com.ruoyi.wms.controller.ItemController.add()', 'POST', 1, 'admin', '研发部门', '/wms/item', '0:0:0:0:0:0:0:1', '内网IP', '{\"createBy\":null,\"createTime\":null,\"updateBy\":null,\"updateTime\":null,\"id\":null,\"ids\":null,\"itemCode\":null,\"itemName\":\"测试3\",\"itemCategory\":\"1828364988754595841\",\"unit\":null,\"itemBrand\":\"1911764903073415169\",\"remark\":null,\"sku\":[{\"createBy\":null,\"createTime\":null,\"updateBy\":null,\"updateTime\":null,\"id\":null,\"skuName\":\"测试2\",\"itemId\":\"1912143984935944193\",\"barcode\":\"\",\"skuCode\":\"\",\"length\":null,\"width\":null,\"height\":null,\"grossWeight\":null,\"netWeight\":null,\"costPrice\":null,\"sellingPrice\":null,\"itemName\":null,\"itemCode\":null,\"itemCategory\":null,\"itemBrand\":null}]}', '{\"code\":200,\"msg\":\"操作成功\",\"data\":null}', 1, '', '2025-04-15 22:00:27');
INSERT INTO `sys_oper_log` VALUES (1912149334921691137, '物料类型', 1, 'com.ruoyi.wms.controller.ItemCategoryController.add()', 'POST', 1, 'admin', '研发部门', '/wms/itemCategory', '0:0:0:0:0:0:0:1', '内网IP', '{\"createBy\":null,\"createTime\":null,\"updateBy\":null,\"updateTime\":null,\"id\":null,\"parentId\":null,\"categoryName\":\"测试隐藏\",\"orderNum\":null,\"status\":null}', '{\"code\":200,\"msg\":\"操作成功\",\"data\":null}', 1, '', '2025-04-15 22:21:42');
INSERT INTO `sys_oper_log` VALUES (1912149389518946306, '物料类型', 1, 'com.ruoyi.wms.controller.ItemCategoryController.add()', 'POST', 1, 'admin', '研发部门', '/wms/itemCategory', '0:0:0:0:0:0:0:1', '内网IP', '{\"createBy\":null,\"createTime\":null,\"updateBy\":null,\"updateTime\":null,\"id\":null,\"parentId\":\"1912149332337999873\",\"categoryName\":\"测试子结点\",\"orderNum\":null,\"status\":null}', '{\"code\":200,\"msg\":\"操作成功\",\"data\":null}', 1, '', '2025-04-15 22:21:55');
INSERT INTO `sys_oper_log` VALUES (1912149414894485505, '物料类型', 3, 'com.ruoyi.wms.controller.ItemCategoryController.remove()', 'DELETE', 1, 'admin', '研发部门', '/wms/itemCategory/1912149389237927938', '0:0:0:0:0:0:0:1', '内网IP', '{}', '{\"code\":200,\"msg\":\"操作成功\",\"data\":null}', 1, '', '2025-04-15 22:22:01');
INSERT INTO `sys_oper_log` VALUES (1912149423509585921, '物料类型', 3, 'com.ruoyi.wms.controller.ItemCategoryController.remove()', 'DELETE', 1, 'admin', '研发部门', '/wms/itemCategory/1912149332337999873', '0:0:0:0:0:0:0:1', '内网IP', '{}', '{\"code\":200,\"msg\":\"操作成功\",\"data\":null}', 1, '', '2025-04-15 22:22:03');
INSERT INTO `sys_oper_log` VALUES (1912149438885904386, '物料类型', 3, 'com.ruoyi.wms.controller.ItemCategoryController.remove()', 'DELETE', 1, 'admin', '研发部门', '/wms/itemCategory/1911415547828895745', '0:0:0:0:0:0:0:1', '内网IP', '{}', '', 0, '删除失败！请先删除该分类下的子分类！', '2025-04-15 22:22:07');
INSERT INTO `sys_oper_log` VALUES (1912149460272660481, '物料类型', 3, 'com.ruoyi.wms.controller.ItemCategoryController.remove()', 'DELETE', 1, 'admin', '研发部门', '/wms/itemCategory/1911415584105431042', '0:0:0:0:0:0:0:1', '内网IP', '{}', '{\"code\":200,\"msg\":\"操作成功\",\"data\":null}', 1, '', '2025-04-15 22:22:12');
INSERT INTO `sys_oper_log` VALUES (1912149471794413570, '物料类型', 3, 'com.ruoyi.wms.controller.ItemCategoryController.remove()', 'DELETE', 1, 'admin', '研发部门', '/wms/itemCategory/1911415547828895745', '0:0:0:0:0:0:0:1', '内网IP', '{}', '{\"code\":200,\"msg\":\"操作成功\",\"data\":null}', 1, '', '2025-04-15 22:22:15');
INSERT INTO `sys_oper_log` VALUES (1912149626077691905, '物料', 1, 'com.ruoyi.wms.controller.ItemController.add()', 'POST', 1, 'admin', '研发部门', '/wms/item', '0:0:0:0:0:0:0:1', '内网IP', '{\"createBy\":null,\"createTime\":null,\"updateBy\":null,\"updateTime\":null,\"id\":null,\"ids\":null,\"itemCode\":\"1111\",\"itemName\":\"测试\",\"itemCategory\":\"1828364988754595841\",\"unit\":\"1111\",\"itemBrand\":\"1911764903073415169\",\"remark\":null,\"sku\":[{\"createBy\":null,\"createTime\":null,\"updateBy\":null,\"updateTime\":null,\"id\":null,\"skuName\":\"测试\",\"itemId\":null,\"barcode\":\"\",\"skuCode\":\"\",\"length\":null,\"width\":null,\"height\":null,\"grossWeight\":null,\"netWeight\":null,\"costPrice\":null,\"sellingPrice\":null,\"itemName\":null,\"itemCode\":null,\"itemCategory\":null,\"itemBrand\":null}]}', '', 0, '商品名称重复', '2025-04-15 22:22:52');
INSERT INTO `sys_oper_log` VALUES (1912150948248141826, '物料', 3, 'com.ruoyi.wms.controller.ItemController.remove()', 'DELETE', 1, 'admin', '研发部门', '/wms/item/1912143984935944193', '0:0:0:0:0:0:0:1', '内网IP', '{}', '{\"code\":200,\"msg\":\"操作成功\",\"data\":null}', 1, '', '2025-04-15 22:28:07');
INSERT INTO `sys_oper_log` VALUES (1912150965730000898, '物料', 3, 'com.ruoyi.wms.controller.ItemController.remove()', 'DELETE', 1, 'admin', '研发部门', '/wms/item/1912143476301086721', '0:0:0:0:0:0:0:1', '内网IP', '{}', '{\"code\":200,\"msg\":\"操作成功\",\"data\":null}', 1, '', '2025-04-15 22:28:11');
INSERT INTO `sys_oper_log` VALUES (1912150977255948289, '物料', 3, 'com.ruoyi.wms.controller.ItemController.remove()', 'DELETE', 1, 'admin', '研发部门', '/wms/item/1912143151829729282', '0:0:0:0:0:0:0:1', '内网IP', '{}', '{\"code\":200,\"msg\":\"操作成功\",\"data\":null}', 1, '', '2025-04-15 22:28:14');
INSERT INTO `sys_oper_log` VALUES (1912151034927628289, '物料', 1, 'com.ruoyi.wms.controller.ItemController.add()', 'POST', 1, 'admin', '研发部门', '/wms/item', '0:0:0:0:0:0:0:1', '内网IP', '{\"createBy\":null,\"createTime\":null,\"updateBy\":null,\"updateTime\":null,\"id\":null,\"ids\":null,\"itemCode\":\"111\",\"itemName\":\"测试1\",\"itemCategory\":\"1828364988754595841\",\"unit\":null,\"itemBrand\":\"1911764903073415169\",\"remark\":null,\"sku\":[{\"createBy\":null,\"createTime\":null,\"updateBy\":null,\"updateTime\":null,\"id\":null,\"skuName\":\"测试\",\"itemId\":\"1912151034021658625\",\"barcode\":\"\",\"skuCode\":\"\",\"length\":null,\"width\":null,\"height\":null,\"grossWeight\":null,\"netWeight\":null,\"costPrice\":null,\"sellingPrice\":null,\"itemName\":null,\"itemCode\":null,\"itemCategory\":null,\"itemBrand\":null}]}', '{\"code\":200,\"msg\":\"操作成功\",\"data\":null}', 1, '', '2025-04-15 22:28:27');
INSERT INTO `sys_oper_log` VALUES (1912152378002489346, '物料', 1, 'com.ruoyi.wms.controller.ItemController.add()', 'POST', 1, 'admin', '研发部门', '/wms/item', '0:0:0:0:0:0:0:1', '内网IP', '{\"createBy\":null,\"createTime\":null,\"updateBy\":null,\"updateTime\":null,\"id\":null,\"ids\":null,\"itemCode\":\"1112\",\"itemName\":\"测试2\",\"itemCategory\":\"1828364988754595841\",\"unit\":\"2222\",\"itemBrand\":\"1911764903073415169\",\"remark\":null,\"sku\":[{\"createBy\":null,\"createTime\":null,\"updateBy\":null,\"updateTime\":null,\"id\":null,\"skuName\":\"规格\",\"itemId\":\"1912152377021022209\",\"barcode\":\"\",\"skuCode\":\"\",\"length\":null,\"width\":null,\"height\":null,\"grossWeight\":null,\"netWeight\":null,\"costPrice\":null,\"sellingPrice\":null,\"itemName\":null,\"itemCode\":null,\"itemCategory\":null,\"itemBrand\":null}]}', '{\"code\":200,\"msg\":\"操作成功\",\"data\":null}', 1, '', '2025-04-15 22:33:48');
INSERT INTO `sys_oper_log` VALUES (1912156516476108802, '物料', 1, 'com.ruoyi.wms.controller.ItemController.add()', 'POST', 1, 'admin', '研发部门', '/wms/item', '0:0:0:0:0:0:0:1', '内网IP', '{\"createBy\":null,\"createTime\":null,\"updateBy\":null,\"updateTime\":null,\"id\":null,\"ids\":null,\"itemCode\":\"11112222\",\"itemName\":\"测试2\",\"itemCategory\":\"1828364988754595841\",\"unit\":\"33\",\"itemBrand\":\"1911764903073415169\",\"remark\":null,\"sku\":[{\"createBy\":null,\"createTime\":null,\"updateBy\":null,\"updateTime\":null,\"id\":null,\"skuName\":\"测试第一场\",\"itemId\":null,\"barcode\":\"\",\"skuCode\":\"1000\",\"length\":\"2\",\"width\":\"2\",\"height\":\"3\",\"grossWeight\":\"2\",\"netWeight\":\"1\",\"costPrice\":\"2\",\"sellingPrice\":\"50\",\"itemName\":null,\"itemCode\":null,\"itemCategory\":null,\"itemBrand\":null}]}', '', 0, '商品名称重复', '2025-04-15 22:50:14');
INSERT INTO `sys_oper_log` VALUES (1912156919406116866, '物料', 1, 'com.ruoyi.wms.controller.ItemController.add()', 'POST', 1, 'admin', '研发部门', '/wms/item', '0:0:0:0:0:0:0:1', '内网IP', '{\"createBy\":null,\"createTime\":null,\"updateBy\":null,\"updateTime\":null,\"id\":null,\"ids\":null,\"itemCode\":\"112221\",\"itemName\":\"测试22\",\"itemCategory\":\"1828364988754595841\",\"unit\":\"5\",\"itemBrand\":\"1911764903073415169\",\"remark\":null,\"sku\":[{\"createBy\":null,\"createTime\":null,\"updateBy\":null,\"updateTime\":null,\"id\":null,\"skuName\":\"测试规格\",\"itemId\":\"1912156918428844034\",\"barcode\":\"\",\"skuCode\":\"cs100\",\"length\":\"2\",\"width\":\"2\",\"height\":\"2\",\"grossWeight\":\"2\",\"netWeight\":\"2\",\"costPrice\":\"2\",\"sellingPrice\":\"20\",\"itemName\":null,\"itemCode\":null,\"itemCategory\":null,\"itemBrand\":null}]}', '{\"code\":200,\"msg\":\"操作成功\",\"data\":null}', 1, '', '2025-04-15 22:51:50');
INSERT INTO `sys_oper_log` VALUES (1912157055511281666, '物料', 1, 'com.ruoyi.wms.controller.ItemController.add()', 'POST', 1, 'admin', '研发部门', '/wms/item', '0:0:0:0:0:0:0:1', '内网IP', '{\"createBy\":null,\"createTime\":null,\"updateBy\":null,\"updateTime\":null,\"id\":null,\"ids\":null,\"itemCode\":\"1000\",\"itemName\":\"测试21\",\"itemCategory\":\"1828364988754595841\",\"unit\":\"20\",\"itemBrand\":\"1911764903073415169\",\"remark\":null,\"sku\":[{\"createBy\":null,\"createTime\":null,\"updateBy\":null,\"updateTime\":null,\"id\":null,\"skuName\":\"测试规格\",\"itemId\":null,\"barcode\":\"2222\",\"skuCode\":\"1111\",\"length\":null,\"width\":null,\"height\":null,\"grossWeight\":null,\"netWeight\":null,\"costPrice\":null,\"sellingPrice\":null,\"itemName\":null,\"itemCode\":null,\"itemCategory\":null,\"itemBrand\":null}]}', '{\"code\":200,\"msg\":\"操作成功\",\"data\":null}', 1, '', '2025-04-15 22:52:23');
INSERT INTO `sys_oper_log` VALUES (1912159461066260481, '物料', 2, 'com.ruoyi.wms.controller.ItemController.edit()', 'PUT', 1, 'admin', '研发部门', '/wms/item', '0:0:0:0:0:0:0:1', '内网IP', '{\"createBy\":null,\"createTime\":null,\"updateBy\":null,\"updateTime\":null,\"id\":\"1912156918428844034\",\"ids\":null,\"itemCode\":\"112221\",\"itemName\":\"测试25\",\"itemCategory\":\"1828364988754595841\",\"unit\":\"5\",\"itemBrand\":\"1911764903073415169\",\"remark\":null,\"sku\":[{\"createBy\":null,\"createTime\":null,\"updateBy\":null,\"updateTime\":null,\"id\":null,\"skuName\":\"测试规格\",\"itemId\":\"1912156918428844034\",\"barcode\":\"111\",\"skuCode\":\"cs100\",\"length\":\"2.0\",\"width\":\"2.0\",\"height\":\"2.0\",\"grossWeight\":\"2.000\",\"netWeight\":\"2.000\",\"costPrice\":\"2.00\",\"sellingPrice\":\"20.00\",\"itemName\":null,\"itemCode\":null,\"itemCategory\":null,\"itemBrand\":null}]}', '{\"code\":200,\"msg\":\"操作成功\",\"data\":null}', 1, '', '2025-04-15 23:01:56');
INSERT INTO `sys_oper_log` VALUES (1912395391341502466, '物料', 1, 'com.ruoyi.wms.controller.ItemController.add()', 'POST', 1, 'admin', '研发部门', '/wms/item', '0:0:0:0:0:0:0:1', '内网IP', '{\"createBy\":null,\"createTime\":null,\"updateBy\":null,\"updateTime\":null,\"id\":null,\"ids\":null,\"itemCode\":\"cs111\",\"itemName\":\"商品10\",\"itemCategory\":\"1828364988754595841\",\"unit\":\"件\",\"itemBrand\":\"1911764903073415169\",\"remark\":null,\"sku\":[{\"createBy\":null,\"createTime\":null,\"updateBy\":null,\"updateTime\":null,\"id\":null,\"skuName\":\"商品测试\",\"itemId\":\"1912395390603304961\",\"barcode\":\"\",\"skuCode\":\"cs2222\",\"length\":\"2\",\"width\":\"2\",\"height\":\"2\",\"grossWeight\":\"2\",\"netWeight\":\"2\",\"costPrice\":\"2\",\"sellingPrice\":\"2\",\"itemName\":null,\"itemCode\":null,\"itemCategory\":null,\"itemBrand\":null}]}', '{\"code\":200,\"msg\":\"操作成功\",\"data\":null}', 1, '', '2025-04-16 14:39:27');
INSERT INTO `sys_oper_log` VALUES (1912395500640870402, '物料', 2, 'com.ruoyi.wms.controller.ItemController.edit()', 'PUT', 1, 'admin', '研发部门', '/wms/item', '0:0:0:0:0:0:0:1', '内网IP', '{\"createBy\":null,\"createTime\":null,\"updateBy\":null,\"updateTime\":null,\"id\":\"1912395390603304961\",\"ids\":null,\"itemCode\":\"cs111\",\"itemName\":\"商品10\",\"itemCategory\":\"1828364988754595841\",\"unit\":\"件\",\"itemBrand\":\"1911764903073415169\",\"remark\":null,\"sku\":[{\"createBy\":null,\"createTime\":null,\"updateBy\":null,\"updateTime\":null,\"id\":null,\"skuName\":\"商品测试\",\"itemId\":\"1912395390603304961\",\"barcode\":\"cs3333-5\",\"skuCode\":\"cs2222\",\"length\":\"2.0\",\"width\":\"2.0\",\"height\":\"2.0\",\"grossWeight\":\"2.000\",\"netWeight\":\"2.000\",\"costPrice\":\"2.00\",\"sellingPrice\":\"2.00\",\"itemName\":null,\"itemCode\":null,\"itemCategory\":null,\"itemBrand\":null}]}', '{\"code\":200,\"msg\":\"操作成功\",\"data\":null}', 1, '', '2025-04-16 14:39:53');
INSERT INTO `sys_oper_log` VALUES (1912395716651720705, '物料', 3, 'com.ruoyi.wms.controller.ItemController.remove()', 'DELETE', 1, 'admin', '研发部门', '/wms/item/1912151034021658625', '0:0:0:0:0:0:0:1', '内网IP', '{}', '{\"code\":200,\"msg\":\"操作成功\",\"data\":null}', 1, '', '2025-04-16 14:40:44');
INSERT INTO `sys_oper_log` VALUES (1912395725254238210, '物料', 3, 'com.ruoyi.wms.controller.ItemController.remove()', 'DELETE', 1, 'admin', '研发部门', '/wms/item/1912152377021022209', '0:0:0:0:0:0:0:1', '内网IP', '{}', '{\"code\":200,\"msg\":\"操作成功\",\"data\":null}', 1, '', '2025-04-16 14:40:46');
INSERT INTO `sys_oper_log` VALUES (1912395743222636546, '物料', 3, 'com.ruoyi.wms.controller.ItemController.remove()', 'DELETE', 1, 'admin', '研发部门', '/wms/item/1912156918428844034', '0:0:0:0:0:0:0:1', '内网IP', '{}', '{\"code\":200,\"msg\":\"操作成功\",\"data\":null}', 1, '', '2025-04-16 14:40:50');
INSERT INTO `sys_oper_log` VALUES (1912395771957813249, '物料', 3, 'com.ruoyi.wms.controller.ItemController.remove()', 'DELETE', 1, 'admin', '研发部门', '/wms/item/1912395390603304961', '0:0:0:0:0:0:0:1', '内网IP', '{}', '{\"code\":200,\"msg\":\"操作成功\",\"data\":null}', 1, '', '2025-04-16 14:40:57');
INSERT INTO `sys_oper_log` VALUES (1912395855688704001, '物料', 1, 'com.ruoyi.wms.controller.ItemController.add()', 'POST', 1, 'admin', '研发部门', '/wms/item', '0:0:0:0:0:0:0:1', '内网IP', '{\"createBy\":null,\"createTime\":null,\"updateBy\":null,\"updateTime\":null,\"id\":null,\"ids\":null,\"itemCode\":\"11111\",\"itemName\":\"测试10\",\"itemCategory\":\"1828364988754595841\",\"unit\":\"1\",\"itemBrand\":\"1828407291103842306\",\"remark\":null,\"sku\":[{\"createBy\":null,\"createTime\":null,\"updateBy\":null,\"updateTime\":null,\"id\":null,\"skuName\":\"测试\",\"itemId\":\"1912395855130861569\",\"barcode\":\"\",\"skuCode\":\"\",\"length\":null,\"width\":null,\"height\":null,\"grossWeight\":null,\"netWeight\":null,\"costPrice\":null,\"sellingPrice\":null,\"itemName\":null,\"itemCode\":null,\"itemCategory\":null,\"itemBrand\":null}]}', '{\"code\":200,\"msg\":\"操作成功\",\"data\":null}', 1, '', '2025-04-16 14:41:17');
INSERT INTO `sys_oper_log` VALUES (1912395900987187201, '物料', 2, 'com.ruoyi.wms.controller.ItemController.edit()', 'PUT', 1, 'admin', '研发部门', '/wms/item', '0:0:0:0:0:0:0:1', '内网IP', '{\"createBy\":null,\"createTime\":null,\"updateBy\":null,\"updateTime\":null,\"id\":\"1912395855130861569\",\"ids\":null,\"itemCode\":\"11111\",\"itemName\":\"测试10-1\",\"itemCategory\":\"1828364988754595841\",\"unit\":\"1\",\"itemBrand\":\"1828407291103842306\",\"remark\":null,\"sku\":[{\"createBy\":null,\"createTime\":null,\"updateBy\":null,\"updateTime\":null,\"id\":null,\"skuName\":\"测试\",\"itemId\":\"1912395855130861569\",\"barcode\":\"\",\"skuCode\":\"111\",\"length\":null,\"width\":null,\"height\":null,\"grossWeight\":null,\"netWeight\":null,\"costPrice\":null,\"sellingPrice\":null,\"itemName\":null,\"itemCode\":null,\"itemCategory\":null,\"itemBrand\":null}]}', '{\"code\":200,\"msg\":\"操作成功\",\"data\":null}', 1, '', '2025-04-16 14:41:28');
INSERT INTO `sys_oper_log` VALUES (1912396963601522690, '物料', 1, 'com.ruoyi.wms.controller.ItemController.add()', 'POST', 1, 'admin', '研发部门', '/wms/item', '0:0:0:0:0:0:0:1', '内网IP', '{\"createBy\":null,\"createTime\":null,\"updateBy\":null,\"updateTime\":null,\"id\":null,\"ids\":null,\"itemCode\":\"123\",\"itemName\":\"商品1\",\"itemCategory\":\"1828364988754595841\",\"unit\":\"1\",\"itemBrand\":\"1911764903073415169\",\"remark\":null,\"sku\":[{\"createBy\":null,\"createTime\":null,\"updateBy\":null,\"updateTime\":null,\"id\":null,\"skuName\":\"测试\",\"itemId\":\"1912396963039485953\",\"barcode\":\"\",\"skuCode\":\"\",\"length\":null,\"width\":null,\"height\":null,\"grossWeight\":null,\"netWeight\":null,\"costPrice\":null,\"sellingPrice\":null,\"itemName\":null,\"itemCode\":null,\"itemCategory\":null,\"itemBrand\":null}]}', '{\"code\":200,\"msg\":\"操作成功\",\"data\":null}', 1, '', '2025-04-16 14:45:41');
INSERT INTO `sys_oper_log` VALUES (1912396985227354113, '物料', 1, 'com.ruoyi.wms.controller.ItemController.add()', 'POST', 1, 'admin', '研发部门', '/wms/item', '0:0:0:0:0:0:0:1', '内网IP', '{\"createBy\":null,\"createTime\":null,\"updateBy\":null,\"updateTime\":null,\"id\":null,\"ids\":null,\"itemCode\":\"123\",\"itemName\":\"商品1\",\"itemCategory\":\"1828364988754595841\",\"unit\":\"1\",\"itemBrand\":\"1911764903073415169\",\"remark\":null,\"sku\":[{\"createBy\":null,\"createTime\":null,\"updateBy\":null,\"updateTime\":null,\"id\":null,\"skuName\":\"测试\",\"itemId\":null,\"barcode\":\"\",\"skuCode\":\"\",\"length\":null,\"width\":null,\"height\":null,\"grossWeight\":null,\"netWeight\":null,\"costPrice\":null,\"sellingPrice\":null,\"itemName\":null,\"itemCode\":null,\"itemCategory\":null,\"itemBrand\":null}]}', '', 0, '商品名称重复', '2025-04-16 14:45:47');
INSERT INTO `sys_oper_log` VALUES (1912396990495399937, '物料', 1, 'com.ruoyi.wms.controller.ItemController.add()', 'POST', 1, 'admin', '研发部门', '/wms/item', '0:0:0:0:0:0:0:1', '内网IP', '{\"createBy\":null,\"createTime\":null,\"updateBy\":null,\"updateTime\":null,\"id\":null,\"ids\":null,\"itemCode\":\"123\",\"itemName\":\"商品1\",\"itemCategory\":\"1828364988754595841\",\"unit\":\"1\",\"itemBrand\":\"1911764903073415169\",\"remark\":null,\"sku\":[{\"createBy\":null,\"createTime\":null,\"updateBy\":null,\"updateTime\":null,\"id\":null,\"skuName\":\"测试\",\"itemId\":null,\"barcode\":\"\",\"skuCode\":\"\",\"length\":null,\"width\":null,\"height\":null,\"grossWeight\":null,\"netWeight\":null,\"costPrice\":null,\"sellingPrice\":null,\"itemName\":null,\"itemCode\":null,\"itemCategory\":null,\"itemBrand\":null}]}', '', 0, '商品名称重复', '2025-04-16 14:45:48');
INSERT INTO `sys_oper_log` VALUES (1912397010858745858, '物料', 1, 'com.ruoyi.wms.controller.ItemController.add()', 'POST', 1, 'admin', '研发部门', '/wms/item', '0:0:0:0:0:0:0:1', '内网IP', '{\"createBy\":null,\"createTime\":null,\"updateBy\":null,\"updateTime\":null,\"id\":null,\"ids\":null,\"itemCode\":\"123\",\"itemName\":\"商品1\",\"itemCategory\":\"1828364988754595841\",\"unit\":\"1\",\"itemBrand\":\"1911764903073415169\",\"remark\":null,\"sku\":[{\"createBy\":null,\"createTime\":null,\"updateBy\":null,\"updateTime\":null,\"id\":null,\"skuName\":\"测试\",\"itemId\":null,\"barcode\":\"\",\"skuCode\":\"\",\"length\":null,\"width\":null,\"height\":null,\"grossWeight\":null,\"netWeight\":null,\"costPrice\":null,\"sellingPrice\":null,\"itemName\":null,\"itemCode\":null,\"itemCategory\":null,\"itemBrand\":null}]}', '', 0, '商品名称重复', '2025-04-16 14:45:53');
INSERT INTO `sys_oper_log` VALUES (1912397708400861186, '物料', 1, 'com.ruoyi.wms.controller.ItemController.add()', 'POST', 1, 'admin', '研发部门', '/wms/item', '0:0:0:0:0:0:0:1', '内网IP', '{\"createBy\":null,\"createTime\":null,\"updateBy\":null,\"updateTime\":null,\"id\":null,\"ids\":null,\"itemCode\":\"123\",\"itemName\":\"商品1\",\"itemCategory\":\"1828364988754595841\",\"unit\":\"1\",\"itemBrand\":\"1911764903073415169\",\"remark\":null,\"sku\":[{\"createBy\":null,\"createTime\":null,\"updateBy\":null,\"updateTime\":null,\"id\":null,\"skuName\":\"测试\",\"itemId\":null,\"barcode\":\"\",\"skuCode\":\"\",\"length\":null,\"width\":null,\"height\":null,\"grossWeight\":null,\"netWeight\":null,\"costPrice\":null,\"sellingPrice\":null,\"itemName\":null,\"itemCode\":null,\"itemCategory\":null,\"itemBrand\":null}]}', '', 0, '商品名称重复', '2025-04-16 14:48:39');
INSERT INTO `sys_oper_log` VALUES (1912397754433347585, '物料', 1, 'com.ruoyi.wms.controller.ItemController.add()', 'POST', 1, 'admin', '研发部门', '/wms/item', '0:0:0:0:0:0:0:1', '内网IP', '{\"createBy\":null,\"createTime\":null,\"updateBy\":null,\"updateTime\":null,\"id\":null,\"ids\":null,\"itemCode\":\"123\",\"itemName\":\"商品2\",\"itemCategory\":\"1828364988754595841\",\"unit\":\"1\",\"itemBrand\":\"1911764903073415169\",\"remark\":null,\"sku\":[{\"createBy\":null,\"createTime\":null,\"updateBy\":null,\"updateTime\":null,\"id\":null,\"skuName\":\"测试\",\"itemId\":\"1912397753938419713\",\"barcode\":\"\",\"skuCode\":\"\",\"length\":null,\"width\":null,\"height\":null,\"grossWeight\":null,\"netWeight\":null,\"costPrice\":null,\"sellingPrice\":null,\"itemName\":null,\"itemCode\":null,\"itemCategory\":null,\"itemBrand\":null}]}', '{\"code\":200,\"msg\":\"操作成功\",\"data\":null}', 1, '', '2025-04-16 14:48:50');
INSERT INTO `sys_oper_log` VALUES (1912397932334751745, '物料', 1, 'com.ruoyi.wms.controller.ItemController.add()', 'POST', 1, 'admin', '研发部门', '/wms/item', '0:0:0:0:0:0:0:1', '内网IP', '{\"createBy\":null,\"createTime\":null,\"updateBy\":null,\"updateTime\":null,\"id\":null,\"ids\":null,\"itemCode\":\"111\",\"itemName\":\"商品3\",\"itemCategory\":\"1828364988754595841\",\"unit\":\"2\",\"itemBrand\":\"1911764903073415169\",\"remark\":null,\"sku\":[{\"createBy\":null,\"createTime\":null,\"updateBy\":null,\"updateTime\":null,\"id\":null,\"skuName\":\"我\",\"itemId\":\"1912397931877572609\",\"barcode\":\"\",\"skuCode\":\"\",\"length\":null,\"width\":null,\"height\":null,\"grossWeight\":null,\"netWeight\":null,\"costPrice\":null,\"sellingPrice\":null,\"itemName\":null,\"itemCode\":null,\"itemCategory\":null,\"itemBrand\":null}]}', '{\"code\":200,\"msg\":\"操作成功\",\"data\":null}', 1, '', '2025-04-16 14:49:32');
INSERT INTO `sys_oper_log` VALUES (1912397978262380546, '物料', 2, 'com.ruoyi.wms.controller.ItemController.edit()', 'PUT', 1, 'admin', '研发部门', '/wms/item', '0:0:0:0:0:0:0:1', '内网IP', '{\"createBy\":null,\"createTime\":null,\"updateBy\":null,\"updateTime\":null,\"id\":\"1912397931877572609\",\"ids\":null,\"itemCode\":\"111\",\"itemName\":\"商品3\",\"itemCategory\":\"1828364988754595841\",\"unit\":\"2\",\"itemBrand\":\"1911764903073415169\",\"remark\":null,\"sku\":[{\"createBy\":null,\"createTime\":null,\"updateBy\":null,\"updateTime\":null,\"id\":null,\"skuName\":\"我\",\"itemId\":\"1912397931877572609\",\"barcode\":\"\",\"skuCode\":\"100\",\"length\":null,\"width\":null,\"height\":null,\"grossWeight\":null,\"netWeight\":null,\"costPrice\":null,\"sellingPrice\":null,\"itemName\":null,\"itemCode\":null,\"itemCategory\":null,\"itemBrand\":null}]}', '{\"code\":200,\"msg\":\"操作成功\",\"data\":null}', 1, '', '2025-04-16 14:49:43');
INSERT INTO `sys_oper_log` VALUES (1912398153517178881, '物料', 1, 'com.ruoyi.wms.controller.ItemController.add()', 'POST', 1, 'admin', '研发部门', '/wms/item', '0:0:0:0:0:0:0:1', '内网IP', '{\"createBy\":null,\"createTime\":null,\"updateBy\":null,\"updateTime\":null,\"id\":null,\"ids\":null,\"itemCode\":\"4\",\"itemName\":\"商品4\",\"itemCategory\":\"1828364988754595841\",\"unit\":\"1\",\"itemBrand\":\"1911764903073415169\",\"remark\":null,\"sku\":[{\"createBy\":null,\"createTime\":null,\"updateBy\":null,\"updateTime\":null,\"id\":null,\"skuName\":\"问问\",\"itemId\":\"1912398153089359873\",\"barcode\":\"\",\"skuCode\":\"\",\"length\":null,\"width\":null,\"height\":null,\"grossWeight\":null,\"netWeight\":null,\"costPrice\":null,\"sellingPrice\":null,\"itemName\":null,\"itemCode\":null,\"itemCategory\":null,\"itemBrand\":null}]}', '{\"code\":200,\"msg\":\"操作成功\",\"data\":null}', 1, '', '2025-04-16 14:50:25');
INSERT INTO `sys_oper_log` VALUES (1912398223000018945, 'sku信息', 1, 'com.ruoyi.wms.controller.ItemSkuController.add()', 'POST', 1, 'admin', '研发部门', '/wms/itemSku', '0:0:0:0:0:0:0:1', '内网IP', '{\"createBy\":null,\"createTime\":null,\"updateBy\":null,\"updateTime\":null,\"id\":null,\"skuName\":\"问问\",\"itemId\":\"1912398153089359873\",\"barcode\":\"\",\"skuCode\":\"111\",\"length\":null,\"width\":null,\"height\":null,\"grossWeight\":null,\"netWeight\":null,\"costPrice\":null,\"sellingPrice\":null,\"itemName\":null,\"itemCode\":null,\"itemCategory\":null,\"itemBrand\":null}', '{\"code\":200,\"msg\":\"操作成功\",\"data\":null}', 1, '', '2025-04-16 14:50:42');
INSERT INTO `sys_oper_log` VALUES (1912398223629164545, '物料', 2, 'com.ruoyi.wms.controller.ItemController.edit()', 'PUT', 1, 'admin', '研发部门', '/wms/item', '0:0:0:0:0:0:0:1', '内网IP', '{\"createBy\":null,\"createTime\":null,\"updateBy\":null,\"updateTime\":null,\"id\":\"1912398153089359873\",\"ids\":null,\"itemCode\":\"4\",\"itemName\":\"商品4\",\"itemCategory\":\"1828364988754595841\",\"unit\":\"1\",\"itemBrand\":\"1911764903073415169\",\"remark\":null,\"sku\":[{\"createBy\":null,\"createTime\":null,\"updateBy\":null,\"updateTime\":null,\"id\":null,\"skuName\":\"问问\",\"itemId\":\"1912398153089359873\",\"barcode\":\"\",\"skuCode\":\"111\",\"length\":null,\"width\":null,\"height\":null,\"grossWeight\":null,\"netWeight\":null,\"costPrice\":null,\"sellingPrice\":null,\"itemName\":null,\"itemCode\":null,\"itemCategory\":null,\"itemBrand\":null}]}', '{\"code\":200,\"msg\":\"操作成功\",\"data\":null}', 1, '', '2025-04-16 14:50:42');
INSERT INTO `sys_oper_log` VALUES (1912398288020119553, '物料', 3, 'com.ruoyi.wms.controller.ItemController.remove()', 'DELETE', 1, 'admin', '研发部门', '/wms/item/1912398153089359873', '0:0:0:0:0:0:0:1', '内网IP', '{}', '{\"code\":200,\"msg\":\"操作成功\",\"data\":null}', 1, '', '2025-04-16 14:50:57');
INSERT INTO `sys_oper_log` VALUES (1912398297394388993, '物料', 3, 'com.ruoyi.wms.controller.ItemController.remove()', 'DELETE', 1, 'admin', '研发部门', '/wms/item/1912397931877572609', '0:0:0:0:0:0:0:1', '内网IP', '{}', '{\"code\":200,\"msg\":\"操作成功\",\"data\":null}', 1, '', '2025-04-16 14:50:59');
INSERT INTO `sys_oper_log` VALUES (1912398308643512321, '物料', 3, 'com.ruoyi.wms.controller.ItemController.remove()', 'DELETE', 1, 'admin', '研发部门', '/wms/item/1912397753938419713', '0:0:0:0:0:0:0:1', '内网IP', '{}', '{\"code\":200,\"msg\":\"操作成功\",\"data\":null}', 1, '', '2025-04-16 14:51:02');
INSERT INTO `sys_oper_log` VALUES (1912398317736763393, '物料', 3, 'com.ruoyi.wms.controller.ItemController.remove()', 'DELETE', 1, 'admin', '研发部门', '/wms/item/1912396963039485953', '0:0:0:0:0:0:0:1', '内网IP', '{}', '{\"code\":200,\"msg\":\"操作成功\",\"data\":null}', 1, '', '2025-04-16 14:51:04');
INSERT INTO `sys_oper_log` VALUES (1912398704216711169, '物料', 1, 'com.ruoyi.wms.controller.ItemController.add()', 'POST', 1, 'admin', '研发部门', '/wms/item', '0:0:0:0:0:0:0:1', '内网IP', '{\"createBy\":null,\"createTime\":null,\"updateBy\":null,\"updateTime\":null,\"id\":null,\"ids\":null,\"itemCode\":\"111\",\"itemName\":\"商品1\",\"itemCategory\":\"1828364988754595841\",\"unit\":\"1\",\"itemBrand\":\"1911764903073415169\",\"remark\":null,\"sku\":[{\"createBy\":null,\"createTime\":null,\"updateBy\":null,\"updateTime\":null,\"id\":null,\"skuName\":\"规格\",\"itemId\":\"1912398703667257346\",\"barcode\":\"\",\"skuCode\":\"\",\"length\":null,\"width\":null,\"height\":null,\"grossWeight\":null,\"netWeight\":null,\"costPrice\":null,\"sellingPrice\":null,\"itemName\":null,\"itemCode\":null,\"itemCategory\":null,\"itemBrand\":null}]}', '{\"code\":200,\"msg\":\"操作成功\",\"data\":null}', 1, '', '2025-04-16 14:52:36');
INSERT INTO `sys_oper_log` VALUES (1912399482851500034, 'sku信息', 2, 'com.ruoyi.wms.controller.ItemSkuController.edit()', 'PUT', 1, 'admin', '研发部门', '/wms/itemSku', '0:0:0:0:0:0:0:1', '内网IP', '{\"createBy\":null,\"createTime\":null,\"updateBy\":null,\"updateTime\":null,\"id\":\"1912398703797280770\",\"skuName\":\"规格\",\"itemId\":\"1912398703667257346\",\"barcode\":\"\",\"skuCode\":\"111\",\"length\":null,\"width\":null,\"height\":null,\"grossWeight\":null,\"netWeight\":null,\"costPrice\":null,\"sellingPrice\":null,\"itemName\":null,\"itemCode\":null,\"itemCategory\":null,\"itemBrand\":null}', '{\"code\":200,\"msg\":\"操作成功\",\"data\":null}', 1, '', '2025-04-16 14:55:42');
INSERT INTO `sys_oper_log` VALUES (1912399483728109570, '物料', 2, 'com.ruoyi.wms.controller.ItemController.edit()', 'PUT', 1, 'admin', '研发部门', '/wms/item', '0:0:0:0:0:0:0:1', '内网IP', '{\"createBy\":null,\"createTime\":null,\"updateBy\":null,\"updateTime\":null,\"id\":\"1912398703667257346\",\"ids\":null,\"itemCode\":\"111\",\"itemName\":\"商品1\",\"itemCategory\":\"1828364988754595841\",\"unit\":\"1\",\"itemBrand\":\"1911764903073415169\",\"remark\":null,\"sku\":[{\"createBy\":null,\"createTime\":null,\"updateBy\":null,\"updateTime\":null,\"id\":\"1912398703797280770\",\"skuName\":\"规格\",\"itemId\":\"1912398703667257346\",\"barcode\":\"\",\"skuCode\":\"111\",\"length\":null,\"width\":null,\"height\":null,\"grossWeight\":null,\"netWeight\":null,\"costPrice\":null,\"sellingPrice\":null,\"itemName\":null,\"itemCode\":null,\"itemCategory\":null,\"itemBrand\":null}]}', '{\"code\":200,\"msg\":\"操作成功\",\"data\":null}', 1, '', '2025-04-16 14:55:42');
INSERT INTO `sys_oper_log` VALUES (1912399518469529602, 'sku信息', 2, 'com.ruoyi.wms.controller.ItemSkuController.edit()', 'PUT', 1, 'admin', '研发部门', '/wms/itemSku', '0:0:0:0:0:0:0:1', '内网IP', '{\"createBy\":null,\"createTime\":null,\"updateBy\":null,\"updateTime\":null,\"id\":\"1912398703797280770\",\"skuName\":\"规格\",\"itemId\":\"1912398703667257346\",\"barcode\":\"222\",\"skuCode\":\"111\",\"length\":null,\"width\":null,\"height\":null,\"grossWeight\":null,\"netWeight\":null,\"costPrice\":null,\"sellingPrice\":null,\"itemName\":null,\"itemCode\":null,\"itemCategory\":null,\"itemBrand\":null}', '{\"code\":200,\"msg\":\"操作成功\",\"data\":null}', 1, '', '2025-04-16 14:55:51');
INSERT INTO `sys_oper_log` VALUES (1912399519232892930, '物料', 2, 'com.ruoyi.wms.controller.ItemController.edit()', 'PUT', 1, 'admin', '研发部门', '/wms/item', '0:0:0:0:0:0:0:1', '内网IP', '{\"createBy\":null,\"createTime\":null,\"updateBy\":null,\"updateTime\":null,\"id\":\"1912398703667257346\",\"ids\":null,\"itemCode\":\"111\",\"itemName\":\"商品1\",\"itemCategory\":\"1828364988754595841\",\"unit\":\"1\",\"itemBrand\":\"1911764903073415169\",\"remark\":null,\"sku\":[{\"createBy\":null,\"createTime\":null,\"updateBy\":null,\"updateTime\":null,\"id\":\"1912398703797280770\",\"skuName\":\"规格\",\"itemId\":\"1912398703667257346\",\"barcode\":\"222\",\"skuCode\":\"111\",\"length\":null,\"width\":null,\"height\":null,\"grossWeight\":null,\"netWeight\":null,\"costPrice\":null,\"sellingPrice\":null,\"itemName\":null,\"itemCode\":null,\"itemCategory\":null,\"itemBrand\":null}]}', '{\"code\":200,\"msg\":\"操作成功\",\"data\":null}', 1, '', '2025-04-16 14:55:51');
INSERT INTO `sys_oper_log` VALUES (1912399631292112897, '物料', 1, 'com.ruoyi.wms.controller.ItemController.add()', 'POST', 1, 'admin', '研发部门', '/wms/item', '0:0:0:0:0:0:0:1', '内网IP', '{\"createBy\":null,\"createTime\":null,\"updateBy\":null,\"updateTime\":null,\"id\":null,\"ids\":null,\"itemCode\":\"cs100\",\"itemName\":\"商品2\",\"itemCategory\":\"1828364988754595841\",\"unit\":\"2\",\"itemBrand\":\"1911764903073415169\",\"remark\":null,\"sku\":[{\"createBy\":null,\"createTime\":null,\"updateBy\":null,\"updateTime\":null,\"id\":null,\"skuName\":\"规格\",\"itemId\":\"1912399630730076161\",\"barcode\":\"\",\"skuCode\":\"111\",\"length\":null,\"width\":null,\"height\":null,\"grossWeight\":null,\"netWeight\":null,\"costPrice\":null,\"sellingPrice\":null,\"itemName\":null,\"itemCode\":null,\"itemCategory\":null,\"itemBrand\":null}]}', '{\"code\":200,\"msg\":\"操作成功\",\"data\":null}', 1, '', '2025-04-16 14:56:17');
INSERT INTO `sys_oper_log` VALUES (1912400030866677762, 'sku信息', 2, 'com.ruoyi.wms.controller.ItemSkuController.edit()', 'PUT', 1, 'admin', '研发部门', '/wms/itemSku', '0:0:0:0:0:0:0:1', '内网IP', '{\"createBy\":null,\"createTime\":null,\"updateBy\":null,\"updateTime\":null,\"id\":\"1912398703797280770\",\"skuName\":\"规格\",\"itemId\":\"1912398703667257346\",\"barcode\":\"222\",\"skuCode\":\"444\",\"length\":null,\"width\":null,\"height\":null,\"grossWeight\":null,\"netWeight\":null,\"costPrice\":null,\"sellingPrice\":null,\"itemName\":null,\"itemCode\":null,\"itemCategory\":null,\"itemBrand\":null}', '{\"code\":200,\"msg\":\"操作成功\",\"data\":null}', 1, '', '2025-04-16 14:57:53');
INSERT INTO `sys_oper_log` VALUES (1912400031843950593, '物料', 2, 'com.ruoyi.wms.controller.ItemController.edit()', 'PUT', 1, 'admin', '研发部门', '/wms/item', '0:0:0:0:0:0:0:1', '内网IP', '{\"createBy\":null,\"createTime\":null,\"updateBy\":null,\"updateTime\":null,\"id\":\"1912398703667257346\",\"ids\":null,\"itemCode\":\"111\",\"itemName\":\"商品1\",\"itemCategory\":\"1828364988754595841\",\"unit\":\"1\",\"itemBrand\":\"1911764903073415169\",\"remark\":null,\"sku\":[{\"createBy\":null,\"createTime\":null,\"updateBy\":null,\"updateTime\":null,\"id\":\"1912398703797280770\",\"skuName\":\"规格\",\"itemId\":\"1912398703667257346\",\"barcode\":\"222\",\"skuCode\":\"444\",\"length\":null,\"width\":null,\"height\":null,\"grossWeight\":null,\"netWeight\":null,\"costPrice\":null,\"sellingPrice\":null,\"itemName\":null,\"itemCode\":null,\"itemCategory\":null,\"itemBrand\":null}]}', '{\"code\":200,\"msg\":\"操作成功\",\"data\":null}', 1, '', '2025-04-16 14:57:53');
INSERT INTO `sys_oper_log` VALUES (1912400805340717058, 'sku信息', 2, 'com.ruoyi.wms.controller.ItemSkuController.edit()', 'PUT', 1, 'admin', '研发部门', '/wms/itemSku', '0:0:0:0:0:0:0:1', '内网IP', '{\"createBy\":null,\"createTime\":null,\"updateBy\":null,\"updateTime\":null,\"id\":\"1912398703797280770\",\"skuName\":\"规格\",\"itemId\":\"1912398703667257346\",\"barcode\":\"555222\",\"skuCode\":\"444\",\"length\":\"2\",\"width\":\"2\",\"height\":\"2\",\"grossWeight\":\"2\",\"netWeight\":\"2\",\"costPrice\":\"2\",\"sellingPrice\":\"2\",\"itemName\":null,\"itemCode\":null,\"itemCategory\":null,\"itemBrand\":null}', '{\"code\":200,\"msg\":\"操作成功\",\"data\":null}', 1, '', '2025-04-16 15:00:57');
INSERT INTO `sys_oper_log` VALUES (1912400806317989889, '物料', 2, 'com.ruoyi.wms.controller.ItemController.edit()', 'PUT', 1, 'admin', '研发部门', '/wms/item', '0:0:0:0:0:0:0:1', '内网IP', '{\"createBy\":null,\"createTime\":null,\"updateBy\":null,\"updateTime\":null,\"id\":\"1912398703667257346\",\"ids\":null,\"itemCode\":\"111\",\"itemName\":\"商品1\",\"itemCategory\":\"1828364988754595841\",\"unit\":\"1\",\"itemBrand\":\"1911764903073415169\",\"remark\":null,\"sku\":[{\"createBy\":null,\"createTime\":null,\"updateBy\":null,\"updateTime\":null,\"id\":\"1912398703797280770\",\"skuName\":\"规格\",\"itemId\":\"1912398703667257346\",\"barcode\":\"555222\",\"skuCode\":\"444\",\"length\":\"2\",\"width\":\"2\",\"height\":\"2\",\"grossWeight\":\"2\",\"netWeight\":\"2\",\"costPrice\":\"2\",\"sellingPrice\":\"2\",\"itemName\":null,\"itemCode\":null,\"itemCategory\":null,\"itemBrand\":null}]}', '{\"code\":200,\"msg\":\"操作成功\",\"data\":null}', 1, '', '2025-04-16 15:00:58');
INSERT INTO `sys_oper_log` VALUES (1912400897263083522, '物料', 1, 'com.ruoyi.wms.controller.ItemController.add()', 'POST', 1, 'admin', '研发部门', '/wms/item', '0:0:0:0:0:0:0:1', '内网IP', '{\"createBy\":null,\"createTime\":null,\"updateBy\":null,\"updateTime\":null,\"id\":null,\"ids\":null,\"itemCode\":\"100\",\"itemName\":\"商品3\",\"itemCategory\":\"1828364988754595841\",\"unit\":\"1\",\"itemBrand\":\"1911764903073415169\",\"remark\":null,\"sku\":[{\"createBy\":null,\"createTime\":null,\"updateBy\":null,\"updateTime\":null,\"id\":null,\"skuName\":\"规格2\",\"itemId\":\"1912400896654909441\",\"barcode\":\"\",\"skuCode\":\"\",\"length\":null,\"width\":null,\"height\":null,\"grossWeight\":null,\"netWeight\":null,\"costPrice\":null,\"sellingPrice\":null,\"itemName\":null,\"itemCode\":null,\"itemCategory\":null,\"itemBrand\":null}]}', '{\"code\":200,\"msg\":\"操作成功\",\"data\":null}', 1, '', '2025-04-16 15:01:19');
INSERT INTO `sys_oper_log` VALUES (1912401013936037889, '物料', 1, 'com.ruoyi.wms.controller.ItemController.add()', 'POST', 1, 'admin', '研发部门', '/wms/item', '0:0:0:0:0:0:0:1', '内网IP', '{\"createBy\":null,\"createTime\":null,\"updateBy\":null,\"updateTime\":null,\"id\":null,\"ids\":null,\"itemCode\":\"200\",\"itemName\":\"商品22\",\"itemCategory\":\"1828364988754595841\",\"unit\":\"无\",\"itemBrand\":\"1911764903073415169\",\"remark\":null,\"sku\":[{\"createBy\":null,\"createTime\":null,\"updateBy\":null,\"updateTime\":null,\"id\":null,\"skuName\":\"111\",\"itemId\":null,\"barcode\":\"222\",\"skuCode\":\"555\",\"length\":null,\"width\":null,\"height\":null,\"grossWeight\":null,\"netWeight\":null,\"costPrice\":null,\"sellingPrice\":null,\"itemName\":null,\"itemCode\":null,\"itemCategory\":null,\"itemBrand\":null}]}', '{\"code\":200,\"msg\":\"操作成功\",\"data\":null}', 1, '', '2025-04-16 15:01:47');
INSERT INTO `sys_oper_log` VALUES (1912401239379877889, '物料', 1, 'com.ruoyi.wms.controller.ItemController.add()', 'POST', 1, 'admin', '研发部门', '/wms/item', '0:0:0:0:0:0:0:1', '内网IP', '{\"createBy\":null,\"createTime\":null,\"updateBy\":null,\"updateTime\":null,\"id\":null,\"ids\":null,\"itemCode\":\"102\",\"itemName\":\"商品测试\",\"itemCategory\":\"1828364988754595841\",\"unit\":\"2\",\"itemBrand\":\"1911764903073415169\",\"remark\":null,\"sku\":[{\"createBy\":null,\"createTime\":null,\"updateBy\":null,\"updateTime\":null,\"id\":null,\"skuName\":\"规格\",\"itemId\":null,\"barcode\":\"2227\",\"skuCode\":null,\"length\":null,\"width\":null,\"height\":null,\"grossWeight\":null,\"netWeight\":null,\"costPrice\":null,\"sellingPrice\":null,\"itemName\":null,\"itemCode\":null,\"itemCategory\":null,\"itemBrand\":null}]}', '{\"code\":200,\"msg\":\"操作成功\",\"data\":null}', 1, '', '2025-04-16 15:02:41');
INSERT INTO `sys_oper_log` VALUES (1912402876324454401, '物料', 1, 'com.ruoyi.wms.controller.ItemController.add()', 'POST', 1, 'admin', '研发部门', '/wms/item', '0:0:0:0:0:0:0:1', '内网IP', '{\"createBy\":null,\"createTime\":null,\"updateBy\":null,\"updateTime\":null,\"id\":null,\"ids\":null,\"itemCode\":\"222\",\"itemName\":\"测试1-2\",\"itemCategory\":\"1828364988754595841\",\"unit\":\"11\",\"itemBrand\":\"1911764903073415169\",\"remark\":null,\"sku\":[{\"createBy\":null,\"createTime\":null,\"updateBy\":null,\"updateTime\":null,\"id\":null,\"skuName\":\"测试2-111\",\"itemId\":null,\"barcode\":\"223\",\"skuCode\":\"111\",\"length\":null,\"width\":null,\"height\":null,\"grossWeight\":null,\"netWeight\":null,\"costPrice\":null,\"sellingPrice\":null,\"itemName\":null,\"itemCode\":null,\"itemCategory\":null,\"itemBrand\":null}]}', '{\"code\":200,\"msg\":\"操作成功\",\"data\":null}', 1, '', '2025-04-16 15:09:11');
INSERT INTO `sys_oper_log` VALUES (1912403353627860994, '物料', 1, 'com.ruoyi.wms.controller.ItemController.add()', 'POST', 1, 'admin', '研发部门', '/wms/item', '0:0:0:0:0:0:0:1', '内网IP', '{\"createBy\":null,\"createTime\":null,\"updateBy\":null,\"updateTime\":null,\"id\":null,\"ids\":null,\"itemCode\":\"1\",\"itemName\":\"测试3-2\",\"itemCategory\":\"1828364988754595841\",\"unit\":\"1\",\"itemBrand\":\"1911764903073415169\",\"remark\":null,\"sku\":[{\"createBy\":null,\"createTime\":null,\"updateBy\":null,\"updateTime\":null,\"id\":null,\"skuName\":\"11\",\"itemId\":null,\"barcode\":\"22\",\"skuCode\":\"\",\"length\":null,\"width\":null,\"height\":null,\"grossWeight\":null,\"netWeight\":null,\"costPrice\":null,\"sellingPrice\":null,\"itemName\":null,\"itemCode\":null,\"itemCategory\":null,\"itemBrand\":null}]}', '{\"code\":200,\"msg\":\"操作成功\",\"data\":null}', 1, '', '2025-04-16 15:11:05');
INSERT INTO `sys_oper_log` VALUES (1912404071201972226, '物料', 1, 'com.ruoyi.wms.controller.ItemController.add()', 'POST', 1, 'admin', '研发部门', '/wms/item', '0:0:0:0:0:0:0:1', '内网IP', '{\"createBy\":null,\"createTime\":null,\"updateBy\":null,\"updateTime\":null,\"id\":null,\"ids\":null,\"itemCode\":\"1\",\"itemName\":\"测试3-8\",\"itemCategory\":\"1828364988754595841\",\"unit\":\"1\",\"itemBrand\":\"1911764903073415169\",\"remark\":null,\"sku\":[{\"createBy\":null,\"createTime\":null,\"updateBy\":null,\"updateTime\":null,\"id\":null,\"skuName\":\"1\",\"itemId\":null,\"barcode\":\"1\",\"skuCode\":\"1\",\"length\":null,\"width\":null,\"height\":null,\"grossWeight\":null,\"netWeight\":null,\"costPrice\":null,\"sellingPrice\":null,\"itemName\":null,\"itemCode\":null,\"itemCategory\":null,\"itemBrand\":null}]}', '{\"code\":200,\"msg\":\"操作成功\",\"data\":null}', 1, '', '2025-04-16 15:13:56');
INSERT INTO `sys_oper_log` VALUES (1912404699999444994, '物料', 1, 'com.ruoyi.wms.controller.ItemController.add()', 'POST', 1, 'admin', '研发部门', '/wms/item', '0:0:0:0:0:0:0:1', '内网IP', '{\"createBy\":null,\"createTime\":null,\"updateBy\":null,\"updateTime\":null,\"id\":null,\"ids\":null,\"itemCode\":\"11\",\"itemName\":\"测试8-11\",\"itemCategory\":\"1828364988754595841\",\"unit\":\"1\",\"itemBrand\":\"1828407291103842306\",\"remark\":null,\"sku\":[{\"createBy\":null,\"createTime\":null,\"updateBy\":null,\"updateTime\":null,\"id\":null,\"skuName\":\"1\",\"itemId\":null,\"barcode\":\"1\",\"skuCode\":\"1\",\"length\":null,\"width\":null,\"height\":null,\"grossWeight\":null,\"netWeight\":null,\"costPrice\":null,\"sellingPrice\":null,\"itemName\":null,\"itemCode\":null,\"itemCategory\":null,\"itemBrand\":null}]}', '{\"code\":200,\"msg\":\"操作成功\",\"data\":null}', 1, '', '2025-04-16 15:16:26');
INSERT INTO `sys_oper_log` VALUES (1912405711158059010, '物料', 1, 'com.ruoyi.wms.controller.ItemController.add()', 'POST', 1, 'admin', '研发部门', '/wms/item', '0:0:0:0:0:0:0:1', '内网IP', '{\"createBy\":null,\"createTime\":null,\"updateBy\":null,\"updateTime\":null,\"id\":null,\"ids\":null,\"itemCode\":\"1\",\"itemName\":\"商品1\",\"itemCategory\":\"1828364988754595841\",\"unit\":\"1\",\"itemBrand\":\"1911764903073415169\",\"remark\":null,\"sku\":[{\"createBy\":null,\"createTime\":null,\"updateBy\":null,\"updateTime\":null,\"id\":null,\"skuName\":\"1\",\"itemId\":\"1912405710600216577\",\"barcode\":\"\",\"skuCode\":\"1\",\"length\":null,\"width\":null,\"height\":null,\"grossWeight\":null,\"netWeight\":null,\"costPrice\":null,\"sellingPrice\":null,\"itemName\":null,\"itemCode\":null,\"itemCategory\":null,\"itemBrand\":null}]}', '{\"code\":200,\"msg\":\"操作成功\",\"data\":null}', 1, '', '2025-04-16 15:20:27');
INSERT INTO `sys_oper_log` VALUES (1912405810214936578, 'sku信息', 2, 'com.ruoyi.wms.controller.ItemSkuController.edit()', 'PUT', 1, 'admin', '研发部门', '/wms/itemSku', '0:0:0:0:0:0:0:1', '内网IP', '{\"createBy\":null,\"createTime\":null,\"updateBy\":null,\"updateTime\":null,\"id\":\"1912405710805737474\",\"skuName\":\"1\",\"itemId\":\"1912405710600216577\",\"barcode\":\"\",\"skuCode\":\"1\",\"length\":null,\"width\":null,\"height\":null,\"grossWeight\":null,\"netWeight\":null,\"costPrice\":null,\"sellingPrice\":null,\"itemName\":null,\"itemCode\":null,\"itemCategory\":null,\"itemBrand\":null}', '{\"code\":200,\"msg\":\"操作成功\",\"data\":null}', 1, '', '2025-04-16 15:20:51');
INSERT INTO `sys_oper_log` VALUES (1912405811053797377, '物料', 2, 'com.ruoyi.wms.controller.ItemController.edit()', 'PUT', 1, 'admin', '研发部门', '/wms/item', '0:0:0:0:0:0:0:1', '内网IP', '{\"createBy\":null,\"createTime\":null,\"updateBy\":null,\"updateTime\":null,\"id\":\"1912405710600216577\",\"ids\":null,\"itemCode\":\"1\",\"itemName\":\"商品1\",\"itemCategory\":\"1828364988754595841\",\"unit\":\"1\",\"itemBrand\":\"1911764903073415169\",\"remark\":null,\"sku\":[{\"createBy\":null,\"createTime\":null,\"updateBy\":null,\"updateTime\":null,\"id\":\"1912405710805737474\",\"skuName\":\"1\",\"itemId\":\"1912405710600216577\",\"barcode\":\"\",\"skuCode\":\"1\",\"length\":null,\"width\":null,\"height\":null,\"grossWeight\":null,\"netWeight\":null,\"costPrice\":null,\"sellingPrice\":null,\"itemName\":null,\"itemCode\":null,\"itemCategory\":null,\"itemBrand\":null}]}', '{\"code\":200,\"msg\":\"操作成功\",\"data\":null}', 1, '', '2025-04-16 15:20:51');
INSERT INTO `sys_oper_log` VALUES (1912405909053710338, 'sku信息', 2, 'com.ruoyi.wms.controller.ItemSkuController.edit()', 'PUT', 1, 'admin', '研发部门', '/wms/itemSku', '0:0:0:0:0:0:0:1', '内网IP', '{\"createBy\":null,\"createTime\":null,\"updateBy\":null,\"updateTime\":null,\"id\":\"1912405710805737474\",\"skuName\":\"1\",\"itemId\":\"1912405710600216577\",\"barcode\":\"2\",\"skuCode\":\"1\",\"length\":null,\"width\":null,\"height\":null,\"grossWeight\":null,\"netWeight\":null,\"costPrice\":null,\"sellingPrice\":null,\"itemName\":null,\"itemCode\":null,\"itemCategory\":null,\"itemBrand\":null}', '{\"code\":200,\"msg\":\"操作成功\",\"data\":null}', 1, '', '2025-04-16 15:21:14');
INSERT INTO `sys_oper_log` VALUES (1912405909972262913, '物料', 2, 'com.ruoyi.wms.controller.ItemController.edit()', 'PUT', 1, 'admin', '研发部门', '/wms/item', '0:0:0:0:0:0:0:1', '内网IP', '{\"createBy\":null,\"createTime\":null,\"updateBy\":null,\"updateTime\":null,\"id\":\"1912405710600216577\",\"ids\":null,\"itemCode\":\"1\",\"itemName\":\"商品1\",\"itemCategory\":\"1828364988754595841\",\"unit\":\"1\",\"itemBrand\":\"1911764903073415169\",\"remark\":null,\"sku\":[{\"createBy\":null,\"createTime\":null,\"updateBy\":null,\"updateTime\":null,\"id\":\"1912405710805737474\",\"skuName\":\"1\",\"itemId\":\"1912405710600216577\",\"barcode\":\"2\",\"skuCode\":\"1\",\"length\":null,\"width\":null,\"height\":null,\"grossWeight\":null,\"netWeight\":null,\"costPrice\":null,\"sellingPrice\":null,\"itemName\":null,\"itemCode\":null,\"itemCategory\":null,\"itemBrand\":null}]}', '{\"code\":200,\"msg\":\"操作成功\",\"data\":null}', 1, '', '2025-04-16 15:21:14');
INSERT INTO `sys_oper_log` VALUES (1912405999097028609, '物料', 1, 'com.ruoyi.wms.controller.ItemController.add()', 'POST', 1, 'admin', '研发部门', '/wms/item', '0:0:0:0:0:0:0:1', '内网IP', '{\"createBy\":null,\"createTime\":null,\"updateBy\":null,\"updateTime\":null,\"id\":null,\"ids\":null,\"itemCode\":\"100\",\"itemName\":\"测试\",\"itemCategory\":\"1828364988754595841\",\"unit\":\"1\",\"itemBrand\":\"1911764903073415169\",\"remark\":null,\"sku\":[{\"createBy\":null,\"createTime\":null,\"updateBy\":null,\"updateTime\":null,\"id\":null,\"skuName\":\"1\",\"itemId\":\"1912405998534991873\",\"barcode\":\"\",\"skuCode\":\"11\",\"length\":\"1\",\"width\":\"1\",\"height\":\"1\",\"grossWeight\":\"1\",\"netWeight\":\"1\",\"costPrice\":\"1\",\"sellingPrice\":\"1\",\"itemName\":null,\"itemCode\":null,\"itemCategory\":null,\"itemBrand\":null}]}', '{\"code\":200,\"msg\":\"操作成功\",\"data\":null}', 1, '', '2025-04-16 15:21:36');
INSERT INTO `sys_oper_log` VALUES (1912406025869271042, 'sku信息', 2, 'com.ruoyi.wms.controller.ItemSkuController.edit()', 'PUT', 1, 'admin', '研发部门', '/wms/itemSku', '0:0:0:0:0:0:0:1', '内网IP', '{\"createBy\":null,\"createTime\":null,\"updateBy\":null,\"updateTime\":null,\"id\":\"1912405998740512770\",\"skuName\":\"1\",\"itemId\":\"1912405998534991873\",\"barcode\":\"22\",\"skuCode\":\"11\",\"length\":\"1.0\",\"width\":\"1.0\",\"height\":\"1.0\",\"grossWeight\":\"1.000\",\"netWeight\":\"1.000\",\"costPrice\":\"1.00\",\"sellingPrice\":\"1.00\",\"itemName\":null,\"itemCode\":null,\"itemCategory\":null,\"itemBrand\":null}', '{\"code\":200,\"msg\":\"操作成功\",\"data\":null}', 1, '', '2025-04-16 15:21:42');
INSERT INTO `sys_oper_log` VALUES (1912406026779435010, '物料', 2, 'com.ruoyi.wms.controller.ItemController.edit()', 'PUT', 1, 'admin', '研发部门', '/wms/item', '0:0:0:0:0:0:0:1', '内网IP', '{\"createBy\":null,\"createTime\":null,\"updateBy\":null,\"updateTime\":null,\"id\":\"1912405998534991873\",\"ids\":null,\"itemCode\":\"100\",\"itemName\":\"测试\",\"itemCategory\":\"1828364988754595841\",\"unit\":\"1\",\"itemBrand\":\"1911764903073415169\",\"remark\":null,\"sku\":[{\"createBy\":null,\"createTime\":null,\"updateBy\":null,\"updateTime\":null,\"id\":\"1912405998740512770\",\"skuName\":\"1\",\"itemId\":\"1912405998534991873\",\"barcode\":\"22\",\"skuCode\":\"11\",\"length\":\"1.0\",\"width\":\"1.0\",\"height\":\"1.0\",\"grossWeight\":\"1.000\",\"netWeight\":\"1.000\",\"costPrice\":\"1.00\",\"sellingPrice\":\"1.00\",\"itemName\":null,\"itemCode\":null,\"itemCategory\":null,\"itemBrand\":null}]}', '{\"code\":200,\"msg\":\"操作成功\",\"data\":null}', 1, '', '2025-04-16 15:21:42');
INSERT INTO `sys_oper_log` VALUES (1912407782699638786, 'sku信息', 2, 'com.ruoyi.wms.controller.ItemSkuController.edit()', 'PUT', 1, 'admin', '研发部门', '/wms/itemSku', '0:0:0:0:0:0:0:1', '内网IP', '{\"createBy\":null,\"createTime\":null,\"updateBy\":null,\"updateTime\":null,\"id\":\"1912405710805737474\",\"skuName\":\"12\",\"itemId\":\"1912405710600216577\",\"barcode\":\"\",\"skuCode\":\"1\",\"length\":null,\"width\":null,\"height\":null,\"grossWeight\":null,\"netWeight\":null,\"costPrice\":null,\"sellingPrice\":null,\"itemName\":null,\"itemCode\":null,\"itemCategory\":null,\"itemBrand\":null}', '{\"code\":200,\"msg\":\"操作成功\",\"data\":null}', 1, '', '2025-04-16 15:28:41');
INSERT INTO `sys_oper_log` VALUES (1912407783538499585, '物料', 2, 'com.ruoyi.wms.controller.ItemController.edit()', 'PUT', 1, 'admin', '研发部门', '/wms/item', '0:0:0:0:0:0:0:1', '内网IP', '{\"createBy\":null,\"createTime\":null,\"updateBy\":null,\"updateTime\":null,\"id\":\"1912405710600216577\",\"ids\":null,\"itemCode\":\"1\",\"itemName\":\"商品1\",\"itemCategory\":\"1828364988754595841\",\"unit\":\"1\",\"itemBrand\":\"1911764903073415169\",\"remark\":null,\"sku\":[{\"createBy\":null,\"createTime\":null,\"updateBy\":null,\"updateTime\":null,\"id\":\"1912405710805737474\",\"skuName\":\"12\",\"itemId\":\"1912405710600216577\",\"barcode\":\"\",\"skuCode\":\"1\",\"length\":null,\"width\":null,\"height\":null,\"grossWeight\":null,\"netWeight\":null,\"costPrice\":null,\"sellingPrice\":null,\"itemName\":null,\"itemCode\":null,\"itemCategory\":null,\"itemBrand\":null}]}', '{\"code\":200,\"msg\":\"操作成功\",\"data\":null}', 1, '', '2025-04-16 15:28:41');
INSERT INTO `sys_oper_log` VALUES (1912407820867805185, 'sku信息', 2, 'com.ruoyi.wms.controller.ItemSkuController.edit()', 'PUT', 1, 'admin', '研发部门', '/wms/itemSku', '0:0:0:0:0:0:0:1', '内网IP', '{\"createBy\":null,\"createTime\":null,\"updateBy\":null,\"updateTime\":null,\"id\":\"1912405998740512770\",\"skuName\":\"1\",\"itemId\":\"1912405998534991873\",\"barcode\":\"\",\"skuCode\":\"11\",\"length\":\"1.0\",\"width\":\"1.0\",\"height\":\"1.0\",\"grossWeight\":\"1.000\",\"netWeight\":\"1.000\",\"costPrice\":\"1.00\",\"sellingPrice\":\"1.00\",\"itemName\":null,\"itemCode\":null,\"itemCategory\":null,\"itemBrand\":null}', '{\"code\":200,\"msg\":\"操作成功\",\"data\":null}', 1, '', '2025-04-16 15:28:50');
INSERT INTO `sys_oper_log` VALUES (1912407821715054594, '物料', 2, 'com.ruoyi.wms.controller.ItemController.edit()', 'PUT', 1, 'admin', '研发部门', '/wms/item', '0:0:0:0:0:0:0:1', '内网IP', '{\"createBy\":null,\"createTime\":null,\"updateBy\":null,\"updateTime\":null,\"id\":\"1912405998534991873\",\"ids\":null,\"itemCode\":\"100\",\"itemName\":\"测试\",\"itemCategory\":\"1828364988754595841\",\"unit\":\"1\",\"itemBrand\":\"1911764903073415169\",\"remark\":null,\"sku\":[{\"createBy\":null,\"createTime\":null,\"updateBy\":null,\"updateTime\":null,\"id\":\"1912405998740512770\",\"skuName\":\"1\",\"itemId\":\"1912405998534991873\",\"barcode\":\"\",\"skuCode\":\"11\",\"length\":\"1.0\",\"width\":\"1.0\",\"height\":\"1.0\",\"grossWeight\":\"1.000\",\"netWeight\":\"1.000\",\"costPrice\":\"1.00\",\"sellingPrice\":\"1.00\",\"itemName\":null,\"itemCode\":null,\"itemCategory\":null,\"itemBrand\":null}]}', '{\"code\":200,\"msg\":\"操作成功\",\"data\":null}', 1, '', '2025-04-16 15:28:50');
INSERT INTO `sys_oper_log` VALUES (1912408457974194178, 'sku信息', 2, 'com.ruoyi.wms.controller.ItemSkuController.edit()', 'PUT', 1, 'admin', '研发部门', '/wms/itemSku', '0:0:0:0:0:0:0:1', '内网IP', '{\"createBy\":null,\"createTime\":null,\"updateBy\":null,\"updateTime\":null,\"id\":\"1912405710805737474\",\"skuName\":\"12\",\"itemId\":\"1912405710600216577\",\"barcode\":\"222\",\"skuCode\":\"1\",\"length\":null,\"width\":null,\"height\":null,\"grossWeight\":null,\"netWeight\":null,\"costPrice\":null,\"sellingPrice\":null,\"itemName\":null,\"itemCode\":null,\"itemCategory\":null,\"itemBrand\":null}', '{\"code\":200,\"msg\":\"操作成功\",\"data\":null}', 1, '', '2025-04-16 15:31:22');
INSERT INTO `sys_oper_log` VALUES (1912408458745946113, '物料', 2, 'com.ruoyi.wms.controller.ItemController.edit()', 'PUT', 1, 'admin', '研发部门', '/wms/item', '0:0:0:0:0:0:0:1', '内网IP', '{\"createBy\":null,\"createTime\":null,\"updateBy\":null,\"updateTime\":null,\"id\":\"1912405710600216577\",\"ids\":null,\"itemCode\":\"1\",\"itemName\":\"商品1\",\"itemCategory\":\"1828364988754595841\",\"unit\":\"1\",\"itemBrand\":\"1911764903073415169\",\"remark\":null,\"sku\":[{\"createBy\":null,\"createTime\":null,\"updateBy\":null,\"updateTime\":null,\"id\":\"1912405710805737474\",\"skuName\":\"12\",\"itemId\":\"1912405710600216577\",\"barcode\":\"222\",\"skuCode\":\"1\",\"length\":null,\"width\":null,\"height\":null,\"grossWeight\":null,\"netWeight\":null,\"costPrice\":null,\"sellingPrice\":null,\"itemName\":null,\"itemCode\":null,\"itemCategory\":null,\"itemBrand\":null}]}', '{\"code\":200,\"msg\":\"操作成功\",\"data\":null}', 1, '', '2025-04-16 15:31:22');
INSERT INTO `sys_oper_log` VALUES (1912408527398313985, '物料', 1, 'com.ruoyi.wms.controller.ItemController.add()', 'POST', 1, 'admin', '研发部门', '/wms/item', '0:0:0:0:0:0:0:1', '内网IP', '{\"createBy\":null,\"createTime\":null,\"updateBy\":null,\"updateTime\":null,\"id\":null,\"ids\":null,\"itemCode\":\"2\",\"itemName\":\"测试结果\",\"itemCategory\":\"1828364988754595841\",\"unit\":\"2\",\"itemBrand\":\"1911764903073415169\",\"remark\":null,\"sku\":[{\"createBy\":null,\"createTime\":null,\"updateBy\":null,\"updateTime\":null,\"id\":null,\"skuName\":\"2\",\"itemId\":\"1912408526769168385\",\"barcode\":\"\",\"skuCode\":\"2\",\"length\":null,\"width\":null,\"height\":null,\"grossWeight\":null,\"netWeight\":null,\"costPrice\":null,\"sellingPrice\":null,\"itemName\":null,\"itemCode\":null,\"itemCategory\":null,\"itemBrand\":null}]}', '{\"code\":200,\"msg\":\"操作成功\",\"data\":null}', 1, '', '2025-04-16 15:31:38');
INSERT INTO `sys_oper_log` VALUES (1912409106484895745, '物料', 1, 'com.ruoyi.wms.controller.ItemController.add()', 'POST', 1, 'admin', '研发部门', '/wms/item', '0:0:0:0:0:0:0:1', '内网IP', '{\"createBy\":null,\"createTime\":null,\"updateBy\":null,\"updateTime\":null,\"id\":null,\"ids\":null,\"itemCode\":\"1\",\"itemName\":\"测试123\",\"itemCategory\":\"1828364988754595841\",\"unit\":\"1\",\"itemBrand\":\"1911764903073415169\",\"remark\":null,\"sku\":[{\"createBy\":null,\"createTime\":null,\"updateBy\":null,\"updateTime\":null,\"id\":null,\"skuName\":\"33\",\"itemId\":\"1912409105927053313\",\"barcode\":\"\",\"skuCode\":\"\",\"length\":null,\"width\":null,\"height\":null,\"grossWeight\":null,\"netWeight\":null,\"costPrice\":null,\"sellingPrice\":null,\"itemName\":null,\"itemCode\":null,\"itemCategory\":null,\"itemBrand\":null}]}', '{\"code\":200,\"msg\":\"操作成功\",\"data\":null}', 1, '', '2025-04-16 15:33:56');
INSERT INTO `sys_oper_log` VALUES (1912409444138950657, '物料', 1, 'com.ruoyi.wms.controller.ItemController.add()', 'POST', 1, 'admin', '研发部门', '/wms/item', '0:0:0:0:0:0:0:1', '内网IP', '{\"createBy\":null,\"createTime\":null,\"updateBy\":null,\"updateTime\":null,\"id\":null,\"ids\":null,\"itemCode\":\"1\",\"itemName\":\"测试200\",\"itemCategory\":\"1828364988754595841\",\"unit\":\"1\",\"itemBrand\":\"1911764903073415169\",\"remark\":null,\"sku\":[{\"createBy\":null,\"createTime\":null,\"updateBy\":null,\"updateTime\":null,\"id\":null,\"skuName\":\"1\",\"itemId\":\"1912409443677577217\",\"barcode\":\"\",\"skuCode\":\"1\",\"length\":null,\"width\":null,\"height\":null,\"grossWeight\":null,\"netWeight\":null,\"costPrice\":null,\"sellingPrice\":null,\"itemName\":null,\"itemCode\":null,\"itemCategory\":null,\"itemBrand\":null}]}', '{\"code\":200,\"msg\":\"操作成功\",\"data\":null}', 1, '', '2025-04-16 15:35:17');
INSERT INTO `sys_oper_log` VALUES (1912410021468119041, '物料', 1, 'com.ruoyi.wms.controller.ItemController.add()', 'POST', 1, 'admin', '研发部门', '/wms/item', '0:0:0:0:0:0:0:1', '内网IP', '{\"createBy\":null,\"createTime\":null,\"updateBy\":null,\"updateTime\":null,\"id\":null,\"ids\":null,\"itemCode\":\"01\",\"itemName\":\"测试100\",\"itemCategory\":\"1828364988754595841\",\"unit\":\"1\",\"itemBrand\":\"1911764903073415169\",\"remark\":null,\"sku\":[{\"createBy\":null,\"createTime\":null,\"updateBy\":null,\"updateTime\":null,\"id\":null,\"skuName\":\"1\",\"itemId\":\"1912410021010939906\",\"barcode\":\"\",\"skuCode\":\"1\",\"length\":null,\"width\":null,\"height\":null,\"grossWeight\":null,\"netWeight\":null,\"costPrice\":null,\"sellingPrice\":null,\"itemName\":null,\"itemCode\":null,\"itemCategory\":null,\"itemBrand\":null}]}', '{\"code\":200,\"msg\":\"操作成功\",\"data\":null}', 1, '', '2025-04-16 15:37:35');
INSERT INTO `sys_oper_log` VALUES (1912410859620081665, '物料', 1, 'com.ruoyi.wms.controller.ItemController.add()', 'POST', 1, 'admin', '研发部门', '/wms/item', '0:0:0:0:0:0:0:1', '内网IP', '{\"createBy\":null,\"createTime\":null,\"updateBy\":null,\"updateTime\":null,\"id\":null,\"ids\":null,\"itemCode\":\"1\",\"itemName\":\"测试600\",\"itemCategory\":\"1828364988754595841\",\"unit\":\"1\",\"itemBrand\":\"1911764903073415169\",\"remark\":null,\"sku\":[{\"createBy\":null,\"createTime\":null,\"updateBy\":null,\"updateTime\":null,\"id\":null,\"skuName\":\"1\",\"itemId\":\"1912410859129348097\",\"barcode\":\"\",\"skuCode\":\"\",\"length\":null,\"width\":null,\"height\":null,\"grossWeight\":null,\"netWeight\":null,\"costPrice\":null,\"sellingPrice\":null,\"itemName\":null,\"itemCode\":null,\"itemCategory\":null,\"itemBrand\":null}]}', '{\"code\":200,\"msg\":\"操作成功\",\"data\":null}', 1, '', '2025-04-16 15:40:54');
INSERT INTO `sys_oper_log` VALUES (1912411689798672386, '物料', 1, 'com.ruoyi.wms.controller.ItemController.add()', 'POST', 1, 'admin', '研发部门', '/wms/item', '0:0:0:0:0:0:0:1', '内网IP', '{\"createBy\":null,\"createTime\":null,\"updateBy\":null,\"updateTime\":null,\"id\":null,\"ids\":null,\"itemCode\":\"1\",\"itemName\":\"测试3-1\",\"itemCategory\":\"1828364988754595841\",\"unit\":\"1\",\"itemBrand\":\"1911764903073415169\",\"remark\":null,\"sku\":[{\"createBy\":null,\"createTime\":null,\"updateBy\":null,\"updateTime\":null,\"id\":null,\"skuName\":\"问问\",\"itemId\":\"1912411689307938818\",\"barcode\":\"\",\"skuCode\":\"\",\"length\":null,\"width\":null,\"height\":null,\"grossWeight\":null,\"netWeight\":null,\"costPrice\":null,\"sellingPrice\":null,\"itemName\":null,\"itemCode\":null,\"itemCategory\":null,\"itemBrand\":null}]}', '{\"code\":200,\"msg\":\"操作成功\",\"data\":null}', 1, '', '2025-04-16 15:44:12');
INSERT INTO `sys_oper_log` VALUES (1912412706539905026, '物料', 1, 'com.ruoyi.wms.controller.ItemController.add()', 'POST', 1, 'admin', '研发部门', '/wms/item', '0:0:0:0:0:0:0:1', '内网IP', '{\"createBy\":null,\"createTime\":null,\"updateBy\":null,\"updateTime\":null,\"id\":null,\"ids\":null,\"itemCode\":\"1\",\"itemName\":\"测试1\",\"itemCategory\":\"1828364988754595841\",\"unit\":\"1\",\"itemBrand\":\"1911764903073415169\",\"remark\":null,\"sku\":[{\"createBy\":null,\"createTime\":null,\"updateBy\":null,\"updateTime\":null,\"id\":null,\"skuName\":\"1\",\"itemId\":\"1912412705948508162\",\"barcode\":\"\",\"skuCode\":\"\",\"length\":null,\"width\":null,\"height\":null,\"grossWeight\":null,\"netWeight\":null,\"costPrice\":null,\"sellingPrice\":null,\"itemName\":null,\"itemCode\":null,\"itemCategory\":null,\"itemBrand\":null}]}', '{\"code\":200,\"msg\":\"操作成功\",\"data\":null}', 1, '', '2025-04-16 15:48:15');
INSERT INTO `sys_oper_log` VALUES (1912412979886891010, '物料', 1, 'com.ruoyi.wms.controller.ItemController.add()', 'POST', 1, 'admin', '研发部门', '/wms/item', '0:0:0:0:0:0:0:1', '内网IP', '{\"createBy\":null,\"createTime\":null,\"updateBy\":null,\"updateTime\":null,\"id\":null,\"ids\":null,\"itemCode\":\"1\",\"itemName\":\"测试1\",\"itemCategory\":\"1828364988754595841\",\"unit\":\"1\",\"itemBrand\":\"1911764903073415169\",\"remark\":null,\"sku\":[{\"createBy\":null,\"createTime\":null,\"updateBy\":null,\"updateTime\":null,\"id\":null,\"skuName\":\"1\",\"itemId\":null,\"barcode\":\"\",\"skuCode\":\"\",\"length\":null,\"width\":null,\"height\":null,\"grossWeight\":null,\"netWeight\":null,\"costPrice\":null,\"sellingPrice\":null,\"itemName\":null,\"itemCode\":null,\"itemCategory\":null,\"itemBrand\":null}]}', '', 0, '商品名称重复', '2025-04-16 15:49:20');
INSERT INTO `sys_oper_log` VALUES (1912413054474199041, '物料', 1, 'com.ruoyi.wms.controller.ItemController.add()', 'POST', 1, 'admin', '研发部门', '/wms/item', '0:0:0:0:0:0:0:1', '内网IP', '{\"createBy\":null,\"createTime\":null,\"updateBy\":null,\"updateTime\":null,\"id\":null,\"ids\":null,\"itemCode\":\"1\",\"itemName\":\"测试2\",\"itemCategory\":\"1828364988754595841\",\"unit\":\"1\",\"itemBrand\":\"1911764903073415169\",\"remark\":null,\"sku\":[{\"createBy\":null,\"createTime\":null,\"updateBy\":null,\"updateTime\":null,\"id\":null,\"skuName\":\"1\",\"itemId\":\"1912413053886996481\",\"barcode\":\"\",\"skuCode\":\"\",\"length\":null,\"width\":null,\"height\":null,\"grossWeight\":null,\"netWeight\":null,\"costPrice\":null,\"sellingPrice\":null,\"itemName\":null,\"itemCode\":null,\"itemCategory\":null,\"itemBrand\":null}]}', '{\"code\":200,\"msg\":\"操作成功\",\"data\":null}', 1, '', '2025-04-16 15:49:38');
INSERT INTO `sys_oper_log` VALUES (1912413661666811905, '物料', 1, 'com.ruoyi.wms.controller.ItemController.add()', 'POST', 1, 'admin', '研发部门', '/wms/item', '0:0:0:0:0:0:0:1', '内网IP', '{\"createBy\":null,\"createTime\":null,\"updateBy\":null,\"updateTime\":null,\"id\":null,\"ids\":null,\"itemCode\":\"3\",\"itemName\":\"测试3\",\"itemCategory\":\"1828364988754595841\",\"unit\":\"3\",\"itemBrand\":\"1911764903073415169\",\"remark\":null,\"sku\":[{\"createBy\":null,\"createTime\":null,\"updateBy\":null,\"updateTime\":null,\"id\":null,\"skuName\":\"3\",\"itemId\":\"1912413661121552386\",\"barcode\":\"\",\"skuCode\":\"3\",\"length\":null,\"width\":null,\"height\":null,\"grossWeight\":null,\"netWeight\":null,\"costPrice\":null,\"sellingPrice\":null,\"itemName\":null,\"itemCode\":null,\"itemCategory\":null,\"itemBrand\":null}]}', '{\"code\":200,\"msg\":\"操作成功\",\"data\":null}', 1, '', '2025-04-16 15:52:03');
INSERT INTO `sys_oper_log` VALUES (1912413879955169281, '物料', 1, 'com.ruoyi.wms.controller.ItemController.add()', 'POST', 1, 'admin', '研发部门', '/wms/item', '0:0:0:0:0:0:0:1', '内网IP', '{\"createBy\":null,\"createTime\":null,\"updateBy\":null,\"updateTime\":null,\"id\":null,\"ids\":null,\"itemCode\":\"1\",\"itemName\":\"测试6\",\"itemCategory\":\"1828364988754595841\",\"unit\":\"5\",\"itemBrand\":\"1911764903073415169\",\"remark\":null,\"sku\":[{\"createBy\":null,\"createTime\":null,\"updateBy\":null,\"updateTime\":null,\"id\":null,\"skuName\":\"1\",\"itemId\":\"1912413879372161025\",\"barcode\":\"\",\"skuCode\":\"1\",\"length\":null,\"width\":null,\"height\":null,\"grossWeight\":null,\"netWeight\":null,\"costPrice\":null,\"sellingPrice\":null,\"itemName\":null,\"itemCode\":null,\"itemCategory\":null,\"itemBrand\":null}]}', '{\"code\":200,\"msg\":\"操作成功\",\"data\":null}', 1, '', '2025-04-16 15:52:55');
INSERT INTO `sys_oper_log` VALUES (1912414991454117889, '物料', 1, 'com.ruoyi.wms.controller.ItemController.add()', 'POST', 1, 'admin', '研发部门', '/wms/item', '0:0:0:0:0:0:0:1', '内网IP', '{\"createBy\":null,\"createTime\":null,\"updateBy\":null,\"updateTime\":null,\"id\":null,\"ids\":null,\"itemCode\":\"1\",\"itemName\":\"测试8\",\"itemCategory\":\"1828364988754595841\",\"unit\":\"1\",\"itemBrand\":\"1911764903073415169\",\"remark\":null,\"sku\":[{\"createBy\":null,\"createTime\":null,\"updateBy\":null,\"updateTime\":null,\"id\":null,\"skuName\":\"测试结果\",\"itemId\":\"1912414990892081153\",\"barcode\":\"\",\"skuCode\":\"\",\"length\":null,\"width\":null,\"height\":null,\"grossWeight\":null,\"netWeight\":null,\"costPrice\":null,\"sellingPrice\":null,\"itemName\":null,\"itemCode\":null,\"itemCategory\":null,\"itemBrand\":null}]}', '{\"code\":200,\"msg\":\"操作成功\",\"data\":null}', 1, '', '2025-04-16 15:57:20');
INSERT INTO `sys_oper_log` VALUES (1912415558008119298, '物料', 1, 'com.ruoyi.wms.controller.ItemController.add()', 'POST', 1, 'admin', '研发部门', '/wms/item', '0:0:0:0:0:0:0:1', '内网IP', '{\"createBy\":null,\"createTime\":null,\"updateBy\":null,\"updateTime\":null,\"id\":null,\"ids\":null,\"itemCode\":\"9\",\"itemName\":\"测试9\",\"itemCategory\":\"1828364988754595841\",\"unit\":\"9\",\"itemBrand\":\"1911764903073415169\",\"remark\":null,\"sku\":[{\"createBy\":null,\"createTime\":null,\"updateBy\":null,\"updateTime\":null,\"id\":null,\"skuName\":\"1\",\"itemId\":\"1912415557416722433\",\"barcode\":\"\",\"skuCode\":\"\",\"length\":null,\"width\":null,\"height\":null,\"grossWeight\":null,\"netWeight\":null,\"costPrice\":null,\"sellingPrice\":null,\"itemName\":null,\"itemCode\":null,\"itemCategory\":null,\"itemBrand\":null}]}', '{\"code\":200,\"msg\":\"操作成功\",\"data\":null}', 1, '', '2025-04-16 15:59:35');
INSERT INTO `sys_oper_log` VALUES (1912415770856464385, '物料', 1, 'com.ruoyi.wms.controller.ItemController.add()', 'POST', 1, 'admin', '研发部门', '/wms/item', '0:0:0:0:0:0:0:1', '内网IP', '{\"createBy\":null,\"createTime\":null,\"updateBy\":null,\"updateTime\":null,\"id\":null,\"ids\":null,\"itemCode\":\"2\",\"itemName\":\"测试规则\",\"itemCategory\":\"1828364988754595841\",\"unit\":\"2\",\"itemBrand\":\"1911764903073415169\",\"remark\":null,\"sku\":[{\"createBy\":null,\"createTime\":null,\"updateBy\":null,\"updateTime\":null,\"id\":null,\"skuName\":\"233\",\"itemId\":\"1912415770269261826\",\"barcode\":\"\",\"skuCode\":\"\",\"length\":null,\"width\":null,\"height\":null,\"grossWeight\":null,\"netWeight\":null,\"costPrice\":null,\"sellingPrice\":null,\"itemName\":null,\"itemCode\":null,\"itemCategory\":null,\"itemBrand\":null}]}', '{\"code\":200,\"msg\":\"操作成功\",\"data\":null}', 1, '', '2025-04-16 16:00:25');
INSERT INTO `sys_oper_log` VALUES (1912416204295839745, 'sku信息', 2, 'com.ruoyi.wms.controller.ItemSkuController.edit()', 'PUT', 1, 'admin', '研发部门', '/wms/itemSku', '0:0:0:0:0:0:0:1', '内网IP', '{\"createBy\":null,\"createTime\":null,\"updateBy\":null,\"updateTime\":null,\"id\":\"1912415770399285250\",\"skuName\":\"233\",\"itemId\":\"1912415770269261826\",\"barcode\":\"222\",\"skuCode\":\"\",\"length\":null,\"width\":null,\"height\":null,\"grossWeight\":null,\"netWeight\":null,\"costPrice\":null,\"sellingPrice\":null,\"itemName\":null,\"itemCode\":null,\"itemCategory\":null,\"itemBrand\":null}', '{\"code\":200,\"msg\":\"操作成功\",\"data\":null}', 1, '', '2025-04-16 16:02:09');
INSERT INTO `sys_oper_log` VALUES (1912416205138894850, '物料', 2, 'com.ruoyi.wms.controller.ItemController.edit()', 'PUT', 1, 'admin', '研发部门', '/wms/item', '0:0:0:0:0:0:0:1', '内网IP', '{\"createBy\":null,\"createTime\":null,\"updateBy\":null,\"updateTime\":null,\"id\":\"1912415770269261826\",\"ids\":null,\"itemCode\":\"2\",\"itemName\":\"测试规则\",\"itemCategory\":\"1828364988754595841\",\"unit\":\"2\",\"itemBrand\":\"1911764903073415169\",\"remark\":null,\"sku\":[{\"createBy\":null,\"createTime\":null,\"updateBy\":null,\"updateTime\":null,\"id\":\"1912415770399285250\",\"skuName\":\"233\",\"itemId\":\"1912415770269261826\",\"barcode\":\"222\",\"skuCode\":\"\",\"length\":null,\"width\":null,\"height\":null,\"grossWeight\":null,\"netWeight\":null,\"costPrice\":null,\"sellingPrice\":null,\"itemName\":null,\"itemCode\":null,\"itemCategory\":null,\"itemBrand\":null}]}', '{\"code\":200,\"msg\":\"操作成功\",\"data\":null}', 1, '', '2025-04-16 16:02:09');
INSERT INTO `sys_oper_log` VALUES (1912416294683090946, '物料', 1, 'com.ruoyi.wms.controller.ItemController.add()', 'POST', 1, 'admin', '研发部门', '/wms/item', '0:0:0:0:0:0:0:1', '内网IP', '{\"createBy\":null,\"createTime\":null,\"updateBy\":null,\"updateTime\":null,\"id\":null,\"ids\":null,\"itemCode\":\"1\",\"itemName\":\"测试\",\"itemCategory\":\"1828364988754595841\",\"unit\":\"1\",\"itemBrand\":\"1911764903073415169\",\"remark\":null,\"sku\":[{\"createBy\":null,\"createTime\":null,\"updateBy\":null,\"updateTime\":null,\"id\":null,\"skuName\":\"规定\",\"itemId\":\"1912416294125248513\",\"barcode\":\"\",\"skuCode\":\"1\",\"length\":\"1\",\"width\":\"1\",\"height\":\"1\",\"grossWeight\":\"1\",\"netWeight\":\"1\",\"costPrice\":\"1\",\"sellingPrice\":\"1\",\"itemName\":null,\"itemCode\":null,\"itemCategory\":null,\"itemBrand\":null}]}', '{\"code\":200,\"msg\":\"操作成功\",\"data\":null}', 1, '', '2025-04-16 16:02:30');
INSERT INTO `sys_oper_log` VALUES (1912416631443759106, '物料', 1, 'com.ruoyi.wms.controller.ItemController.add()', 'POST', 1, 'admin', '研发部门', '/wms/item', '0:0:0:0:0:0:0:1', '内网IP', '{\"createBy\":null,\"createTime\":null,\"updateBy\":null,\"updateTime\":null,\"id\":null,\"ids\":null,\"itemCode\":\"1\",\"itemName\":\"测试221\",\"itemCategory\":\"1828364988754595841\",\"unit\":\"1\",\"itemBrand\":\"1911764903073415169\",\"remark\":null,\"sku\":[{\"createBy\":null,\"createTime\":null,\"updateBy\":null,\"updateTime\":null,\"id\":null,\"skuName\":\"规定\",\"itemId\":\"1912416631053688833\",\"barcode\":\"\",\"skuCode\":\"\",\"length\":null,\"width\":null,\"height\":null,\"grossWeight\":null,\"netWeight\":null,\"costPrice\":null,\"sellingPrice\":null,\"itemName\":null,\"itemCode\":null,\"itemCategory\":null,\"itemBrand\":null}]}', '{\"code\":200,\"msg\":\"操作成功\",\"data\":null}', 1, '', '2025-04-16 16:03:51');
INSERT INTO `sys_oper_log` VALUES (1912417277811171329, '物料', 1, 'com.ruoyi.wms.controller.ItemController.add()', 'POST', 1, 'admin', '研发部门', '/wms/item', '0:0:0:0:0:0:0:1', '内网IP', '{\"createBy\":null,\"createTime\":null,\"updateBy\":null,\"updateTime\":null,\"id\":null,\"ids\":null,\"itemCode\":\"1\",\"itemName\":\"测试\",\"itemCategory\":\"1828364988754595841\",\"unit\":\"1\",\"itemBrand\":\"1911764903073415169\",\"remark\":null,\"sku\":[{\"createBy\":null,\"createTime\":null,\"updateBy\":null,\"updateTime\":null,\"id\":null,\"skuName\":\"1\",\"itemId\":null,\"barcode\":\"1\",\"skuCode\":\"1\",\"length\":null,\"width\":null,\"height\":null,\"grossWeight\":null,\"netWeight\":null,\"costPrice\":null,\"sellingPrice\":null,\"itemName\":null,\"itemCode\":null,\"itemCategory\":null,\"itemBrand\":null}]}', '{\"code\":200,\"msg\":\"操作成功\",\"data\":null}', 1, '', '2025-04-16 16:06:25');
INSERT INTO `sys_oper_log` VALUES (1912418026146308097, '物料', 1, 'com.ruoyi.wms.controller.ItemController.add()', 'POST', 1, 'admin', '研发部门', '/wms/item', '0:0:0:0:0:0:0:1', '内网IP', '{\"createBy\":null,\"createTime\":null,\"updateBy\":null,\"updateTime\":null,\"id\":null,\"ids\":null,\"itemCode\":\"2\",\"itemName\":\"测试2\",\"itemCategory\":\"1828364988754595841\",\"unit\":\"2\",\"itemBrand\":\"1911764903073415169\",\"remark\":null,\"sku\":[{\"createBy\":null,\"createTime\":null,\"updateBy\":null,\"updateTime\":null,\"id\":null,\"skuName\":\"2\",\"itemId\":\"1912418025676546050\",\"barcode\":\"\",\"skuCode\":\"\",\"length\":null,\"width\":null,\"height\":null,\"grossWeight\":null,\"netWeight\":null,\"costPrice\":null,\"sellingPrice\":null,\"itemName\":null,\"itemCode\":null,\"itemCategory\":null,\"itemBrand\":null}]}', '{\"code\":200,\"msg\":\"操作成功\",\"data\":null}', 1, '', '2025-04-16 16:09:23');
INSERT INTO `sys_oper_log` VALUES (1912418423690829826, '物料', 1, 'com.ruoyi.wms.controller.ItemController.add()', 'POST', 1, 'admin', '研发部门', '/wms/item', '0:0:0:0:0:0:0:1', '内网IP', '{\"createBy\":null,\"createTime\":null,\"updateBy\":null,\"updateTime\":null,\"id\":null,\"ids\":null,\"itemCode\":\"4\",\"itemName\":\"测试4\",\"itemCategory\":\"1828364988754595841\",\"unit\":\"4\",\"itemBrand\":\"1911764903073415169\",\"remark\":null,\"sku\":[{\"createBy\":null,\"createTime\":null,\"updateBy\":null,\"updateTime\":null,\"id\":null,\"skuName\":\"4\",\"itemId\":\"1912418423200096257\",\"barcode\":\"\",\"skuCode\":\"\",\"length\":null,\"width\":null,\"height\":null,\"grossWeight\":null,\"netWeight\":null,\"costPrice\":null,\"sellingPrice\":null,\"itemName\":null,\"itemCode\":null,\"itemCategory\":null,\"itemBrand\":null}]}', '{\"code\":200,\"msg\":\"操作成功\",\"data\":null}', 1, '', '2025-04-16 16:10:58');
INSERT INTO `sys_oper_log` VALUES (1912418687999090690, '物料', 1, 'com.ruoyi.wms.controller.ItemController.add()', 'POST', 1, 'admin', '研发部门', '/wms/item', '0:0:0:0:0:0:0:1', '内网IP', '{\"createBy\":null,\"createTime\":null,\"updateBy\":null,\"updateTime\":null,\"id\":null,\"ids\":null,\"itemCode\":\"5\",\"itemName\":\"测试5\",\"itemCategory\":\"1828364988754595841\",\"unit\":\"5\",\"itemBrand\":\"1911764903073415169\",\"remark\":null,\"sku\":[{\"createBy\":null,\"createTime\":null,\"updateBy\":null,\"updateTime\":null,\"id\":null,\"skuName\":\"5\",\"itemId\":\"1912418687583854594\",\"barcode\":\"\",\"skuCode\":\"\",\"length\":null,\"width\":null,\"height\":null,\"grossWeight\":null,\"netWeight\":null,\"costPrice\":null,\"sellingPrice\":null,\"itemName\":null,\"itemCode\":null,\"itemCategory\":null,\"itemBrand\":null}]}', '{\"code\":200,\"msg\":\"操作成功\",\"data\":null}', 1, '', '2025-04-16 16:12:01');
INSERT INTO `sys_oper_log` VALUES (1912419067931729921, '物料', 1, 'com.ruoyi.wms.controller.ItemController.add()', 'POST', 1, 'admin', '研发部门', '/wms/item', '0:0:0:0:0:0:0:1', '内网IP', '{\"createBy\":null,\"createTime\":null,\"updateBy\":null,\"updateTime\":null,\"id\":null,\"ids\":null,\"itemCode\":\"6\",\"itemName\":\"测试6\",\"itemCategory\":\"1828364988754595841\",\"unit\":\"6\",\"itemBrand\":\"1911764903073415169\",\"remark\":null,\"sku\":[{\"createBy\":null,\"createTime\":null,\"updateBy\":null,\"updateTime\":null,\"id\":null,\"skuName\":\"6\",\"itemId\":\"1912419067365498881\",\"barcode\":\"\",\"skuCode\":\"\",\"length\":null,\"width\":null,\"height\":null,\"grossWeight\":null,\"netWeight\":null,\"costPrice\":null,\"sellingPrice\":null,\"itemName\":null,\"itemCode\":null,\"itemCategory\":null,\"itemBrand\":null}]}', '{\"code\":200,\"msg\":\"操作成功\",\"data\":null}', 1, '', '2025-04-16 16:13:31');
INSERT INTO `sys_oper_log` VALUES (1912419211305623553, '物料', 1, 'com.ruoyi.wms.controller.ItemController.add()', 'POST', 1, 'admin', '研发部门', '/wms/item', '0:0:0:0:0:0:0:1', '内网IP', '{\"createBy\":null,\"createTime\":null,\"updateBy\":null,\"updateTime\":null,\"id\":null,\"ids\":null,\"itemCode\":\"7\",\"itemName\":\"测试7\",\"itemCategory\":\"1828364988754595841\",\"unit\":\"7\",\"itemBrand\":\"1911764903073415169\",\"remark\":null,\"sku\":[{\"createBy\":null,\"createTime\":null,\"updateBy\":null,\"updateTime\":null,\"id\":null,\"skuName\":\"7\",\"itemId\":\"1912419210743586818\",\"barcode\":\"\",\"skuCode\":\"\",\"length\":null,\"width\":null,\"height\":null,\"grossWeight\":null,\"netWeight\":null,\"costPrice\":null,\"sellingPrice\":null,\"itemName\":null,\"itemCode\":null,\"itemCategory\":null,\"itemBrand\":null}]}', '{\"code\":200,\"msg\":\"操作成功\",\"data\":null}', 1, '', '2025-04-16 16:14:06');
INSERT INTO `sys_oper_log` VALUES (1912419705671458817, '物料', 1, 'com.ruoyi.wms.controller.ItemController.add()', 'POST', 1, 'admin', '研发部门', '/wms/item', '0:0:0:0:0:0:0:1', '内网IP', '{\"createBy\":null,\"createTime\":null,\"updateBy\":null,\"updateTime\":null,\"id\":null,\"ids\":null,\"itemCode\":\"6\",\"itemName\":\"6\",\"itemCategory\":\"1828364988754595841\",\"unit\":\"6\",\"itemBrand\":\"1911764903073415169\",\"remark\":null,\"sku\":[{\"createBy\":null,\"createTime\":null,\"updateBy\":null,\"updateTime\":null,\"id\":null,\"skuName\":\"6\",\"itemId\":\"1912419705142976513\",\"barcode\":\"\",\"skuCode\":\"\",\"length\":null,\"width\":null,\"height\":null,\"grossWeight\":null,\"netWeight\":null,\"costPrice\":null,\"sellingPrice\":null,\"itemName\":null,\"itemCode\":null,\"itemCategory\":null,\"itemBrand\":null}]}', '{\"code\":200,\"msg\":\"操作成功\",\"data\":null}', 1, '', '2025-04-16 16:16:04');
INSERT INTO `sys_oper_log` VALUES (1912420007376134145, '物料', 1, 'com.ruoyi.wms.controller.ItemController.add()', 'POST', 1, 'admin', '研发部门', '/wms/item', '0:0:0:0:0:0:0:1', '内网IP', '{\"createBy\":null,\"createTime\":null,\"updateBy\":null,\"updateTime\":null,\"id\":null,\"ids\":null,\"itemCode\":\"7\",\"itemName\":\"7\",\"itemCategory\":\"1828364988754595841\",\"unit\":\"7\",\"itemBrand\":\"1911764903073415169\",\"remark\":null,\"sku\":[{\"createBy\":null,\"createTime\":null,\"updateBy\":null,\"updateTime\":null,\"id\":null,\"skuName\":\"7\",\"itemId\":\"1912420006822486018\",\"barcode\":\"\",\"skuCode\":\"\",\"length\":null,\"width\":null,\"height\":null,\"grossWeight\":null,\"netWeight\":null,\"costPrice\":null,\"sellingPrice\":null,\"itemName\":null,\"itemCode\":null,\"itemCategory\":null,\"itemBrand\":null}]}', '{\"code\":200,\"msg\":\"操作成功\",\"data\":null}', 1, '', '2025-04-16 16:17:15');
INSERT INTO `sys_oper_log` VALUES (1912420168156389377, '物料', 1, 'com.ruoyi.wms.controller.ItemController.add()', 'POST', 1, 'admin', '研发部门', '/wms/item', '0:0:0:0:0:0:0:1', '内网IP', '{\"createBy\":null,\"createTime\":null,\"updateBy\":null,\"updateTime\":null,\"id\":null,\"ids\":null,\"itemCode\":\"8\",\"itemName\":\"8\",\"itemCategory\":\"1828364988754595841\",\"unit\":\"8\",\"itemBrand\":\"1911764903073415169\",\"remark\":null,\"sku\":[{\"createBy\":null,\"createTime\":null,\"updateBy\":null,\"updateTime\":null,\"id\":null,\"skuName\":\"8\",\"itemId\":\"1912420167657267201\",\"barcode\":\"\",\"skuCode\":\"\",\"length\":null,\"width\":null,\"height\":null,\"grossWeight\":null,\"netWeight\":null,\"costPrice\":null,\"sellingPrice\":null,\"itemName\":null,\"itemCode\":null,\"itemCategory\":null,\"itemBrand\":null}]}', '{\"code\":200,\"msg\":\"操作成功\",\"data\":null}', 1, '', '2025-04-16 16:17:54');
INSERT INTO `sys_oper_log` VALUES (1912420774858268673, '物料', 1, 'com.ruoyi.wms.controller.ItemController.add()', 'POST', 1, 'admin', '研发部门', '/wms/item', '0:0:0:0:0:0:0:1', '内网IP', '{\"createBy\":null,\"createTime\":null,\"updateBy\":null,\"updateTime\":null,\"id\":null,\"ids\":null,\"itemCode\":\"1\",\"itemName\":\"商品11\",\"itemCategory\":\"1828364988754595841\",\"unit\":\"1\",\"itemBrand\":\"1911764903073415169\",\"remark\":null,\"sku\":[{\"createBy\":null,\"createTime\":null,\"updateBy\":null,\"updateTime\":null,\"id\":null,\"skuName\":\"1\",\"itemId\":\"1912420774367535105\",\"barcode\":\"\",\"skuCode\":\"\",\"length\":null,\"width\":null,\"height\":null,\"grossWeight\":null,\"netWeight\":null,\"costPrice\":null,\"sellingPrice\":null,\"itemName\":null,\"itemCode\":null,\"itemCategory\":null,\"itemBrand\":null}]}', '{\"code\":200,\"msg\":\"操作成功\",\"data\":null}', 1, '', '2025-04-16 16:20:18');
INSERT INTO `sys_oper_log` VALUES (1912421120460529665, '物料', 1, 'com.ruoyi.wms.controller.ItemController.add()', 'POST', 1, 'admin', '研发部门', '/wms/item', '0:0:0:0:0:0:0:1', '内网IP', '{\"createBy\":null,\"createTime\":null,\"updateBy\":null,\"updateTime\":null,\"id\":null,\"ids\":null,\"itemCode\":\"1\",\"itemName\":\"商品12\",\"itemCategory\":\"1828364988754595841\",\"unit\":\"1\",\"itemBrand\":\"1911764903073415169\",\"remark\":null,\"sku\":[{\"createBy\":null,\"createTime\":null,\"updateBy\":null,\"updateTime\":null,\"id\":null,\"skuName\":\"1\",\"itemId\":\"1912421119923658753\",\"barcode\":\"\",\"skuCode\":\"1\",\"length\":null,\"width\":null,\"height\":null,\"grossWeight\":null,\"netWeight\":null,\"costPrice\":null,\"sellingPrice\":null,\"itemName\":null,\"itemCode\":null,\"itemCategory\":null,\"itemBrand\":null}]}', '{\"code\":200,\"msg\":\"操作成功\",\"data\":null}', 1, '', '2025-04-16 16:21:41');
INSERT INTO `sys_oper_log` VALUES (1912421441672912897, '物料', 1, 'com.ruoyi.wms.controller.ItemController.add()', 'POST', 1, 'admin', '研发部门', '/wms/item', '0:0:0:0:0:0:0:1', '内网IP', '{\"createBy\":null,\"createTime\":null,\"updateBy\":null,\"updateTime\":null,\"id\":null,\"ids\":null,\"itemCode\":\"1\",\"itemName\":\"12\",\"itemCategory\":\"1828364988754595841\",\"unit\":\"1\",\"itemBrand\":\"1911764903073415169\",\"remark\":null,\"sku\":[{\"createBy\":null,\"createTime\":null,\"updateBy\":null,\"updateTime\":null,\"id\":null,\"skuName\":\"1\",\"itemId\":\"1912421441144430593\",\"barcode\":\"\",\"skuCode\":\"1\",\"length\":null,\"width\":null,\"height\":null,\"grossWeight\":null,\"netWeight\":null,\"costPrice\":null,\"sellingPrice\":null,\"itemName\":null,\"itemCode\":null,\"itemCategory\":null,\"itemBrand\":null}]}', '{\"code\":200,\"msg\":\"操作成功\",\"data\":null}', 1, '', '2025-04-16 16:22:57');
INSERT INTO `sys_oper_log` VALUES (1912422157359587330, '物料', 1, 'com.ruoyi.wms.controller.ItemController.add()', 'POST', 1, 'admin', '研发部门', '/wms/item', '0:0:0:0:0:0:0:1', '内网IP', '{\"createBy\":null,\"createTime\":null,\"updateBy\":null,\"updateTime\":null,\"id\":null,\"ids\":null,\"itemCode\":\"1\",\"itemName\":\"11\",\"itemCategory\":\"1828364988754595841\",\"unit\":\"1\",\"itemBrand\":\"1911764903073415169\",\"remark\":null,\"sku\":[{\"createBy\":null,\"createTime\":null,\"updateBy\":null,\"updateTime\":null,\"id\":null,\"skuName\":\"1\",\"itemId\":\"1912422156797550593\",\"barcode\":\"\",\"skuCode\":\"\",\"length\":null,\"width\":null,\"height\":null,\"grossWeight\":null,\"netWeight\":null,\"costPrice\":null,\"sellingPrice\":null,\"itemName\":null,\"itemCode\":null,\"itemCategory\":null,\"itemBrand\":null}]}', '{\"code\":200,\"msg\":\"操作成功\",\"data\":null}', 1, '', '2025-04-16 16:25:48');
INSERT INTO `sys_oper_log` VALUES (1912422346585612289, '物料', 1, 'com.ruoyi.wms.controller.ItemController.add()', 'POST', 1, 'admin', '研发部门', '/wms/item', '0:0:0:0:0:0:0:1', '内网IP', '{\"createBy\":null,\"createTime\":null,\"updateBy\":null,\"updateTime\":null,\"id\":null,\"ids\":null,\"itemCode\":\"1\",\"itemName\":\"测试69\",\"itemCategory\":\"1828364988754595841\",\"unit\":\"1\",\"itemBrand\":\"1911764903073415169\",\"remark\":null,\"sku\":[{\"createBy\":null,\"createTime\":null,\"updateBy\":null,\"updateTime\":null,\"id\":null,\"skuName\":\"1\",\"itemId\":\"1912422346027769858\",\"barcode\":\"\",\"skuCode\":\"\",\"length\":null,\"width\":null,\"height\":null,\"grossWeight\":null,\"netWeight\":null,\"costPrice\":null,\"sellingPrice\":null,\"itemName\":null,\"itemCode\":null,\"itemCategory\":null,\"itemBrand\":null}]}', '{\"code\":200,\"msg\":\"操作成功\",\"data\":null}', 1, '', '2025-04-16 16:26:33');
INSERT INTO `sys_oper_log` VALUES (1912422632146411521, '物料', 1, 'com.ruoyi.wms.controller.ItemController.add()', 'POST', 1, 'admin', '研发部门', '/wms/item', '0:0:0:0:0:0:0:1', '内网IP', '{\"createBy\":null,\"createTime\":null,\"updateBy\":null,\"updateTime\":null,\"id\":null,\"ids\":null,\"itemCode\":\"6\",\"itemName\":\"69\",\"itemCategory\":\"1828364988754595841\",\"unit\":\"6\",\"itemBrand\":\"1911764903073415169\",\"remark\":null,\"sku\":[{\"createBy\":null,\"createTime\":null,\"updateBy\":null,\"updateTime\":null,\"id\":null,\"skuName\":\"6\",\"itemId\":\"1912422631613734914\",\"barcode\":\"\",\"skuCode\":\"\",\"length\":null,\"width\":null,\"height\":null,\"grossWeight\":null,\"netWeight\":null,\"costPrice\":null,\"sellingPrice\":null,\"itemName\":null,\"itemCode\":null,\"itemCategory\":null,\"itemBrand\":null}]}', '{\"code\":200,\"msg\":\"操作成功\",\"data\":null}', 1, '', '2025-04-16 16:27:41');
INSERT INTO `sys_oper_log` VALUES (1912422979099238402, '物料', 1, 'com.ruoyi.wms.controller.ItemController.add()', 'POST', 1, 'admin', '研发部门', '/wms/item', '0:0:0:0:0:0:0:1', '内网IP', '{\"createBy\":null,\"createTime\":null,\"updateBy\":null,\"updateTime\":null,\"id\":null,\"ids\":null,\"itemCode\":\"9\",\"itemName\":\"9\",\"itemCategory\":\"1828364988754595841\",\"unit\":\"9\",\"itemBrand\":\"1911764903073415169\",\"remark\":null,\"sku\":[{\"createBy\":null,\"createTime\":null,\"updateBy\":null,\"updateTime\":null,\"id\":null,\"skuName\":\"9\",\"itemId\":\"1912422978591727617\",\"barcode\":\"\",\"skuCode\":\"\",\"length\":null,\"width\":null,\"height\":null,\"grossWeight\":null,\"netWeight\":null,\"costPrice\":null,\"sellingPrice\":null,\"itemName\":null,\"itemCode\":null,\"itemCategory\":null,\"itemBrand\":null}]}', '{\"code\":200,\"msg\":\"操作成功\",\"data\":null}', 1, '', '2025-04-16 16:29:04');
INSERT INTO `sys_oper_log` VALUES (1912423912365432833, '物料', 1, 'com.ruoyi.wms.controller.ItemController.add()', 'POST', 1, 'admin', '研发部门', '/wms/item', '0:0:0:0:0:0:0:1', '内网IP', '{\"createBy\":null,\"createTime\":null,\"updateBy\":null,\"updateTime\":null,\"id\":null,\"ids\":null,\"itemCode\":\"1\",\"itemName\":\"测试1\",\"itemCategory\":\"1828364988754595841\",\"unit\":\"1\",\"itemBrand\":\"1828407291103842306\",\"remark\":null,\"sku\":[{\"createBy\":null,\"createTime\":null,\"updateBy\":null,\"updateTime\":null,\"id\":null,\"skuName\":\"1\",\"itemId\":\"1912423911807590401\",\"barcode\":\"\",\"skuCode\":\"1\",\"length\":null,\"width\":null,\"height\":null,\"grossWeight\":null,\"netWeight\":null,\"costPrice\":null,\"sellingPrice\":null,\"itemName\":null,\"itemCode\":null,\"itemCategory\":null,\"itemBrand\":null}]}', '{\"code\":200,\"msg\":\"操作成功\",\"data\":null}', 1, '', '2025-04-16 16:32:46');
INSERT INTO `sys_oper_log` VALUES (1912423970678841346, 'sku信息', 2, 'com.ruoyi.wms.controller.ItemSkuController.edit()', 'PUT', 1, 'admin', '研发部门', '/wms/itemSku', '0:0:0:0:0:0:0:1', '内网IP', '{\"createBy\":null,\"createTime\":null,\"updateBy\":null,\"updateTime\":null,\"id\":\"1912423911958585345\",\"skuName\":\"1\",\"itemId\":\"1912423911807590401\",\"barcode\":\"\",\"skuCode\":\"1\",\"length\":null,\"width\":null,\"height\":null,\"grossWeight\":null,\"netWeight\":null,\"costPrice\":null,\"sellingPrice\":null,\"itemName\":null,\"itemCode\":null,\"itemCategory\":null,\"itemBrand\":null}', '{\"code\":200,\"msg\":\"操作成功\",\"data\":null}', 1, '', '2025-04-16 16:33:00');
INSERT INTO `sys_oper_log` VALUES (1912423971555450881, '物料', 2, 'com.ruoyi.wms.controller.ItemController.edit()', 'PUT', 1, 'admin', '研发部门', '/wms/item', '0:0:0:0:0:0:0:1', '内网IP', '{\"createBy\":null,\"createTime\":null,\"updateBy\":null,\"updateTime\":null,\"id\":\"1912423911807590401\",\"ids\":null,\"itemCode\":\"1\",\"itemName\":\"测试1\",\"itemCategory\":\"1828364988754595841\",\"unit\":\"1\",\"itemBrand\":\"1828407291103842306\",\"remark\":null,\"sku\":[{\"createBy\":null,\"createTime\":null,\"updateBy\":null,\"updateTime\":null,\"id\":\"1912423911958585345\",\"skuName\":\"1\",\"itemId\":\"1912423911807590401\",\"barcode\":\"\",\"skuCode\":\"1\",\"length\":null,\"width\":null,\"height\":null,\"grossWeight\":null,\"netWeight\":null,\"costPrice\":null,\"sellingPrice\":null,\"itemName\":null,\"itemCode\":null,\"itemCategory\":null,\"itemBrand\":null}]}', '{\"code\":200,\"msg\":\"操作成功\",\"data\":null}', 1, '', '2025-04-16 16:33:01');
INSERT INTO `sys_oper_log` VALUES (1912424074055852033, 'sku信息', 2, 'com.ruoyi.wms.controller.ItemSkuController.edit()', 'PUT', 1, 'admin', '研发部门', '/wms/itemSku', '0:0:0:0:0:0:0:1', '内网IP', '{\"createBy\":null,\"createTime\":null,\"updateBy\":null,\"updateTime\":null,\"id\":\"1912423911958585345\",\"skuName\":\"1\",\"itemId\":\"1912423911807590401\",\"barcode\":\"\",\"skuCode\":\"1\",\"length\":null,\"width\":null,\"height\":null,\"grossWeight\":null,\"netWeight\":null,\"costPrice\":null,\"sellingPrice\":null,\"itemName\":null,\"itemCode\":null,\"itemCategory\":null,\"itemBrand\":null}', '{\"code\":200,\"msg\":\"操作成功\",\"data\":null}', 1, '', '2025-04-16 16:33:25');
INSERT INTO `sys_oper_log` VALUES (1912424074940850178, '物料', 2, 'com.ruoyi.wms.controller.ItemController.edit()', 'PUT', 1, 'admin', '研发部门', '/wms/item', '0:0:0:0:0:0:0:1', '内网IP', '{\"createBy\":null,\"createTime\":null,\"updateBy\":null,\"updateTime\":null,\"id\":\"1912423911807590401\",\"ids\":null,\"itemCode\":\"1\",\"itemName\":\"测试1\",\"itemCategory\":\"1828364988754595841\",\"unit\":\"1\",\"itemBrand\":\"1828407291103842306\",\"remark\":null,\"sku\":[{\"createBy\":null,\"createTime\":null,\"updateBy\":null,\"updateTime\":null,\"id\":\"1912423911958585345\",\"skuName\":\"1\",\"itemId\":\"1912423911807590401\",\"barcode\":\"\",\"skuCode\":\"1\",\"length\":null,\"width\":null,\"height\":null,\"grossWeight\":null,\"netWeight\":null,\"costPrice\":null,\"sellingPrice\":null,\"itemName\":null,\"itemCode\":null,\"itemCategory\":null,\"itemBrand\":null}]}', '{\"code\":200,\"msg\":\"操作成功\",\"data\":null}', 1, '', '2025-04-16 16:33:25');
INSERT INTO `sys_oper_log` VALUES (1912424125096337410, 'sku信息', 2, 'com.ruoyi.wms.controller.ItemSkuController.edit()', 'PUT', 1, 'admin', '研发部门', '/wms/itemSku', '0:0:0:0:0:0:0:1', '内网IP', '{\"createBy\":null,\"createTime\":null,\"updateBy\":null,\"updateTime\":null,\"id\":\"1912423911958585345\",\"skuName\":\"1\",\"itemId\":\"1912423911807590401\",\"barcode\":\"\",\"skuCode\":\"1\",\"length\":null,\"width\":null,\"height\":null,\"grossWeight\":null,\"netWeight\":null,\"costPrice\":null,\"sellingPrice\":null,\"itemName\":null,\"itemCode\":null,\"itemCategory\":null,\"itemBrand\":null}', '{\"code\":200,\"msg\":\"操作成功\",\"data\":null}', 1, '', '2025-04-16 16:33:37');
INSERT INTO `sys_oper_log` VALUES (1912424125931003905, '物料', 2, 'com.ruoyi.wms.controller.ItemController.edit()', 'PUT', 1, 'admin', '研发部门', '/wms/item', '0:0:0:0:0:0:0:1', '内网IP', '{\"createBy\":null,\"createTime\":null,\"updateBy\":null,\"updateTime\":null,\"id\":\"1912423911807590401\",\"ids\":null,\"itemCode\":\"1\",\"itemName\":\"测试1\",\"itemCategory\":\"1828364988754595841\",\"unit\":\"1\",\"itemBrand\":\"1828407291103842306\",\"remark\":null,\"sku\":[{\"createBy\":null,\"createTime\":null,\"updateBy\":null,\"updateTime\":null,\"id\":\"1912423911958585345\",\"skuName\":\"1\",\"itemId\":\"1912423911807590401\",\"barcode\":\"\",\"skuCode\":\"1\",\"length\":null,\"width\":null,\"height\":null,\"grossWeight\":null,\"netWeight\":null,\"costPrice\":null,\"sellingPrice\":null,\"itemName\":null,\"itemCode\":null,\"itemCategory\":null,\"itemBrand\":null}]}', '{\"code\":200,\"msg\":\"操作成功\",\"data\":null}', 1, '', '2025-04-16 16:33:37');
INSERT INTO `sys_oper_log` VALUES (1912424221141704705, 'sku信息', 2, 'com.ruoyi.wms.controller.ItemSkuController.edit()', 'PUT', 1, 'admin', '研发部门', '/wms/itemSku', '0:0:0:0:0:0:0:1', '内网IP', '{\"createBy\":null,\"createTime\":null,\"updateBy\":null,\"updateTime\":null,\"id\":\"1912423911958585345\",\"skuName\":\"1\",\"itemId\":\"1912423911807590401\",\"barcode\":\"\",\"skuCode\":\"1\",\"length\":null,\"width\":null,\"height\":null,\"grossWeight\":null,\"netWeight\":null,\"costPrice\":null,\"sellingPrice\":null,\"itemName\":null,\"itemCode\":null,\"itemCategory\":null,\"itemBrand\":null}', '{\"code\":200,\"msg\":\"操作成功\",\"data\":null}', 1, '', '2025-04-16 16:34:00');
INSERT INTO `sys_oper_log` VALUES (1912424221984759810, '物料', 2, 'com.ruoyi.wms.controller.ItemController.edit()', 'PUT', 1, 'admin', '研发部门', '/wms/item', '0:0:0:0:0:0:0:1', '内网IP', '{\"createBy\":null,\"createTime\":null,\"updateBy\":null,\"updateTime\":null,\"id\":\"1912423911807590401\",\"ids\":null,\"itemCode\":\"1\",\"itemName\":\"测试1\",\"itemCategory\":\"1828364988754595841\",\"unit\":\"1\",\"itemBrand\":\"1828407291103842306\",\"remark\":null,\"sku\":[{\"createBy\":null,\"createTime\":null,\"updateBy\":null,\"updateTime\":null,\"id\":\"1912423911958585345\",\"skuName\":\"1\",\"itemId\":\"1912423911807590401\",\"barcode\":\"\",\"skuCode\":\"1\",\"length\":null,\"width\":null,\"height\":null,\"grossWeight\":null,\"netWeight\":null,\"costPrice\":null,\"sellingPrice\":null,\"itemName\":null,\"itemCode\":null,\"itemCategory\":null,\"itemBrand\":null}]}', '{\"code\":200,\"msg\":\"操作成功\",\"data\":null}', 1, '', '2025-04-16 16:34:00');
INSERT INTO `sys_oper_log` VALUES (1912424280843427842, 'sku信息', 2, 'com.ruoyi.wms.controller.ItemSkuController.edit()', 'PUT', 1, 'admin', '研发部门', '/wms/itemSku', '0:0:0:0:0:0:0:1', '内网IP', '{\"createBy\":null,\"createTime\":null,\"updateBy\":null,\"updateTime\":null,\"id\":\"1912423911958585345\",\"skuName\":\"1\",\"itemId\":\"1912423911807590401\",\"barcode\":\"\",\"skuCode\":\"1\",\"length\":null,\"width\":null,\"height\":null,\"grossWeight\":null,\"netWeight\":null,\"costPrice\":null,\"sellingPrice\":null,\"itemName\":null,\"itemCode\":null,\"itemCategory\":null,\"itemBrand\":null}', '{\"code\":200,\"msg\":\"操作成功\",\"data\":null}', 1, '', '2025-04-16 16:34:14');
INSERT INTO `sys_oper_log` VALUES (1912424281682288642, '物料', 2, 'com.ruoyi.wms.controller.ItemController.edit()', 'PUT', 1, 'admin', '研发部门', '/wms/item', '0:0:0:0:0:0:0:1', '内网IP', '{\"createBy\":null,\"createTime\":null,\"updateBy\":null,\"updateTime\":null,\"id\":\"1912423911807590401\",\"ids\":null,\"itemCode\":\"1\",\"itemName\":\"测试1\",\"itemCategory\":\"1828364988754595841\",\"unit\":\"1\",\"itemBrand\":\"1828407291103842306\",\"remark\":null,\"sku\":[{\"createBy\":null,\"createTime\":null,\"updateBy\":null,\"updateTime\":null,\"id\":\"1912423911958585345\",\"skuName\":\"1\",\"itemId\":\"1912423911807590401\",\"barcode\":\"\",\"skuCode\":\"1\",\"length\":null,\"width\":null,\"height\":null,\"grossWeight\":null,\"netWeight\":null,\"costPrice\":null,\"sellingPrice\":null,\"itemName\":null,\"itemCode\":null,\"itemCategory\":null,\"itemBrand\":null}]}', '{\"code\":200,\"msg\":\"操作成功\",\"data\":null}', 1, '', '2025-04-16 16:34:15');
INSERT INTO `sys_oper_log` VALUES (1912424433012776962, 'sku信息', 2, 'com.ruoyi.wms.controller.ItemSkuController.edit()', 'PUT', 1, 'admin', '研发部门', '/wms/itemSku', '0:0:0:0:0:0:0:1', '内网IP', '{\"createBy\":null,\"createTime\":null,\"updateBy\":null,\"updateTime\":null,\"id\":\"1912423911958585345\",\"skuName\":\"1\",\"itemId\":\"1912423911807590401\",\"barcode\":\"222\",\"skuCode\":\"1\",\"length\":null,\"width\":null,\"height\":null,\"grossWeight\":null,\"netWeight\":null,\"costPrice\":null,\"sellingPrice\":null,\"itemName\":null,\"itemCode\":null,\"itemCategory\":null,\"itemBrand\":null}', '{\"code\":200,\"msg\":\"操作成功\",\"data\":null}', 1, '', '2025-04-16 16:34:51');
INSERT INTO `sys_oper_log` VALUES (1912424433834860546, '物料', 2, 'com.ruoyi.wms.controller.ItemController.edit()', 'PUT', 1, 'admin', '研发部门', '/wms/item', '0:0:0:0:0:0:0:1', '内网IP', '{\"createBy\":null,\"createTime\":null,\"updateBy\":null,\"updateTime\":null,\"id\":\"1912423911807590401\",\"ids\":null,\"itemCode\":\"1\",\"itemName\":\"测试1\",\"itemCategory\":\"1828364988754595841\",\"unit\":\"1\",\"itemBrand\":\"1828407291103842306\",\"remark\":null,\"sku\":[{\"createBy\":null,\"createTime\":null,\"updateBy\":null,\"updateTime\":null,\"id\":\"1912423911958585345\",\"skuName\":\"1\",\"itemId\":\"1912423911807590401\",\"barcode\":\"222\",\"skuCode\":\"1\",\"length\":null,\"width\":null,\"height\":null,\"grossWeight\":null,\"netWeight\":null,\"costPrice\":null,\"sellingPrice\":null,\"itemName\":null,\"itemCode\":null,\"itemCategory\":null,\"itemBrand\":null}]}', '{\"code\":200,\"msg\":\"操作成功\",\"data\":null}', 1, '', '2025-04-16 16:34:51');
INSERT INTO `sys_oper_log` VALUES (1912424523278393345, '物料', 1, 'com.ruoyi.wms.controller.ItemController.add()', 'POST', 1, 'admin', '研发部门', '/wms/item', '0:0:0:0:0:0:0:1', '内网IP', '{\"createBy\":null,\"createTime\":null,\"updateBy\":null,\"updateTime\":null,\"id\":null,\"ids\":null,\"itemCode\":\"1\",\"itemName\":\"测试1\",\"itemCategory\":\"1828364988754595841\",\"unit\":\"1\",\"itemBrand\":\"1911764903073415169\",\"remark\":null,\"sku\":[{\"createBy\":null,\"createTime\":null,\"updateBy\":null,\"updateTime\":null,\"id\":null,\"skuName\":\"11\",\"itemId\":null,\"barcode\":\"\",\"skuCode\":\"1\",\"length\":\"1\",\"width\":\"1\",\"height\":\"1\",\"grossWeight\":\"1\",\"netWeight\":\"1\",\"costPrice\":\"1\",\"sellingPrice\":\"1\",\"itemName\":null,\"itemCode\":null,\"itemCategory\":null,\"itemBrand\":null}]}', '', 0, '商品名称重复', '2025-04-16 16:35:12');
INSERT INTO `sys_oper_log` VALUES (1912424609597169666, '物料', 1, 'com.ruoyi.wms.controller.ItemController.add()', 'POST', 1, 'admin', '研发部门', '/wms/item', '0:0:0:0:0:0:0:1', '内网IP', '{\"createBy\":null,\"createTime\":null,\"updateBy\":null,\"updateTime\":null,\"id\":null,\"ids\":null,\"itemCode\":\"100\",\"itemName\":\"商品\",\"itemCategory\":\"1828364988754595841\",\"unit\":\"1\",\"itemBrand\":\"1911764903073415169\",\"remark\":null,\"sku\":[{\"createBy\":null,\"createTime\":null,\"updateBy\":null,\"updateTime\":null,\"id\":null,\"skuName\":\"1\",\"itemId\":\"1912424609043521538\",\"barcode\":\"\",\"skuCode\":\"1\",\"length\":\"1\",\"width\":\"1\",\"height\":\"1\",\"grossWeight\":\"1\",\"netWeight\":\"1\",\"costPrice\":\"1\",\"sellingPrice\":\"1\",\"itemName\":null,\"itemCode\":null,\"itemCategory\":null,\"itemBrand\":null}]}', '{\"code\":200,\"msg\":\"操作成功\",\"data\":null}', 1, '', '2025-04-16 16:35:33');
INSERT INTO `sys_oper_log` VALUES (1912424655872925697, 'sku信息', 2, 'com.ruoyi.wms.controller.ItemSkuController.edit()', 'PUT', 1, 'admin', '研发部门', '/wms/itemSku', '0:0:0:0:0:0:0:1', '内网IP', '{\"createBy\":null,\"createTime\":null,\"updateBy\":null,\"updateTime\":null,\"id\":\"1912424609257431042\",\"skuName\":\"1\",\"itemId\":\"1912424609043521538\",\"barcode\":\"222\",\"skuCode\":\"1\",\"length\":\"1.0\",\"width\":\"1.0\",\"height\":\"1.0\",\"grossWeight\":\"1.000\",\"netWeight\":\"1.000\",\"costPrice\":\"1.00\",\"sellingPrice\":\"1.00\",\"itemName\":null,\"itemCode\":null,\"itemCategory\":null,\"itemBrand\":null}', '{\"code\":200,\"msg\":\"操作成功\",\"data\":null}', 1, '', '2025-04-16 16:35:44');
INSERT INTO `sys_oper_log` VALUES (1912424656720175105, '物料', 2, 'com.ruoyi.wms.controller.ItemController.edit()', 'PUT', 1, 'admin', '研发部门', '/wms/item', '0:0:0:0:0:0:0:1', '内网IP', '{\"createBy\":null,\"createTime\":null,\"updateBy\":null,\"updateTime\":null,\"id\":\"1912424609043521538\",\"ids\":null,\"itemCode\":\"100\",\"itemName\":\"商品\",\"itemCategory\":\"1828364988754595841\",\"unit\":\"1\",\"itemBrand\":\"1911764903073415169\",\"remark\":null,\"sku\":[{\"createBy\":null,\"createTime\":null,\"updateBy\":null,\"updateTime\":null,\"id\":\"1912424609257431042\",\"skuName\":\"1\",\"itemId\":\"1912424609043521538\",\"barcode\":\"222\",\"skuCode\":\"1\",\"length\":\"1.0\",\"width\":\"1.0\",\"height\":\"1.0\",\"grossWeight\":\"1.000\",\"netWeight\":\"1.000\",\"costPrice\":\"1.00\",\"sellingPrice\":\"1.00\",\"itemName\":null,\"itemCode\":null,\"itemCategory\":null,\"itemBrand\":null}]}', '{\"code\":200,\"msg\":\"操作成功\",\"data\":null}', 1, '', '2025-04-16 16:35:44');
INSERT INTO `sys_oper_log` VALUES (1912424673723883521, '物料', 3, 'com.ruoyi.wms.controller.ItemController.remove()', 'DELETE', 1, 'admin', '研发部门', '/wms/item/1912423911807590401', '0:0:0:0:0:0:0:1', '内网IP', '{}', '{\"code\":200,\"msg\":\"操作成功\",\"data\":null}', 1, '', '2025-04-16 16:35:48');
INSERT INTO `sys_oper_log` VALUES (1912424809598361602, '物料', 1, 'com.ruoyi.wms.controller.ItemController.add()', 'POST', 1, 'admin', '研发部门', '/wms/item', '0:0:0:0:0:0:0:1', '内网IP', '{\"createBy\":null,\"createTime\":null,\"updateBy\":null,\"updateTime\":null,\"id\":null,\"ids\":null,\"itemCode\":\"1230\",\"itemName\":\"220\",\"itemCategory\":\"1828364988754595841\",\"unit\":\"1\",\"itemBrand\":\"1911764903073415169\",\"remark\":null,\"sku\":[{\"createBy\":null,\"createTime\":null,\"updateBy\":null,\"updateTime\":null,\"id\":null,\"skuName\":\"1\",\"itemId\":null,\"barcode\":\"1\",\"skuCode\":\"1\",\"length\":\"1\",\"width\":\"1\",\"height\":\"1\",\"grossWeight\":\"1\",\"netWeight\":\"1\",\"costPrice\":\"1\",\"sellingPrice\":\"1\",\"itemName\":null,\"itemCode\":null,\"itemCategory\":null,\"itemBrand\":null}]}', '{\"code\":200,\"msg\":\"操作成功\",\"data\":null}', 1, '', '2025-04-16 16:36:20');
INSERT INTO `sys_oper_log` VALUES (1912426512963936258, '物料', 1, 'com.ruoyi.wms.controller.ItemController.add()', 'POST', 1, 'admin', '研发部门', '/wms/item', '0:0:0:0:0:0:0:1', '内网IP', '{\"createBy\":null,\"createTime\":null,\"updateBy\":null,\"updateTime\":null,\"id\":null,\"ids\":null,\"itemCode\":\"1\",\"itemName\":\"测试1\",\"itemCategory\":\"1828364988754595841\",\"unit\":\"1\",\"itemBrand\":\"1911764903073415169\",\"remark\":null,\"sku\":[{\"createBy\":null,\"createTime\":null,\"updateBy\":null,\"updateTime\":null,\"id\":null,\"skuName\":\"1\",\"itemId\":null,\"barcode\":\"1\",\"skuCode\":\"1\",\"length\":null,\"width\":null,\"height\":null,\"grossWeight\":null,\"netWeight\":null,\"costPrice\":null,\"sellingPrice\":null,\"itemName\":null,\"itemCode\":null,\"itemCategory\":null,\"itemBrand\":null}]}', '{\"code\":200,\"msg\":\"操作成功\",\"data\":null}', 1, '', '2025-04-16 16:43:07');
INSERT INTO `sys_oper_log` VALUES (1912426690533990402, '物料类型', 3, 'com.ruoyi.wms.controller.ItemCategoryController.remove()', 'DELETE', 1, 'admin', '研发部门', '/wms/itemCategory/1911101053244334082', '0:0:0:0:0:0:0:1', '内网IP', '{}', '{\"code\":200,\"msg\":\"操作成功\",\"data\":null}', 1, '', '2025-04-16 16:43:49');
INSERT INTO `sys_oper_log` VALUES (1912426716886802434, '物料类型', 3, 'com.ruoyi.wms.controller.ItemCategoryController.remove()', 'DELETE', 1, 'admin', '研发部门', '/wms/itemCategory/1908923840719130626', '0:0:0:0:0:0:0:1', '内网IP', '{}', '{\"code\":200,\"msg\":\"操作成功\",\"data\":null}', 1, '', '2025-04-16 16:43:55');
INSERT INTO `sys_oper_log` VALUES (1912426731986296834, '物料类型', 3, 'com.ruoyi.wms.controller.ItemCategoryController.remove()', 'DELETE', 1, 'admin', '研发部门', '/wms/itemCategory/1910609219019661313', '0:0:0:0:0:0:0:1', '内网IP', '{}', '{\"code\":200,\"msg\":\"操作成功\",\"data\":null}', 1, '', '2025-04-16 16:43:59');
INSERT INTO `sys_oper_log` VALUES (1912426756246151169, '物料', 3, 'com.ruoyi.wms.controller.ItemController.remove()', 'DELETE', 1, 'admin', '研发部门', '/wms/item/1912424609043521538', '0:0:0:0:0:0:0:1', '内网IP', '{}', '{\"code\":200,\"msg\":\"操作成功\",\"data\":null}', 1, '', '2025-04-16 16:44:05');
INSERT INTO `sys_oper_log` VALUES (1912426885644623874, '物料类型', 3, 'com.ruoyi.wms.controller.ItemCategoryController.remove()', 'DELETE', 1, 'admin', '研发部门', '/wms/itemCategory/1911422563024633857', '0:0:0:0:0:0:0:1', '内网IP', '{}', '{\"code\":200,\"msg\":\"操作成功\",\"data\":null}', 1, '', '2025-04-16 16:44:35');
INSERT INTO `sys_oper_log` VALUES (1912427024945848322, '商品品牌', 1, 'com.ruoyi.wms.controller.ItemBrandController.add()', 'POST', 1, 'admin', '研发部门', '/wms/itemBrand', '0:0:0:0:0:0:0:1', '内网IP', '{\"createBy\":null,\"createTime\":null,\"updateBy\":null,\"updateTime\":null,\"id\":null,\"brandName\":\"我的\"}', '{\"code\":200,\"msg\":\"操作成功\",\"data\":null}', 1, '', '2025-04-16 16:45:09');
INSERT INTO `sys_oper_log` VALUES (1912427047880302593, '商品品牌', 2, 'com.ruoyi.wms.controller.ItemBrandController.edit()', 'PUT', 1, 'admin', '研发部门', '/wms/itemBrand', '0:0:0:0:0:0:0:1', '内网IP', '{\"createBy\":null,\"createTime\":null,\"updateBy\":null,\"updateTime\":null,\"id\":\"1912427024677412865\",\"brandName\":\"我的存在\"}', '{\"code\":200,\"msg\":\"操作成功\",\"data\":null}', 1, '', '2025-04-16 16:45:14');
INSERT INTO `sys_oper_log` VALUES (1912427065206972418, '商品品牌', 3, 'com.ruoyi.wms.controller.ItemBrandController.remove()', 'DELETE', 1, 'admin', '研发部门', '/wms/itemBrand/1912427024677412865', '0:0:0:0:0:0:0:1', '内网IP', '{}', '{\"code\":200,\"msg\":\"操作成功\",\"data\":null}', 1, '', '2025-04-16 16:45:18');
INSERT INTO `sys_oper_log` VALUES (1912427223256735745, '用户管理', 3, 'com.ruoyi.system.controller.system.SysUserController.remove()', 'DELETE', 1, 'admin', '研发部门', '/system/user/1911068417427824641', '0:0:0:0:0:0:0:1', '内网IP', '{}', '{\"code\":200,\"msg\":\"操作成功\",\"data\":null}', 1, '', '2025-04-16 16:45:56');
INSERT INTO `sys_oper_log` VALUES (1912427238167486466, '用户管理', 3, 'com.ruoyi.system.controller.system.SysUserController.remove()', 'DELETE', 1, 'admin', '研发部门', '/system/user/1911068015072436226', '0:0:0:0:0:0:0:1', '内网IP', '{}', '{\"code\":200,\"msg\":\"操作成功\",\"data\":null}', 1, '', '2025-04-16 16:45:59');
INSERT INTO `sys_oper_log` VALUES (1912427359575810049, '用户管理', 1, 'com.ruoyi.system.controller.system.SysUserController.add()', 'POST', 1, 'admin', '研发部门', '/system/user', '0:0:0:0:0:0:0:1', '内网IP', '{\"createBy\":null,\"createTime\":null,\"updateBy\":null,\"updateTime\":null,\"userId\":null,\"deptId\":103,\"userName\":\"root\",\"nickName\":\"root\",\"userType\":null,\"email\":\"\",\"phonenumber\":\"188888\",\"sex\":\"0\",\"avatar\":null,\"status\":\"0\",\"delFlag\":null,\"loginIp\":null,\"loginDate\":null,\"remark\":null,\"dept\":null,\"roles\":null,\"roleIds\":[1],\"postIds\":[4],\"roleId\":null,\"admin\":false}', '{\"code\":500,\"msg\":\"新增用户\'root\'失败，登录账号已存在\",\"data\":null}', 1, '', '2025-04-16 16:46:28');
INSERT INTO `sys_oper_log` VALUES (1912429262963548162, '用户管理', 2, 'com.ruoyi.system.controller.system.SysUserController.changeStatus()', 'PUT', 1, 'admin', '研发部门', '/system/user/changeStatus', '0:0:0:0:0:0:0:1', '内网IP', '{\"createBy\":null,\"createTime\":null,\"updateBy\":null,\"updateTime\":null,\"userId\":\"1911067062600523777\",\"deptId\":null,\"userName\":null,\"nickName\":null,\"userType\":null,\"email\":null,\"phonenumber\":null,\"sex\":null,\"avatar\":null,\"status\":\"1\",\"delFlag\":null,\"loginIp\":null,\"loginDate\":null,\"remark\":null,\"dept\":null,\"roles\":null,\"roleIds\":null,\"postIds\":null,\"roleId\":null,\"admin\":false}', '{\"code\":200,\"msg\":\"操作成功\",\"data\":null}', 1, '', '2025-04-16 16:54:02');
INSERT INTO `sys_oper_log` VALUES (1912429279145172993, '用户管理', 2, 'com.ruoyi.system.controller.system.SysUserController.changeStatus()', 'PUT', 1, 'admin', '研发部门', '/system/user/changeStatus', '0:0:0:0:0:0:0:1', '内网IP', '{\"createBy\":null,\"createTime\":null,\"updateBy\":null,\"updateTime\":null,\"userId\":\"1829105396288688129\",\"deptId\":null,\"userName\":null,\"nickName\":null,\"userType\":null,\"email\":null,\"phonenumber\":null,\"sex\":null,\"avatar\":null,\"status\":\"0\",\"delFlag\":null,\"loginIp\":null,\"loginDate\":null,\"remark\":null,\"dept\":null,\"roles\":null,\"roleIds\":null,\"postIds\":null,\"roleId\":null,\"admin\":false}', '{\"code\":200,\"msg\":\"操作成功\",\"data\":null}', 1, '', '2025-04-16 16:54:06');
INSERT INTO `sys_oper_log` VALUES (1912429610851704833, '用户管理', 3, 'com.ruoyi.system.controller.system.SysUserController.remove()', 'DELETE', 1, 'admin', '研发部门', '/system/user/1911067062600523777', '0:0:0:0:0:0:0:1', '内网IP', '{}', '{\"code\":200,\"msg\":\"操作成功\",\"data\":null}', 1, '', '2025-04-16 16:55:25');
INSERT INTO `sys_oper_log` VALUES (1912429707324891138, '用户管理', 2, 'com.ruoyi.system.controller.system.SysUserController.changeStatus()', 'PUT', 1, 'admin', '研发部门', '/system/user/changeStatus', '0:0:0:0:0:0:0:1', '内网IP', '{\"createBy\":null,\"createTime\":null,\"updateBy\":null,\"updateTime\":null,\"userId\":\"1907425026682331137\",\"deptId\":null,\"userName\":null,\"nickName\":null,\"userType\":null,\"email\":null,\"phonenumber\":null,\"sex\":null,\"avatar\":null,\"status\":\"1\",\"delFlag\":null,\"loginIp\":null,\"loginDate\":null,\"remark\":null,\"dept\":null,\"roles\":null,\"roleIds\":null,\"postIds\":null,\"roleId\":null,\"admin\":false}', '{\"code\":200,\"msg\":\"操作成功\",\"data\":null}', 1, '', '2025-04-16 16:55:48');
INSERT INTO `sys_oper_log` VALUES (1912430021239185410, '用户管理', 3, 'com.ruoyi.system.controller.system.SysUserController.remove()', 'DELETE', 1, 'admin', '研发部门', '/system/user/1911067342352211969', '0:0:0:0:0:0:0:1', '内网IP', '{}', '{\"code\":200,\"msg\":\"操作成功\",\"data\":null}', 1, '', '2025-04-16 16:57:03');
INSERT INTO `sys_oper_log` VALUES (1912430440493424641, '用户管理', 1, 'com.ruoyi.system.controller.system.SysUserController.add()', 'POST', 1, 'admin', '研发部门', '/system/user', '0:0:0:0:0:0:0:1', '内网IP', '{\"createBy\":null,\"createTime\":null,\"updateBy\":null,\"updateTime\":null,\"userId\":\"1912430439906222081\",\"deptId\":100,\"userName\":\"www\",\"nickName\":\"呜呜呜\",\"userType\":null,\"email\":\"\",\"phonenumber\":\"15555555555\",\"sex\":\"0\",\"avatar\":null,\"status\":\"1\",\"delFlag\":null,\"loginIp\":null,\"loginDate\":null,\"remark\":\"1\",\"dept\":null,\"roles\":null,\"roleIds\":[\"1829105952432427010\"],\"postIds\":[4],\"roleId\":null,\"admin\":false}', '{\"code\":200,\"msg\":\"操作成功\",\"data\":null}', 1, '', '2025-04-16 16:58:43');
INSERT INTO `sys_oper_log` VALUES (1912430544059179010, '用户管理', 2, 'com.ruoyi.system.controller.system.SysUserController.changeStatus()', 'PUT', 1, 'admin', '研发部门', '/system/user/changeStatus', '0:0:0:0:0:0:0:1', '内网IP', '{\"createBy\":null,\"createTime\":null,\"updateBy\":null,\"updateTime\":null,\"userId\":\"1912430439906222081\",\"deptId\":null,\"userName\":null,\"nickName\":null,\"userType\":null,\"email\":null,\"phonenumber\":null,\"sex\":null,\"avatar\":null,\"status\":\"0\",\"delFlag\":null,\"loginIp\":null,\"loginDate\":null,\"remark\":null,\"dept\":null,\"roles\":null,\"roleIds\":null,\"postIds\":null,\"roleId\":null,\"admin\":false}', '{\"code\":200,\"msg\":\"操作成功\",\"data\":null}', 1, '', '2025-04-16 16:59:08');
INSERT INTO `sys_oper_log` VALUES (1912430597217787905, '用户管理', 2, 'com.ruoyi.system.controller.system.SysUserController.changeStatus()', 'PUT', 1, 'admin', '研发部门', '/system/user/changeStatus', '0:0:0:0:0:0:0:1', '内网IP', '{\"createBy\":null,\"createTime\":null,\"updateBy\":null,\"updateTime\":null,\"userId\":\"1912430439906222081\",\"deptId\":null,\"userName\":null,\"nickName\":null,\"userType\":null,\"email\":null,\"phonenumber\":null,\"sex\":null,\"avatar\":null,\"status\":\"1\",\"delFlag\":null,\"loginIp\":null,\"loginDate\":null,\"remark\":null,\"dept\":null,\"roles\":null,\"roleIds\":null,\"postIds\":null,\"roleId\":null,\"admin\":false}', '{\"code\":200,\"msg\":\"操作成功\",\"data\":null}', 1, '', '2025-04-16 16:59:20');
INSERT INTO `sys_oper_log` VALUES (1912430795176353793, '用户管理', 1, 'com.ruoyi.system.controller.system.SysUserController.add()', 'POST', 1, 'admin', '研发部门', '/system/user', '0:0:0:0:0:0:0:1', '内网IP', '{\"createBy\":null,\"createTime\":null,\"updateBy\":null,\"updateTime\":null,\"userId\":\"1912430794593345537\",\"deptId\":100,\"userName\":\"123\",\"nickName\":\"呜呜呜\",\"userType\":null,\"email\":\"\",\"phonenumber\":\"17777777777\",\"sex\":\"0\",\"avatar\":null,\"status\":\"1\",\"delFlag\":null,\"loginIp\":null,\"loginDate\":null,\"remark\":\"2\",\"dept\":null,\"roles\":null,\"roleIds\":[\"1829105952432427010\"],\"postIds\":[1],\"roleId\":null,\"admin\":false}', '{\"code\":200,\"msg\":\"操作成功\",\"data\":null}', 1, '', '2025-04-16 17:00:07');
INSERT INTO `sys_oper_log` VALUES (1912433685232164866, '用户管理', 1, 'com.ruoyi.system.controller.system.SysUserController.add()', 'POST', 1, 'admin', '研发部门', '/system/user', '0:0:0:0:0:0:0:1', '内网IP', '{\"createBy\":null,\"createTime\":null,\"updateBy\":null,\"updateTime\":null,\"userId\":\"1912433684607213569\",\"deptId\":100,\"userName\":\"root\",\"nickName\":\"问问我\",\"userType\":null,\"email\":null,\"phonenumber\":\"18776700578\",\"sex\":\"0\",\"avatar\":null,\"status\":\"0\",\"delFlag\":null,\"loginIp\":null,\"loginDate\":null,\"remark\":null,\"dept\":null,\"roles\":null,\"roleIds\":[1],\"postIds\":[1],\"roleId\":null,\"admin\":false}', '{\"code\":200,\"msg\":\"操作成功\",\"data\":null}', 1, '', '2025-04-16 17:11:37');
INSERT INTO `sys_oper_log` VALUES (1912434727718035457, '用户管理', 1, 'com.ruoyi.system.controller.system.SysUserController.add()', 'POST', 1, 'admin', '研发部门', '/system/user', '0:0:0:0:0:0:0:1', '内网IP', '{\"createBy\":null,\"createTime\":null,\"updateBy\":null,\"updateTime\":null,\"userId\":null,\"deptId\":100,\"userName\":\"root\",\"nickName\":\"测试\",\"userType\":null,\"email\":\"123@qq.com\",\"phonenumber\":\"18776700875\",\"sex\":\"0\",\"avatar\":null,\"status\":\"1\",\"delFlag\":null,\"loginIp\":null,\"loginDate\":null,\"remark\":null,\"dept\":null,\"roles\":null,\"roleIds\":[1],\"postIds\":[1],\"roleId\":null,\"admin\":false}', '{\"code\":500,\"msg\":\"新增用户\'root\'失败，登录账号已存在\",\"data\":null}', 1, '', '2025-04-16 17:15:45');
INSERT INTO `sys_oper_log` VALUES (1912487071730180097, '用户管理', 3, 'com.ruoyi.system.controller.system.SysUserController.remove()', 'DELETE', 1, 'admin', '研发部门', '/system/user/1912433684607213569', '0:0:0:0:0:0:0:1', '内网IP', '{}', '{\"code\":200,\"msg\":\"操作成功\",\"data\":null}', 1, '', '2025-04-16 20:43:45');
INSERT INTO `sys_oper_log` VALUES (1912487083671363585, '用户管理', 3, 'com.ruoyi.system.controller.system.SysUserController.remove()', 'DELETE', 1, 'admin', '研发部门', '/system/user/1912430794593345537', '0:0:0:0:0:0:0:1', '内网IP', '{}', '{\"code\":200,\"msg\":\"操作成功\",\"data\":null}', 1, '', '2025-04-16 20:43:48');
INSERT INTO `sys_oper_log` VALUES (1912487099181899777, '用户管理', 3, 'com.ruoyi.system.controller.system.SysUserController.remove()', 'DELETE', 1, 'admin', '研发部门', '/system/user/1912430439906222081', '0:0:0:0:0:0:0:1', '内网IP', '{}', '{\"code\":200,\"msg\":\"操作成功\",\"data\":null}', 1, '', '2025-04-16 20:43:51');
INSERT INTO `sys_oper_log` VALUES (1912487117276127234, '用户管理', 3, 'com.ruoyi.system.controller.system.SysUserController.remove()', 'DELETE', 1, 'admin', '研发部门', '/system/user/1907425026682331137', '0:0:0:0:0:0:0:1', '内网IP', '{}', '{\"code\":200,\"msg\":\"操作成功\",\"data\":null}', 1, '', '2025-04-16 20:43:56');
INSERT INTO `sys_oper_log` VALUES (1912487500832645122, '往来单位', 2, 'com.ruoyi.wms.controller.MerchantController.edit()', 'PUT', 1, 'admin', '研发部门', '/wms/merchant', '0:0:0:0:0:0:0:1', '内网IP', '{\"createBy\":null,\"createTime\":null,\"updateBy\":null,\"updateTime\":null,\"id\":\"1828354016258199554\",\"merchantCode\":\"cs_0001\",\"merchantName\":\"南宁江南区某有限公司\",\"merchantType\":1,\"merchantLevel\":null,\"bankName\":null,\"bankAccount\":null,\"address\":null,\"mobile\":null,\"tel\":null,\"contactPerson\":null,\"email\":null,\"remark\":null}', '{\"code\":200,\"msg\":\"操作成功\",\"data\":null}', 1, '', '2025-04-16 20:45:27');
INSERT INTO `sys_oper_log` VALUES (1912487611906203649, '往来单位', 2, 'com.ruoyi.wms.controller.MerchantController.edit()', 'PUT', 1, 'admin', '研发部门', '/wms/merchant', '0:0:0:0:0:0:0:1', '内网IP', '{\"createBy\":null,\"createTime\":null,\"updateBy\":null,\"updateTime\":null,\"id\":\"1828354153193836545\",\"merchantCode\":\"cs_0002\",\"merchantName\":\"南宁青秀区某有限公司\",\"merchantType\":2,\"merchantLevel\":null,\"bankName\":null,\"bankAccount\":null,\"address\":null,\"mobile\":null,\"tel\":null,\"contactPerson\":null,\"email\":null,\"remark\":null}', '{\"code\":200,\"msg\":\"操作成功\",\"data\":null}', 1, '', '2025-04-16 20:45:54');
INSERT INTO `sys_oper_log` VALUES (1912487710107443202, '往来单位', 2, 'com.ruoyi.wms.controller.MerchantController.edit()', 'PUT', 1, 'admin', '研发部门', '/wms/merchant', '0:0:0:0:0:0:0:1', '内网IP', '{\"createBy\":null,\"createTime\":null,\"updateBy\":null,\"updateTime\":null,\"id\":\"1828354284882399233\",\"merchantCode\":\"cs_0003\",\"merchantName\":\"南宁西乡塘区某有限公司\",\"merchantType\":1,\"merchantLevel\":null,\"bankName\":null,\"bankAccount\":null,\"address\":null,\"mobile\":null,\"tel\":null,\"contactPerson\":null,\"email\":null,\"remark\":null}', '{\"code\":200,\"msg\":\"操作成功\",\"data\":null}', 1, '', '2025-04-16 20:46:17');
INSERT INTO `sys_oper_log` VALUES (1912487836939001857, '往来单位', 1, 'com.ruoyi.wms.controller.MerchantController.add()', 'POST', 1, 'admin', '研发部门', '/wms/merchant', '0:0:0:0:0:0:0:1', '内网IP', '{\"createBy\":null,\"createTime\":null,\"updateBy\":null,\"updateTime\":null,\"id\":null,\"merchantCode\":\"cs_0004\",\"merchantName\":\"南宁良庆区某有限公司\",\"merchantType\":3,\"merchantLevel\":null,\"bankName\":null,\"bankAccount\":null,\"address\":null,\"mobile\":null,\"tel\":null,\"contactPerson\":null,\"email\":null,\"remark\":null}', '{\"code\":200,\"msg\":\"操作成功\",\"data\":null}', 1, '', '2025-04-16 20:46:47');
INSERT INTO `sys_oper_log` VALUES (1912487931117903874, '仓库', 2, 'com.ruoyi.wms.controller.WarehouseController.edit()', 'PUT', 1, 'admin', '研发部门', '/wms/warehouse', '0:0:0:0:0:0:0:1', '内网IP', '{\"createBy\":null,\"createTime\":null,\"updateBy\":null,\"updateTime\":null,\"id\":\"1828364459110469633\",\"warehouseCode\":null,\"warehouseName\":\"江南区\",\"remark\":null,\"orderNum\":0}', '{\"code\":200,\"msg\":\"操作成功\",\"data\":null}', 1, '', '2025-04-16 20:47:10');
INSERT INTO `sys_oper_log` VALUES (1912487984955990017, '仓库', 2, 'com.ruoyi.wms.controller.WarehouseController.edit()', 'PUT', 1, 'admin', '研发部门', '/wms/warehouse', '0:0:0:0:0:0:0:1', '内网IP', '{\"createBy\":null,\"createTime\":null,\"updateBy\":null,\"updateTime\":null,\"id\":\"1828364609002311682\",\"warehouseCode\":null,\"warehouseName\":\"青秀区\",\"remark\":null,\"orderNum\":1}', '{\"code\":200,\"msg\":\"操作成功\",\"data\":null}', 1, '', '2025-04-16 20:47:23');
INSERT INTO `sys_oper_log` VALUES (1912488111825297409, '仓库', 2, 'com.ruoyi.wms.controller.WarehouseController.edit()', 'PUT', 1, 'admin', '研发部门', '/wms/warehouse', '0:0:0:0:0:0:0:1', '内网IP', '{\"createBy\":null,\"createTime\":null,\"updateBy\":null,\"updateTime\":null,\"id\":\"1828364740028174337\",\"warehouseCode\":null,\"warehouseName\":\"南宁总仓\",\"remark\":null,\"orderNum\":2}', '{\"code\":200,\"msg\":\"操作成功\",\"data\":null}', 1, '', '2025-04-16 20:47:53');
INSERT INTO `sys_oper_log` VALUES (1912488176329498625, '仓库', 2, 'com.ruoyi.wms.controller.WarehouseController.edit()', 'PUT', 1, 'admin', '研发部门', '/wms/warehouse', '0:0:0:0:0:0:0:1', '内网IP', '{\"createBy\":null,\"createTime\":null,\"updateBy\":null,\"updateTime\":null,\"id\":\"1828364459110469633\",\"warehouseCode\":null,\"warehouseName\":\"江南区分部仓库\",\"remark\":null,\"orderNum\":0}', '{\"code\":200,\"msg\":\"操作成功\",\"data\":null}', 1, '', '2025-04-16 20:48:08');
INSERT INTO `sys_oper_log` VALUES (1912488222919827457, '仓库', 2, 'com.ruoyi.wms.controller.WarehouseController.edit()', 'PUT', 1, 'admin', '研发部门', '/wms/warehouse', '0:0:0:0:0:0:0:1', '内网IP', '{\"createBy\":null,\"createTime\":null,\"updateBy\":null,\"updateTime\":null,\"id\":\"1828364609002311682\",\"warehouseCode\":null,\"warehouseName\":\"青秀区分部仓库\",\"remark\":null,\"orderNum\":1}', '{\"code\":200,\"msg\":\"操作成功\",\"data\":null}', 1, '', '2025-04-16 20:48:19');
INSERT INTO `sys_oper_log` VALUES (1912488342331662338, '库区', 2, 'com.ruoyi.wms.controller.AreaController.edit()', 'PUT', 1, 'admin', '研发部门', '/wms/area', '0:0:0:0:0:0:0:1', '内网IP', '{\"createBy\":null,\"createTime\":null,\"updateBy\":null,\"updateTime\":null,\"id\":\"1828364518342430721\",\"areaCode\":null,\"areaName\":\"亭洪冷冻库\",\"warehouseId\":\"1828364459110469633\",\"remark\":null}', '{\"code\":200,\"msg\":\"操作成功\",\"data\":null}', 1, '', '2025-04-16 20:48:48');
INSERT INTO `sys_oper_log` VALUES (1912488464876642306, '库区', 2, 'com.ruoyi.wms.controller.AreaController.edit()', 'PUT', 1, 'admin', '研发部门', '/wms/area', '0:0:0:0:0:0:0:1', '内网IP', '{\"createBy\":null,\"createTime\":null,\"updateBy\":null,\"updateTime\":null,\"id\":\"1828364560503574530\",\"areaCode\":null,\"areaName\":\"吴圩冷冻库\",\"warehouseId\":\"1828364459110469633\",\"remark\":null}', '{\"code\":200,\"msg\":\"操作成功\",\"data\":null}', 1, '', '2025-04-16 20:49:17');
INSERT INTO `sys_oper_log` VALUES (1912488805160525825, '库区', 2, 'com.ruoyi.wms.controller.AreaController.edit()', 'PUT', 1, 'admin', '研发部门', '/wms/area', '0:0:0:0:0:0:0:1', '内网IP', '{\"createBy\":null,\"createTime\":null,\"updateBy\":null,\"updateTime\":null,\"id\":\"1828364666585911297\",\"areaCode\":null,\"areaName\":\"凤岭仓库\",\"warehouseId\":\"1828364609002311682\",\"remark\":null}', '{\"code\":200,\"msg\":\"操作成功\",\"data\":null}', 1, '', '2025-04-16 20:50:38');
INSERT INTO `sys_oper_log` VALUES (1912488957631864833, '库区', 2, 'com.ruoyi.wms.controller.AreaController.edit()', 'PUT', 1, 'admin', '研发部门', '/wms/area', '0:0:0:0:0:0:0:1', '内网IP', '{\"createBy\":null,\"createTime\":null,\"updateBy\":null,\"updateTime\":null,\"id\":\"1828364702635954177\",\"areaCode\":null,\"areaName\":\"琅东冷冻库\",\"warehouseId\":\"1828364609002311682\",\"remark\":null}', '{\"code\":200,\"msg\":\"操作成功\",\"data\":null}', 1, '', '2025-04-16 20:51:14');
INSERT INTO `sys_oper_log` VALUES (1912488994768232449, '库区', 2, 'com.ruoyi.wms.controller.AreaController.edit()', 'PUT', 1, 'admin', '研发部门', '/wms/area', '0:0:0:0:0:0:0:1', '内网IP', '{\"createBy\":null,\"createTime\":null,\"updateBy\":null,\"updateTime\":null,\"id\":\"1828364666585911297\",\"areaCode\":null,\"areaName\":\"凤岭储存库\",\"warehouseId\":\"1828364609002311682\",\"remark\":null}', '{\"code\":200,\"msg\":\"操作成功\",\"data\":null}', 1, '', '2025-04-16 20:51:23');
INSERT INTO `sys_oper_log` VALUES (1912489109595693057, '库区', 2, 'com.ruoyi.wms.controller.AreaController.edit()', 'PUT', 1, 'admin', '研发部门', '/wms/area', '0:0:0:0:0:0:0:1', '内网IP', '{\"createBy\":null,\"createTime\":null,\"updateBy\":null,\"updateTime\":null,\"id\":\"1829397566185992193\",\"areaCode\":null,\"areaName\":\"朝阳地区仓库\",\"warehouseId\":\"1828364740028174337\",\"remark\":null}', '{\"code\":200,\"msg\":\"操作成功\",\"data\":null}', 1, '', '2025-04-16 20:51:51');
INSERT INTO `sys_oper_log` VALUES (1912489230265819137, '库区', 2, 'com.ruoyi.wms.controller.AreaController.edit()', 'PUT', 1, 'admin', '研发部门', '/wms/area', '0:0:0:0:0:0:0:1', '内网IP', '{\"createBy\":null,\"createTime\":null,\"updateBy\":null,\"updateTime\":null,\"id\":\"1829397621378838530\",\"areaCode\":null,\"areaName\":\"虎邱地区仓库\",\"warehouseId\":\"1828364740028174337\",\"remark\":null}', '{\"code\":200,\"msg\":\"操作成功\",\"data\":null}', 1, '', '2025-04-16 20:52:19');
INSERT INTO `sys_oper_log` VALUES (1912489358804459522, '库区', 2, 'com.ruoyi.wms.controller.AreaController.edit()', 'PUT', 1, 'admin', '研发部门', '/wms/area', '0:0:0:0:0:0:0:1', '内网IP', '{\"createBy\":null,\"createTime\":null,\"updateBy\":null,\"updateTime\":null,\"id\":\"1829397661719654401\",\"areaCode\":null,\"areaName\":\"金桥地区冷冻库\",\"warehouseId\":\"1828364740028174337\",\"remark\":null}', '{\"code\":200,\"msg\":\"操作成功\",\"data\":null}', 1, '', '2025-04-16 20:52:50');
INSERT INTO `sys_oper_log` VALUES (1912489504158064641, '库区', 2, 'com.ruoyi.wms.controller.AreaController.edit()', 'PUT', 1, 'admin', '研发部门', '/wms/area', '0:0:0:0:0:0:0:1', '内网IP', '{\"createBy\":null,\"createTime\":null,\"updateBy\":null,\"updateTime\":null,\"id\":\"1829397707726974978\",\"areaCode\":null,\"areaName\":\"秀厢地区冷冻库\",\"warehouseId\":\"1828364740028174337\",\"remark\":null}', '{\"code\":200,\"msg\":\"操作成功\",\"data\":null}', 1, '', '2025-04-16 20:53:25');
INSERT INTO `sys_oper_log` VALUES (1912489609326043138, '库区', 2, 'com.ruoyi.wms.controller.AreaController.edit()', 'PUT', 1, 'admin', '研发部门', '/wms/area', '0:0:0:0:0:0:0:1', '内网IP', '{\"createBy\":null,\"createTime\":null,\"updateBy\":null,\"updateTime\":null,\"id\":\"1829397742493560833\",\"areaCode\":null,\"areaName\":\"相思湖地区仓库\",\"warehouseId\":\"1828364740028174337\",\"remark\":null}', '{\"code\":200,\"msg\":\"操作成功\",\"data\":null}', 1, '', '2025-04-16 20:53:50');
INSERT INTO `sys_oper_log` VALUES (1912489686178275329, '库区', 2, 'com.ruoyi.wms.controller.AreaController.edit()', 'PUT', 1, 'admin', '研发部门', '/wms/area', '0:0:0:0:0:0:0:1', '内网IP', '{\"createBy\":null,\"createTime\":null,\"updateBy\":null,\"updateTime\":null,\"id\":\"1828364560503574530\",\"areaCode\":null,\"areaName\":\"石柱岭冷冻库\",\"warehouseId\":\"1828364459110469633\",\"remark\":null}', '{\"code\":200,\"msg\":\"操作成功\",\"data\":null}', 1, '', '2025-04-16 20:54:08');
INSERT INTO `sys_oper_log` VALUES (1912490019411533826, '商品品牌', 3, 'com.ruoyi.wms.controller.ItemBrandController.remove()', 'DELETE', 1, 'admin', '研发部门', '/wms/itemBrand/1828364873889386498', '0:0:0:0:0:0:0:1', '内网IP', '{}', '', 0, '品牌已有业务关联，无法删除！', '2025-04-16 20:55:28');
INSERT INTO `sys_oper_log` VALUES (1912490121135988738, '物料', 2, 'com.ruoyi.wms.controller.ItemController.edit()', 'PUT', 1, 'admin', '研发部门', '/wms/item', '0:0:0:0:0:0:0:1', '内网IP', '{\"createBy\":null,\"createTime\":null,\"updateBy\":null,\"updateTime\":null,\"id\":\"1829399118040723457\",\"ids\":null,\"itemCode\":null,\"itemName\":\"沙田柚\",\"itemCategory\":\"1829397958923841538\",\"unit\":null,\"itemBrand\":null,\"remark\":null,\"sku\":[{\"createBy\":null,\"createTime\":null,\"updateBy\":null,\"updateTime\":null,\"id\":\"1829399118304964609\",\"skuName\":\"大\",\"itemId\":\"1829399118040723457\",\"barcode\":\"\",\"skuCode\":null,\"length\":null,\"width\":null,\"height\":null,\"grossWeight\":null,\"netWeight\":null,\"costPrice\":null,\"sellingPrice\":null,\"itemName\":null,\"itemCode\":null,\"itemCategory\":null,\"itemBrand\":null},{\"createBy\":null,\"createTime\":null,\"updateBy\":null,\"updateTime\":null,\"id\":\"1829399118304964610\",\"skuName\":\"中\",\"itemId\":\"1829399118040723457\",\"barcode\":\"\",\"skuCode\":null,\"length\":null,\"width\":null,\"height\":null,\"grossWeight\":null,\"netWeight\":null,\"costPrice\":null,\"sellingPrice\":null,\"itemName\":null,\"itemCode\":null,\"itemCategory\":null,\"itemBrand\":null}]}', '{\"code\":200,\"msg\":\"操作成功\",\"data\":null}', 1, '', '2025-04-16 20:55:52');
INSERT INTO `sys_oper_log` VALUES (1912490182817423362, '物料', 2, 'com.ruoyi.wms.controller.ItemController.edit()', 'PUT', 1, 'admin', '研发部门', '/wms/item', '0:0:0:0:0:0:0:1', '内网IP', '{\"createBy\":null,\"createTime\":null,\"updateBy\":null,\"updateTime\":null,\"id\":\"1829398492388978689\",\"ids\":null,\"itemCode\":null,\"itemName\":\"皮皮虾\",\"itemCategory\":\"1829398007993004034\",\"unit\":null,\"itemBrand\":null,\"remark\":null,\"sku\":[{\"createBy\":null,\"createTime\":null,\"updateBy\":null,\"updateTime\":null,\"id\":\"1829398492779048962\",\"skuName\":\"大\",\"itemId\":\"1829398492388978689\",\"barcode\":\"\",\"skuCode\":null,\"length\":null,\"width\":null,\"height\":null,\"grossWeight\":null,\"netWeight\":null,\"costPrice\":null,\"sellingPrice\":null,\"itemName\":null,\"itemCode\":null,\"itemCategory\":null,\"itemBrand\":null},{\"createBy\":null,\"createTime\":null,\"updateBy\":null,\"updateTime\":null,\"id\":\"1829398492779048963\",\"skuName\":\"中\",\"itemId\":\"1829398492388978689\",\"barcode\":\"\",\"skuCode\":null,\"length\":null,\"width\":null,\"height\":null,\"grossWeight\":null,\"netWeight\":null,\"costPrice\":null,\"sellingPrice\":null,\"itemName\":null,\"itemCode\":null,\"itemCategory\":null,\"itemBrand\":null}]}', '{\"code\":200,\"msg\":\"操作成功\",\"data\":null}', 1, '', '2025-04-16 20:56:07');
INSERT INTO `sys_oper_log` VALUES (1912490664680038402, '物料', 1, 'com.ruoyi.wms.controller.ItemController.add()', 'POST', 1, 'admin', '研发部门', '/wms/item', '0:0:0:0:0:0:0:1', '内网IP', '{\"createBy\":null,\"createTime\":null,\"updateBy\":null,\"updateTime\":null,\"id\":null,\"ids\":null,\"itemCode\":\"100\",\"itemName\":\"砂糖橘\",\"itemCategory\":\"1829397958923841538\",\"unit\":null,\"itemBrand\":\"1911764903073415169\",\"remark\":null,\"sku\":[{\"createBy\":null,\"createTime\":null,\"updateBy\":null,\"updateTime\":null,\"id\":null,\"skuName\":\"大\",\"itemId\":\"1912490663245586434\",\"barcode\":\"\",\"skuCode\":null,\"length\":null,\"width\":null,\"height\":null,\"grossWeight\":null,\"netWeight\":null,\"costPrice\":null,\"sellingPrice\":null,\"itemName\":null,\"itemCode\":null,\"itemCategory\":null,\"itemBrand\":null},{\"createBy\":null,\"createTime\":null,\"updateBy\":null,\"updateTime\":null,\"id\":null,\"skuName\":\"中\",\"itemId\":\"1912490663245586434\",\"barcode\":\"\",\"skuCode\":null,\"length\":null,\"width\":null,\"height\":null,\"grossWeight\":null,\"netWeight\":null,\"costPrice\":null,\"sellingPrice\":null,\"itemName\":null,\"itemCode\":null,\"itemCategory\":null,\"itemBrand\":null},{\"createBy\":null,\"createTime\":null,\"updateBy\":null,\"updateTime\":null,\"id\":null,\"skuName\":\"小\",\"itemId\":\"1912490663245586434\",\"barcode\":\"\",\"skuCode\":null,\"length\":null,\"width\":null,\"height\":null,\"grossWeight\":null,\"netWeight\":null,\"costPrice\":null,\"sellingPrice\":null,\"itemName\":null,\"itemCode\":null,\"itemCategory\":null,\"itemBrand\":null}]}', '{\"code\":200,\"msg\":\"操作成功\",\"data\":null}', 1, '', '2025-04-16 20:58:01');
INSERT INTO `sys_oper_log` VALUES (1912490749224624129, '物料', 3, 'com.ruoyi.wms.controller.ItemController.remove()', 'DELETE', 1, 'admin', '研发部门', '/wms/item/1912490663245586434', '0:0:0:0:0:0:0:1', '内网IP', '{}', '{\"code\":200,\"msg\":\"操作成功\",\"data\":null}', 1, '', '2025-04-16 20:58:22');
INSERT INTO `sys_oper_log` VALUES (1912490840035500033, '物料', 1, 'com.ruoyi.wms.controller.ItemController.add()', 'POST', 1, 'admin', '研发部门', '/wms/item', '0:0:0:0:0:0:0:1', '内网IP', '{\"createBy\":null,\"createTime\":null,\"updateBy\":null,\"updateTime\":null,\"id\":null,\"ids\":null,\"itemCode\":\"1\",\"itemName\":\"砂糖橘\",\"itemCategory\":\"1829397958923841538\",\"unit\":null,\"itemBrand\":null,\"remark\":null,\"sku\":[{\"createBy\":null,\"createTime\":null,\"updateBy\":null,\"updateTime\":null,\"id\":null,\"skuName\":\"大\",\"itemId\":\"1912490838865289217\",\"barcode\":\"\",\"skuCode\":null,\"length\":null,\"width\":null,\"height\":null,\"grossWeight\":null,\"netWeight\":null,\"costPrice\":null,\"sellingPrice\":null,\"itemName\":null,\"itemCode\":null,\"itemCategory\":null,\"itemBrand\":null},{\"createBy\":null,\"createTime\":null,\"updateBy\":null,\"updateTime\":null,\"id\":null,\"skuName\":\"中\",\"itemId\":\"1912490838865289217\",\"barcode\":\"\",\"skuCode\":null,\"length\":null,\"width\":null,\"height\":null,\"grossWeight\":null,\"netWeight\":null,\"costPrice\":null,\"sellingPrice\":null,\"itemName\":null,\"itemCode\":null,\"itemCategory\":null,\"itemBrand\":null}]}', '{\"code\":200,\"msg\":\"操作成功\",\"data\":null}', 1, '', '2025-04-16 20:58:43');
INSERT INTO `sys_oper_log` VALUES (1912490892757901314, '物料', 2, 'com.ruoyi.wms.controller.ItemController.edit()', 'PUT', 1, 'admin', '研发部门', '/wms/item', '0:0:0:0:0:0:0:1', '内网IP', '{\"createBy\":null,\"createTime\":null,\"updateBy\":null,\"updateTime\":null,\"id\":\"1912490838865289217\",\"ids\":null,\"itemCode\":\"\",\"itemName\":\"砂糖橘\",\"itemCategory\":\"1829397958923841538\",\"unit\":null,\"itemBrand\":null,\"remark\":null,\"sku\":[{\"createBy\":null,\"createTime\":null,\"updateBy\":null,\"updateTime\":null,\"id\":\"1912490839255359489\",\"skuName\":\"大\",\"itemId\":\"1912490838865289217\",\"barcode\":\"\",\"skuCode\":null,\"length\":null,\"width\":null,\"height\":null,\"grossWeight\":null,\"netWeight\":null,\"costPrice\":null,\"sellingPrice\":null,\"itemName\":null,\"itemCode\":null,\"itemCategory\":null,\"itemBrand\":null},{\"createBy\":null,\"createTime\":null,\"updateBy\":null,\"updateTime\":null,\"id\":\"1912490839255359490\",\"skuName\":\"中\",\"itemId\":\"1912490838865289217\",\"barcode\":\"\",\"skuCode\":null,\"length\":null,\"width\":null,\"height\":null,\"grossWeight\":null,\"netWeight\":null,\"costPrice\":null,\"sellingPrice\":null,\"itemName\":null,\"itemCode\":null,\"itemCategory\":null,\"itemBrand\":null}]}', '{\"code\":200,\"msg\":\"操作成功\",\"data\":null}', 1, '', '2025-04-16 20:58:56');
INSERT INTO `sys_oper_log` VALUES (1912490940380028930, '物料', 2, 'com.ruoyi.wms.controller.ItemController.edit()', 'PUT', 1, 'admin', '研发部门', '/wms/item', '0:0:0:0:0:0:0:1', '内网IP', '{\"createBy\":null,\"createTime\":null,\"updateBy\":null,\"updateTime\":null,\"id\":\"1829398701680553985\",\"ids\":null,\"itemCode\":null,\"itemName\":\"沃柑\",\"itemCategory\":\"1829397958923841538\",\"unit\":null,\"itemBrand\":null,\"remark\":null,\"sku\":[{\"createBy\":null,\"createTime\":null,\"updateBy\":null,\"updateTime\":null,\"id\":\"1829398702011904001\",\"skuName\":\"大\",\"itemId\":\"1829398701680553985\",\"barcode\":\"\",\"skuCode\":null,\"length\":\"10.0\",\"width\":\"10.0\",\"height\":\"10.0\",\"grossWeight\":null,\"netWeight\":null,\"costPrice\":null,\"sellingPrice\":null,\"itemName\":null,\"itemCode\":null,\"itemCategory\":null,\"itemBrand\":null},{\"createBy\":null,\"createTime\":null,\"updateBy\":null,\"updateTime\":null,\"id\":\"1829398702011904002\",\"skuName\":\"中\",\"itemId\":\"1829398701680553985\",\"barcode\":\"\",\"skuCode\":null,\"length\":\"5\",\"width\":\"5\",\"height\":\"5\",\"grossWeight\":null,\"netWeight\":null,\"costPrice\":null,\"sellingPrice\":null,\"itemName\":null,\"itemCode\":null,\"itemCategory\":null,\"itemBrand\":null}]}', '{\"code\":200,\"msg\":\"操作成功\",\"data\":null}', 1, '', '2025-04-16 20:59:07');
INSERT INTO `sys_oper_log` VALUES (1912491088988413954, '物料', 2, 'com.ruoyi.wms.controller.ItemController.edit()', 'PUT', 1, 'admin', '研发部门', '/wms/item', '0:0:0:0:0:0:0:1', '内网IP', '{\"createBy\":null,\"createTime\":null,\"updateBy\":null,\"updateTime\":null,\"id\":\"1829398333580046338\",\"ids\":null,\"itemCode\":null,\"itemName\":\"钦州生蚝\",\"itemCategory\":\"1829398007993004034\",\"unit\":null,\"itemBrand\":null,\"remark\":null,\"sku\":[{\"createBy\":null,\"createTime\":null,\"updateBy\":null,\"updateTime\":null,\"id\":\"1829398333903007745\",\"skuName\":\"大\",\"itemId\":\"1829398333580046338\",\"barcode\":\"\",\"skuCode\":null,\"length\":null,\"width\":null,\"height\":null,\"grossWeight\":null,\"netWeight\":null,\"costPrice\":null,\"sellingPrice\":null,\"itemName\":null,\"itemCode\":null,\"itemCategory\":null,\"itemBrand\":null},{\"createBy\":null,\"createTime\":null,\"updateBy\":null,\"updateTime\":null,\"id\":\"1829398333903007746\",\"skuName\":\"中\",\"itemId\":\"1829398333580046338\",\"barcode\":\"\",\"skuCode\":null,\"length\":null,\"width\":null,\"height\":null,\"grossWeight\":null,\"netWeight\":null,\"costPrice\":null,\"sellingPrice\":null,\"itemName\":null,\"itemCode\":null,\"itemCategory\":null,\"itemBrand\":null}]}', '{\"code\":200,\"msg\":\"操作成功\",\"data\":null}', 1, '', '2025-04-16 20:59:43');
INSERT INTO `sys_oper_log` VALUES (1912491287680983042, '物料', 2, 'com.ruoyi.wms.controller.ItemController.edit()', 'PUT', 1, 'admin', '研发部门', '/wms/item', '0:0:0:0:0:0:0:1', '内网IP', '{\"createBy\":null,\"createTime\":null,\"updateBy\":null,\"updateTime\":null,\"id\":\"1829398192563351554\",\"ids\":null,\"itemCode\":null,\"itemName\":\"钦州青蟹\",\"itemCategory\":\"1829398007993004034\",\"unit\":null,\"itemBrand\":null,\"remark\":null,\"sku\":[{\"createBy\":null,\"createTime\":null,\"updateBy\":null,\"updateTime\":null,\"id\":\"1829398193024724993\",\"skuName\":\"大\",\"itemId\":\"1829398192563351554\",\"barcode\":\"\",\"skuCode\":null,\"length\":null,\"width\":null,\"height\":null,\"grossWeight\":null,\"netWeight\":null,\"costPrice\":null,\"sellingPrice\":null,\"itemName\":null,\"itemCode\":null,\"itemCategory\":null,\"itemBrand\":null},{\"createBy\":null,\"createTime\":null,\"updateBy\":null,\"updateTime\":null,\"id\":\"1829398193024724994\",\"skuName\":\"中\",\"itemId\":\"1829398192563351554\",\"barcode\":\"\",\"skuCode\":null,\"length\":null,\"width\":null,\"height\":null,\"grossWeight\":null,\"netWeight\":null,\"costPrice\":null,\"sellingPrice\":null,\"itemName\":null,\"itemCode\":null,\"itemCategory\":null,\"itemBrand\":null}]}', '{\"code\":200,\"msg\":\"操作成功\",\"data\":null}', 1, '', '2025-04-16 21:00:30');
INSERT INTO `sys_oper_log` VALUES (1912491347735027714, '物料', 2, 'com.ruoyi.wms.controller.ItemController.edit()', 'PUT', 1, 'admin', '研发部门', '/wms/item', '0:0:0:0:0:0:0:1', '内网IP', '{\"createBy\":null,\"createTime\":null,\"updateBy\":null,\"updateTime\":null,\"id\":\"1828402622516334594\",\"ids\":null,\"itemCode\":null,\"itemName\":\"华为 nova flip\",\"itemCategory\":\"1828364988754595841\",\"unit\":null,\"itemBrand\":\"1828364927610032129\",\"remark\":null,\"sku\":[{\"createBy\":null,\"createTime\":null,\"updateBy\":null,\"updateTime\":null,\"id\":\"1828402624005312514\",\"skuName\":\"黑\",\"itemId\":\"1828402622516334594\",\"barcode\":\"\",\"skuCode\":\"00001\",\"length\":null,\"width\":null,\"height\":null,\"grossWeight\":null,\"netWeight\":null,\"costPrice\":\"5000.00\",\"sellingPrice\":\"5288.00\",\"itemName\":null,\"itemCode\":null,\"itemCategory\":null,\"itemBrand\":null},{\"createBy\":null,\"createTime\":null,\"updateBy\":null,\"updateTime\":null,\"id\":\"1828402624005312515\",\"skuName\":\"白\",\"itemId\":\"1828402622516334594\",\"barcode\":\"\",\"skuCode\":\"00002\",\"length\":null,\"width\":null,\"height\":null,\"grossWeight\":null,\"netWeight\":null,\"costPrice\":\"5000\",\"sellingPrice\":\"5288\",\"itemName\":null,\"itemCode\":null,\"itemCategory\":null,\"itemBrand\":null},{\"createBy\":null,\"createTime\":null,\"updateBy\":null,\"updateTime\":null,\"id\":\"1828402624005312516\",\"skuName\":\"粉\",\"itemId\":\"1828402622516334594\",\"barcode\":\"\",\"skuCode\":\"00003\",\"length\":null,\"width\":null,\"height\":null,\"grossWeight\":null,\"netWeight\":null,\"costPrice\":\"5000\",\"sellingPrice\":\"5288\",\"itemName\":null,\"itemCode\":null,\"itemCategory\":null,\"itemBrand\":null}]}', '{\"code\":200,\"msg\":\"操作成功\",\"data\":null}', 1, '', '2025-04-16 21:00:44');
INSERT INTO `sys_oper_log` VALUES (1912491560826642434, '库区', 2, 'com.ruoyi.wms.controller.AreaController.edit()', 'PUT', 1, 'admin', '研发部门', '/wms/area', '0:0:0:0:0:0:0:1', '内网IP', '{\"createBy\":null,\"createTime\":null,\"updateBy\":null,\"updateTime\":null,\"id\":\"1828364518342430721\",\"areaCode\":null,\"areaName\":\"亭洪存储库\",\"warehouseId\":\"1828364459110469633\",\"remark\":null}', '{\"code\":200,\"msg\":\"操作成功\",\"data\":null}', 1, '', '2025-04-16 21:01:35');
INSERT INTO `sys_oper_log` VALUES (1912491592724324353, '库区', 2, 'com.ruoyi.wms.controller.AreaController.edit()', 'PUT', 1, 'admin', '研发部门', '/wms/area', '0:0:0:0:0:0:0:1', '内网IP', '{\"createBy\":null,\"createTime\":null,\"updateBy\":null,\"updateTime\":null,\"id\":\"1828364560503574530\",\"areaCode\":null,\"areaName\":\"石柱岭存储库\",\"warehouseId\":\"1828364459110469633\",\"remark\":null}', '{\"code\":200,\"msg\":\"操作成功\",\"data\":null}', 1, '', '2025-04-16 21:01:43');
INSERT INTO `sys_oper_log` VALUES (1912491642036756482, '库区', 2, 'com.ruoyi.wms.controller.AreaController.edit()', 'PUT', 1, 'admin', '研发部门', '/wms/area', '0:0:0:0:0:0:0:1', '内网IP', '{\"createBy\":null,\"createTime\":null,\"updateBy\":null,\"updateTime\":null,\"id\":\"1828364702635954177\",\"areaCode\":null,\"areaName\":\"琅东存储库\",\"warehouseId\":\"1828364609002311682\",\"remark\":null}', '{\"code\":200,\"msg\":\"操作成功\",\"data\":null}', 1, '', '2025-04-16 21:01:55');
INSERT INTO `sys_oper_log` VALUES (1912491719224532994, '库区', 2, 'com.ruoyi.wms.controller.AreaController.edit()', 'PUT', 1, 'admin', '研发部门', '/wms/area', '0:0:0:0:0:0:0:1', '内网IP', '{\"createBy\":null,\"createTime\":null,\"updateBy\":null,\"updateTime\":null,\"id\":\"1829397661719654401\",\"areaCode\":null,\"areaName\":\"金桥地区仓库库\",\"warehouseId\":\"1828364740028174337\",\"remark\":null}', '{\"code\":200,\"msg\":\"操作成功\",\"data\":null}', 1, '', '2025-04-16 21:02:13');
INSERT INTO `sys_oper_log` VALUES (1912491795753803777, '库区', 2, 'com.ruoyi.wms.controller.AreaController.edit()', 'PUT', 1, 'admin', '研发部门', '/wms/area', '0:0:0:0:0:0:0:1', '内网IP', '{\"createBy\":null,\"createTime\":null,\"updateBy\":null,\"updateTime\":null,\"id\":\"1829397707726974978\",\"areaCode\":null,\"areaName\":\"秀厢地区仓库\",\"warehouseId\":\"1828364740028174337\",\"remark\":null}', '{\"code\":200,\"msg\":\"操作成功\",\"data\":null}', 1, '', '2025-04-16 21:02:31');
INSERT INTO `sys_oper_log` VALUES (1912491821930455042, '库区', 2, 'com.ruoyi.wms.controller.AreaController.edit()', 'PUT', 1, 'admin', '研发部门', '/wms/area', '0:0:0:0:0:0:0:1', '内网IP', '{\"createBy\":null,\"createTime\":null,\"updateBy\":null,\"updateTime\":null,\"id\":\"1829397661719654401\",\"areaCode\":null,\"areaName\":\"金桥地区仓库\",\"warehouseId\":\"1828364740028174337\",\"remark\":null}', '{\"code\":200,\"msg\":\"操作成功\",\"data\":null}', 1, '', '2025-04-16 21:02:37');
INSERT INTO `sys_oper_log` VALUES (1912492211665182722, '部门管理', 2, 'com.ruoyi.system.controller.system.SysDeptController.edit()', 'PUT', 1, 'admin', '研发部门', '/system/dept', '0:0:0:0:0:0:0:1', '内网IP', '{\"createBy\":null,\"createTime\":\"2024-06-13 16:06:25\",\"updateBy\":null,\"updateTime\":null,\"deptId\":101,\"parentId\":100,\"deptName\":\"南宁总公司\",\"orderNum\":1,\"leader\":\"若依\",\"phone\":\"15888888888\",\"email\":\"ry@qq.com\",\"status\":\"1\"}', '', 0, 'EL1007E: Property or field \'deptId\' cannot be found on null', '2025-04-16 21:04:10');
INSERT INTO `sys_oper_log` VALUES (1912492256628121602, '部门管理', 2, 'com.ruoyi.system.controller.system.SysDeptController.edit()', 'PUT', 1, 'admin', '研发部门', '/system/dept', '0:0:0:0:0:0:0:1', '内网IP', '{\"createBy\":null,\"createTime\":\"2024-06-13 16:06:25\",\"updateBy\":null,\"updateTime\":null,\"deptId\":101,\"parentId\":100,\"deptName\":\"南宁总公司\",\"orderNum\":1,\"leader\":\"若依\",\"phone\":\"15888888888\",\"email\":\"ry@qq.com\",\"status\":\"1\"}', '', 0, 'EL1007E: Property or field \'deptId\' cannot be found on null', '2025-04-16 21:04:21');
INSERT INTO `sys_oper_log` VALUES (1912492258444255233, '部门管理', 2, 'com.ruoyi.system.controller.system.SysDeptController.edit()', 'PUT', 1, 'admin', '研发部门', '/system/dept', '0:0:0:0:0:0:0:1', '内网IP', '{\"createBy\":null,\"createTime\":\"2024-06-13 16:06:25\",\"updateBy\":null,\"updateTime\":null,\"deptId\":101,\"parentId\":100,\"deptName\":\"南宁总公司\",\"orderNum\":1,\"leader\":\"若依\",\"phone\":\"15888888888\",\"email\":\"ry@qq.com\",\"status\":\"1\"}', '', 0, 'EL1007E: Property or field \'deptId\' cannot be found on null', '2025-04-16 21:04:21');
INSERT INTO `sys_oper_log` VALUES (1912492290761367554, '部门管理', 2, 'com.ruoyi.system.controller.system.SysDeptController.edit()', 'PUT', 1, 'admin', '研发部门', '/system/dept', '0:0:0:0:0:0:0:1', '内网IP', '{\"createBy\":null,\"createTime\":\"2024-06-13 16:06:25\",\"updateBy\":null,\"updateTime\":null,\"deptId\":101,\"parentId\":100,\"deptName\":\"南宁总公司\",\"orderNum\":1,\"leader\":\"若依\",\"phone\":\"15888888888\",\"email\":\"ry@qq.com\",\"status\":\"0\"}', '{\"code\":500,\"msg\":\"该部门包含未停用的子部门!\",\"data\":null}', 1, '', '2025-04-16 21:04:29');
INSERT INTO `sys_oper_log` VALUES (1912492366233673730, '部门管理', 2, 'com.ruoyi.system.controller.system.SysDeptController.edit()', 'PUT', 1, 'admin', '研发部门', '/system/dept', '0:0:0:0:0:0:0:1', '内网IP', '{\"createBy\":null,\"createTime\":\"2024-06-13 16:06:25\",\"updateBy\":null,\"updateTime\":null,\"deptId\":102,\"parentId\":100,\"deptName\":\"柳州分公司\",\"orderNum\":2,\"leader\":\"若依\",\"phone\":\"15888888888\",\"email\":\"ry@qq.com\",\"status\":\"1\"}', '', 0, 'EL1007E: Property or field \'deptId\' cannot be found on null', '2025-04-16 21:04:47');
INSERT INTO `sys_oper_log` VALUES (1912506204773490690, '用户管理', 1, 'com.ruoyi.system.controller.system.SysUserController.add()', 'POST', 1, 'admin', '研发部门', '/system/user', '0:0:0:0:0:0:0:1', '内网IP', '{\"createBy\":null,\"createTime\":null,\"updateBy\":null,\"updateTime\":null,\"userId\":\"1912506203460673537\",\"deptId\":100,\"userName\":\"123\",\"nickName\":\"测试人员\",\"userType\":null,\"email\":null,\"phonenumber\":null,\"sex\":\"0\",\"avatar\":null,\"status\":\"0\",\"delFlag\":null,\"loginIp\":null,\"loginDate\":null,\"remark\":null,\"dept\":null,\"roles\":null,\"roleIds\":[\"1911067693423845377\"],\"postIds\":[2],\"roleId\":null,\"admin\":false}', '{\"code\":200,\"msg\":\"操作成功\",\"data\":null}', 1, '', '2025-04-16 21:59:47');
INSERT INTO `sys_oper_log` VALUES (1912506279071391745, '用户管理', 3, 'com.ruoyi.system.controller.system.SysUserController.remove()', 'DELETE', 1, 'admin', '研发部门', '/system/user/1912506203460673537', '0:0:0:0:0:0:0:1', '内网IP', '{}', '{\"code\":200,\"msg\":\"操作成功\",\"data\":null}', 1, '', '2025-04-16 22:00:04');
INSERT INTO `sys_oper_log` VALUES (1912507604911857666, '用户管理', 1, 'com.ruoyi.system.controller.system.SysUserController.add()', 'POST', 1, 'admin', '研发部门', '/system/user', '0:0:0:0:0:0:0:1', '内网IP', '{\"createBy\":null,\"createTime\":null,\"updateBy\":null,\"updateTime\":null,\"userId\":\"1912507603993305090\",\"deptId\":100,\"userName\":\"ww\",\"nickName\":\"测试人员\",\"userType\":null,\"email\":null,\"phonenumber\":\"\",\"sex\":\"0\",\"avatar\":null,\"status\":\"1\",\"delFlag\":null,\"loginIp\":null,\"loginDate\":null,\"remark\":null,\"dept\":null,\"roles\":null,\"roleIds\":[\"1911067693423845377\"],\"postIds\":[1],\"roleId\":null,\"admin\":false}', '{\"code\":200,\"msg\":\"操作成功\",\"data\":null}', 1, '', '2025-04-16 22:05:20');
INSERT INTO `sys_oper_log` VALUES (1912507841378328578, '用户管理', 1, 'com.ruoyi.system.controller.system.SysUserController.add()', 'POST', 1, 'admin', '研发部门', '/system/user', '0:0:0:0:0:0:0:1', '内网IP', '{\"createBy\":null,\"createTime\":null,\"updateBy\":null,\"updateTime\":null,\"userId\":\"1912507840543662082\",\"deptId\":100,\"userName\":\"问问\",\"nickName\":\"测试人员\",\"userType\":null,\"email\":null,\"phonenumber\":null,\"sex\":\"0\",\"avatar\":null,\"status\":\"0\",\"delFlag\":null,\"loginIp\":null,\"loginDate\":null,\"remark\":null,\"dept\":null,\"roles\":null,\"roleIds\":[\"1911067693423845377\"],\"postIds\":[1],\"roleId\":null,\"admin\":false}', '{\"code\":200,\"msg\":\"操作成功\",\"data\":null}', 1, '', '2025-04-16 22:06:17');
INSERT INTO `sys_oper_log` VALUES (1912508026376495105, '用户管理', 1, 'com.ruoyi.system.controller.system.SysUserController.add()', 'POST', 1, 'admin', '研发部门', '/system/user', '0:0:0:0:0:0:0:1', '内网IP', '{\"createBy\":null,\"createTime\":null,\"updateBy\":null,\"updateTime\":null,\"userId\":\"1912508025374056449\",\"deptId\":100,\"userName\":\"123\",\"nickName\":\"测试\",\"userType\":null,\"email\":null,\"phonenumber\":null,\"sex\":null,\"avatar\":null,\"status\":\"1\",\"delFlag\":null,\"loginIp\":null,\"loginDate\":null,\"remark\":null,\"dept\":null,\"roles\":null,\"roleIds\":[\"1829105952432427010\"],\"postIds\":[1],\"roleId\":null,\"admin\":false}', '{\"code\":200,\"msg\":\"操作成功\",\"data\":null}', 1, '', '2025-04-16 22:07:01');
INSERT INTO `sys_oper_log` VALUES (1912508190570913794, '用户管理', 1, 'com.ruoyi.system.controller.system.SysUserController.add()', 'POST', 1, 'admin', '研发部门', '/system/user', '0:0:0:0:0:0:0:1', '内网IP', '{\"createBy\":null,\"createTime\":null,\"updateBy\":null,\"updateTime\":null,\"userId\":null,\"deptId\":100,\"userName\":\"123\",\"nickName\":\"123\",\"userType\":null,\"email\":\"\",\"phonenumber\":null,\"sex\":\"0\",\"avatar\":null,\"status\":\"0\",\"delFlag\":null,\"loginIp\":null,\"loginDate\":null,\"remark\":null,\"dept\":null,\"roles\":null,\"roleIds\":[\"1829105952432427010\"],\"postIds\":[1],\"roleId\":null,\"admin\":false}', '{\"code\":500,\"msg\":\"新增用户\'123\'失败，登录账号已存在\",\"data\":null}', 1, '', '2025-04-16 22:07:40');
INSERT INTO `sys_oper_log` VALUES (1912508363099414530, '用户管理', 1, 'com.ruoyi.system.controller.system.SysUserController.add()', 'POST', 1, 'admin', '研发部门', '/system/user', '0:0:0:0:0:0:0:1', '内网IP', '{\"createBy\":null,\"createTime\":null,\"updateBy\":null,\"updateTime\":null,\"userId\":null,\"deptId\":100,\"userName\":\"123\",\"nickName\":\"123\",\"userType\":null,\"email\":null,\"phonenumber\":null,\"sex\":\"0\",\"avatar\":null,\"status\":\"0\",\"delFlag\":null,\"loginIp\":null,\"loginDate\":null,\"remark\":null,\"dept\":null,\"roles\":null,\"roleIds\":[\"1829105952432427010\"],\"postIds\":[1],\"roleId\":null,\"admin\":false}', '{\"code\":500,\"msg\":\"新增用户\'123\'失败，登录账号已存在\",\"data\":null}', 1, '', '2025-04-16 22:08:21');
INSERT INTO `sys_oper_log` VALUES (1912508429696573442, '用户管理', 3, 'com.ruoyi.system.controller.system.SysUserController.remove()', 'DELETE', 1, 'admin', '研发部门', '/system/user/1912508025374056449', '0:0:0:0:0:0:0:1', '内网IP', '{}', '{\"code\":200,\"msg\":\"操作成功\",\"data\":null}', 1, '', '2025-04-16 22:08:37');
INSERT INTO `sys_oper_log` VALUES (1912508495341625346, '用户管理', 1, 'com.ruoyi.system.controller.system.SysUserController.add()', 'POST', 1, 'admin', '研发部门', '/system/user', '0:0:0:0:0:0:0:1', '内网IP', '{\"createBy\":null,\"createTime\":null,\"updateBy\":null,\"updateTime\":null,\"userId\":\"1912508493747789826\",\"deptId\":100,\"userName\":\"123\",\"nickName\":\"123\",\"userType\":null,\"email\":null,\"phonenumber\":null,\"sex\":\"0\",\"avatar\":null,\"status\":\"0\",\"delFlag\":null,\"loginIp\":null,\"loginDate\":null,\"remark\":null,\"dept\":null,\"roles\":null,\"roleIds\":[\"1829105952432427010\"],\"postIds\":[1],\"roleId\":null,\"admin\":false}', '{\"code\":200,\"msg\":\"操作成功\",\"data\":null}', 1, '', '2025-04-16 22:08:53');
INSERT INTO `sys_oper_log` VALUES (1912511838453571586, '用户管理', 3, 'com.ruoyi.system.controller.system.SysUserController.remove()', 'DELETE', 1, 'admin', '研发部门', '/system/user/1912507603993305090', '0:0:0:0:0:0:0:1', '内网IP', '{}', '{\"code\":200,\"msg\":\"操作成功\",\"data\":null}', 1, '', '2025-04-16 22:22:10');
INSERT INTO `sys_oper_log` VALUES (1912513958259007489, '用户管理', 2, 'com.ruoyi.system.controller.system.SysUserController.changeStatus()', 'PUT', 1, 'admin', '研发部门', '/system/user/changeStatus', '0:0:0:0:0:0:0:1', '内网IP', '{\"createBy\":null,\"createTime\":null,\"updateBy\":null,\"updateTime\":null,\"userId\":1,\"deptId\":null,\"userName\":null,\"nickName\":null,\"userType\":null,\"email\":null,\"phonenumber\":null,\"sex\":null,\"avatar\":null,\"status\":\"0\",\"delFlag\":null,\"loginIp\":null,\"loginDate\":null,\"remark\":null,\"dept\":null,\"roles\":null,\"roleIds\":null,\"postIds\":null,\"roleId\":null,\"admin\":true}', '', 0, '不允许操作超级管理员用户', '2025-04-16 22:30:35');
INSERT INTO `sys_oper_log` VALUES (1912516897841160194, '用户管理', 2, 'com.ruoyi.system.controller.system.SysUserController.changeStatus()', 'PUT', 1, 'admin', '研发部门', '/system/user/changeStatus', '0:0:0:0:0:0:0:1', '内网IP', '{\"createBy\":null,\"createTime\":null,\"updateBy\":null,\"updateTime\":null,\"userId\":\"1829105396288688129\",\"deptId\":null,\"userName\":null,\"nickName\":null,\"userType\":null,\"email\":null,\"phonenumber\":null,\"sex\":null,\"avatar\":null,\"status\":\"1\",\"delFlag\":null,\"loginIp\":null,\"loginDate\":null,\"remark\":null,\"dept\":null,\"roles\":null,\"roleIds\":null,\"postIds\":null,\"roleId\":null,\"admin\":false}', '{\"code\":200,\"msg\":\"操作成功\",\"data\":null}', 1, '', '2025-04-16 22:42:16');
INSERT INTO `sys_oper_log` VALUES (1912516943559073793, '用户管理', 2, 'com.ruoyi.system.controller.system.SysUserController.changeStatus()', 'PUT', 1, 'admin', '研发部门', '/system/user/changeStatus', '0:0:0:0:0:0:0:1', '内网IP', '{\"createBy\":null,\"createTime\":null,\"updateBy\":null,\"updateTime\":null,\"userId\":\"1829105396288688129\",\"deptId\":null,\"userName\":null,\"nickName\":null,\"userType\":null,\"email\":null,\"phonenumber\":null,\"sex\":null,\"avatar\":null,\"status\":\"1\",\"delFlag\":null,\"loginIp\":null,\"loginDate\":null,\"remark\":null,\"dept\":null,\"roles\":null,\"roleIds\":null,\"postIds\":null,\"roleId\":null,\"admin\":false}', '{\"code\":200,\"msg\":\"操作成功\",\"data\":null}', 1, '', '2025-04-16 22:42:27');
INSERT INTO `sys_oper_log` VALUES (1912517067211350017, '用户管理', 2, 'com.ruoyi.system.controller.system.SysUserController.changeStatus()', 'PUT', 1, 'admin', '研发部门', '/system/user/changeStatus', '0:0:0:0:0:0:0:1', '内网IP', '{\"createBy\":null,\"createTime\":null,\"updateBy\":null,\"updateTime\":null,\"userId\":\"1829105396288688129\",\"deptId\":null,\"userName\":null,\"nickName\":null,\"userType\":null,\"email\":null,\"phonenumber\":null,\"sex\":null,\"avatar\":null,\"status\":\"1\",\"delFlag\":null,\"loginIp\":null,\"loginDate\":null,\"remark\":null,\"dept\":null,\"roles\":null,\"roleIds\":null,\"postIds\":null,\"roleId\":null,\"admin\":false}', '{\"code\":200,\"msg\":\"操作成功\",\"data\":null}', 1, '', '2025-04-16 22:42:56');
INSERT INTO `sys_oper_log` VALUES (1912518695054286849, '用户管理', 2, 'com.ruoyi.system.controller.system.SysUserController.changeStatus()', 'PUT', 1, 'admin', '研发部门', '/system/user/changeStatus', '0:0:0:0:0:0:0:1', '内网IP', '{\"createBy\":null,\"createTime\":null,\"updateBy\":null,\"updateTime\":null,\"userId\":\"1829105396288688129\",\"deptId\":null,\"userName\":null,\"nickName\":null,\"userType\":null,\"email\":null,\"phonenumber\":null,\"sex\":null,\"avatar\":null,\"status\":\"1\",\"delFlag\":null,\"loginIp\":null,\"loginDate\":null,\"remark\":null,\"dept\":null,\"roles\":null,\"roleIds\":null,\"postIds\":null,\"roleId\":null,\"admin\":false}', '{\"code\":200,\"msg\":\"操作成功\",\"data\":null}', 1, '', '2025-04-16 22:49:24');
INSERT INTO `sys_oper_log` VALUES (1912519719085219841, '用户管理', 2, 'com.ruoyi.system.controller.system.SysUserController.changeStatus()', 'PUT', 1, 'admin', '研发部门', '/system/user/changeStatus', '0:0:0:0:0:0:0:1', '内网IP', '{\"createBy\":null,\"createTime\":null,\"updateBy\":null,\"updateTime\":null,\"userId\":\"1829105396288688129\",\"deptId\":null,\"userName\":null,\"nickName\":null,\"userType\":null,\"email\":null,\"phonenumber\":null,\"sex\":null,\"avatar\":null,\"status\":\"1\",\"delFlag\":null,\"loginIp\":null,\"loginDate\":null,\"remark\":null,\"dept\":null,\"roles\":null,\"roleIds\":null,\"postIds\":null,\"roleId\":null,\"admin\":false}', '{\"code\":200,\"msg\":\"操作成功\",\"data\":null}', 1, '', '2025-04-16 22:53:29');
INSERT INTO `sys_oper_log` VALUES (1912519786248609793, '用户管理', 2, 'com.ruoyi.system.controller.system.SysUserController.changeStatus()', 'PUT', 1, 'admin', '研发部门', '/system/user/changeStatus', '0:0:0:0:0:0:0:1', '内网IP', '{\"createBy\":null,\"createTime\":null,\"updateBy\":null,\"updateTime\":null,\"userId\":1,\"deptId\":null,\"userName\":null,\"nickName\":null,\"userType\":null,\"email\":null,\"phonenumber\":null,\"sex\":null,\"avatar\":null,\"status\":\"0\",\"delFlag\":null,\"loginIp\":null,\"loginDate\":null,\"remark\":null,\"dept\":null,\"roles\":null,\"roleIds\":null,\"postIds\":null,\"roleId\":null,\"admin\":true}', '', 0, '不允许操作超级管理员用户', '2025-04-16 22:53:45');
INSERT INTO `sys_oper_log` VALUES (1912522649376989185, '用户管理', 2, 'com.ruoyi.system.controller.system.SysUserController.changeStatus()', 'PUT', 1, 'admin', '研发部门', '/system/user/changeStatus', '0:0:0:0:0:0:0:1', '内网IP', '{\"createBy\":null,\"createTime\":null,\"updateBy\":null,\"updateTime\":null,\"userId\":\"1829105396288688129\",\"deptId\":null,\"userName\":null,\"nickName\":null,\"userType\":null,\"email\":null,\"phonenumber\":null,\"sex\":null,\"avatar\":null,\"status\":\"0\",\"delFlag\":null,\"loginIp\":null,\"loginDate\":null,\"remark\":null,\"dept\":null,\"roles\":null,\"roleIds\":null,\"postIds\":null,\"roleId\":null,\"admin\":false}', '{\"code\":200,\"msg\":\"操作成功\",\"data\":null}', 1, '', '2025-04-16 23:05:07');
INSERT INTO `sys_oper_log` VALUES (1912522788023902210, '用户管理', 2, 'com.ruoyi.system.controller.system.SysUserController.changeStatus()', 'PUT', 1, 'admin', '研发部门', '/system/user/changeStatus', '0:0:0:0:0:0:0:1', '内网IP', '{\"createBy\":null,\"createTime\":null,\"updateBy\":null,\"updateTime\":null,\"userId\":\"1829105396288688129\",\"deptId\":null,\"userName\":null,\"nickName\":null,\"userType\":null,\"email\":null,\"phonenumber\":null,\"sex\":null,\"avatar\":null,\"status\":\"1\",\"delFlag\":null,\"loginIp\":null,\"loginDate\":null,\"remark\":null,\"dept\":null,\"roles\":null,\"roleIds\":null,\"postIds\":null,\"roleId\":null,\"admin\":false}', '{\"code\":200,\"msg\":\"操作成功\",\"data\":null}', 1, '', '2025-04-16 23:05:40');
INSERT INTO `sys_oper_log` VALUES (1912864855644217346, '用户管理', 2, 'com.ruoyi.system.controller.system.SysUserController.changeStatus()', 'PUT', 1, 'admin', '研发部门', '/system/user/changeStatus', '0:0:0:0:0:0:0:1', '内网IP', '{\"createBy\":null,\"createTime\":null,\"updateBy\":null,\"updateTime\":null,\"userId\":\"1829105396288688129\",\"deptId\":null,\"userName\":null,\"nickName\":null,\"userType\":null,\"email\":null,\"phonenumber\":null,\"sex\":null,\"avatar\":null,\"status\":\"0\",\"delFlag\":null,\"loginIp\":null,\"loginDate\":null,\"remark\":null,\"dept\":null,\"roles\":null,\"roleIds\":null,\"postIds\":null,\"roleId\":null,\"admin\":false}', '{\"code\":200,\"msg\":\"操作成功\",\"data\":null}', 1, '', '2025-04-17 21:44:56');
INSERT INTO `sys_oper_log` VALUES (1912865080458911745, '用户管理', 2, 'com.ruoyi.system.controller.system.SysUserController.changeStatus()', 'PUT', 1, 'admin', '研发部门', '/system/user/changeStatus', '0:0:0:0:0:0:0:1', '内网IP', '{\"createBy\":null,\"createTime\":null,\"updateBy\":null,\"updateTime\":null,\"userId\":\"1829105396288688129\",\"deptId\":null,\"userName\":null,\"nickName\":null,\"userType\":null,\"email\":null,\"phonenumber\":null,\"sex\":null,\"avatar\":null,\"status\":\"1\",\"delFlag\":null,\"loginIp\":null,\"loginDate\":null,\"remark\":null,\"dept\":null,\"roles\":null,\"roleIds\":null,\"postIds\":null,\"roleId\":null,\"admin\":false}', '{\"code\":200,\"msg\":\"操作成功\",\"data\":null}', 1, '', '2025-04-17 21:45:49');
INSERT INTO `sys_oper_log` VALUES (1912865255638212609, '用户管理', 1, 'com.ruoyi.system.controller.system.SysUserController.add()', 'POST', 1, 'admin', '研发部门', '/system/user', '0:0:0:0:0:0:0:1', '内网IP', '{\"createBy\":null,\"createTime\":null,\"updateBy\":null,\"updateTime\":null,\"userId\":\"1912865254853877761\",\"deptId\":100,\"userName\":\"cs100\",\"nickName\":\"测试账号\",\"userType\":null,\"email\":null,\"phonenumber\":null,\"sex\":\"0\",\"avatar\":null,\"status\":\"0\",\"delFlag\":null,\"loginIp\":null,\"loginDate\":null,\"remark\":null,\"dept\":null,\"roles\":null,\"roleIds\":[1],\"postIds\":[4],\"roleId\":null,\"admin\":false}', '{\"code\":200,\"msg\":\"操作成功\",\"data\":null}', 1, '', '2025-04-17 21:46:31');
INSERT INTO `sys_oper_log` VALUES (1912865314232639490, '用户管理', 2, 'com.ruoyi.system.controller.system.SysUserController.changeStatus()', 'PUT', 1, 'admin', '研发部门', '/system/user/changeStatus', '0:0:0:0:0:0:0:1', '内网IP', '{\"createBy\":null,\"createTime\":null,\"updateBy\":null,\"updateTime\":null,\"userId\":\"1912507840543662082\",\"deptId\":null,\"userName\":null,\"nickName\":null,\"userType\":null,\"email\":null,\"phonenumber\":null,\"sex\":null,\"avatar\":null,\"status\":\"1\",\"delFlag\":null,\"loginIp\":null,\"loginDate\":null,\"remark\":null,\"dept\":null,\"roles\":null,\"roleIds\":null,\"postIds\":null,\"roleId\":null,\"admin\":false}', '{\"code\":200,\"msg\":\"操作成功\",\"data\":null}', 1, '', '2025-04-17 21:46:45');
INSERT INTO `sys_oper_log` VALUES (1912865322428309506, '用户管理', 2, 'com.ruoyi.system.controller.system.SysUserController.changeStatus()', 'PUT', 1, 'admin', '研发部门', '/system/user/changeStatus', '0:0:0:0:0:0:0:1', '内网IP', '{\"createBy\":null,\"createTime\":null,\"updateBy\":null,\"updateTime\":null,\"userId\":\"1912508493747789826\",\"deptId\":null,\"userName\":null,\"nickName\":null,\"userType\":null,\"email\":null,\"phonenumber\":null,\"sex\":null,\"avatar\":null,\"status\":\"1\",\"delFlag\":null,\"loginIp\":null,\"loginDate\":null,\"remark\":null,\"dept\":null,\"roles\":null,\"roleIds\":null,\"postIds\":null,\"roleId\":null,\"admin\":false}', '{\"code\":200,\"msg\":\"操作成功\",\"data\":null}', 1, '', '2025-04-17 21:46:47');
INSERT INTO `sys_oper_log` VALUES (1912865330699476994, '用户管理', 2, 'com.ruoyi.system.controller.system.SysUserController.changeStatus()', 'PUT', 1, 'admin', '研发部门', '/system/user/changeStatus', '0:0:0:0:0:0:0:1', '内网IP', '{\"createBy\":null,\"createTime\":null,\"updateBy\":null,\"updateTime\":null,\"userId\":\"1912865254853877761\",\"deptId\":null,\"userName\":null,\"nickName\":null,\"userType\":null,\"email\":null,\"phonenumber\":null,\"sex\":null,\"avatar\":null,\"status\":\"1\",\"delFlag\":null,\"loginIp\":null,\"loginDate\":null,\"remark\":null,\"dept\":null,\"roles\":null,\"roleIds\":null,\"postIds\":null,\"roleId\":null,\"admin\":false}', '{\"code\":200,\"msg\":\"操作成功\",\"data\":null}', 1, '', '2025-04-17 21:46:49');
INSERT INTO `sys_oper_log` VALUES (1912865371061264386, '用户管理', 1, 'com.ruoyi.system.controller.system.SysUserController.add()', 'POST', 1, 'admin', '研发部门', '/system/user', '0:0:0:0:0:0:0:1', '内网IP', '{\"createBy\":null,\"createTime\":null,\"updateBy\":null,\"updateTime\":null,\"userId\":\"1912865369626812418\",\"deptId\":100,\"userName\":\"问问我\",\"nickName\":\"测试人员\",\"userType\":null,\"email\":\"\",\"phonenumber\":\"\",\"sex\":\"0\",\"avatar\":null,\"status\":\"1\",\"delFlag\":null,\"loginIp\":null,\"loginDate\":null,\"remark\":null,\"dept\":null,\"roles\":null,\"roleIds\":[\"1911067693423845377\"],\"postIds\":[1],\"roleId\":null,\"admin\":false}', '{\"code\":200,\"msg\":\"操作成功\",\"data\":null}', 1, '', '2025-04-17 21:46:58');
INSERT INTO `sys_oper_log` VALUES (1912867650829066241, '用户管理', 1, 'com.ruoyi.system.controller.system.SysUserController.add()', 'POST', 1, 'admin', '研发部门', '/system/user', '0:0:0:0:0:0:0:1', '内网IP', '{\"createBy\":null,\"createTime\":null,\"updateBy\":null,\"updateTime\":null,\"userId\":null,\"deptId\":100,\"userName\":\"问问\",\"nickName\":\"测试人员1\",\"userType\":null,\"email\":\"\",\"phonenumber\":\"\",\"sex\":\"0\",\"avatar\":null,\"status\":\"1\",\"delFlag\":null,\"loginIp\":null,\"loginDate\":null,\"remark\":null,\"dept\":null,\"roles\":null,\"roleIds\":[\"1911067693423845377\"],\"postIds\":[1],\"roleId\":null,\"admin\":false}', '{\"code\":500,\"msg\":\"新增用户\'问问\'失败，登录账号已存在\",\"data\":null}', 1, '', '2025-04-17 21:56:02');
INSERT INTO `sys_oper_log` VALUES (1912867922460581889, '用户管理', 1, 'com.ruoyi.system.controller.system.SysUserController.add()', 'POST', 1, 'admin', '研发部门', '/system/user', '0:0:0:0:0:0:0:1', '内网IP', '{\"createBy\":null,\"createTime\":null,\"updateBy\":null,\"updateTime\":null,\"userId\":null,\"deptId\":100,\"userName\":\"cs100\",\"nickName\":\"测试账号222\",\"userType\":null,\"email\":\"\",\"phonenumber\":\"\",\"sex\":\"0\",\"avatar\":null,\"status\":\"1\",\"delFlag\":null,\"loginIp\":null,\"loginDate\":null,\"remark\":null,\"dept\":null,\"roles\":null,\"roleIds\":[1],\"postIds\":[4],\"roleId\":null,\"admin\":false}', '{\"code\":500,\"msg\":\"新增用户\'cs100\'失败，登录账号已存在\",\"data\":null}', 1, '', '2025-04-17 21:57:07');
INSERT INTO `sys_oper_log` VALUES (1912870062298013698, '用户管理', 1, 'com.ruoyi.system.controller.system.SysUserController.add()', 'POST', 1, 'admin', '研发部门', '/system/user', '0:0:0:0:0:0:0:1', '内网IP', '{\"createBy\":null,\"createTime\":null,\"updateBy\":null,\"updateTime\":null,\"userId\":null,\"deptId\":100,\"userName\":\"cs100\",\"nickName\":\"测试账号\",\"userType\":null,\"email\":\"\",\"phonenumber\":\"\",\"sex\":\"0\",\"avatar\":null,\"status\":\"1\",\"delFlag\":null,\"loginIp\":null,\"loginDate\":null,\"remark\":null,\"dept\":null,\"roles\":null,\"roleIds\":[1],\"postIds\":[2],\"roleId\":null,\"admin\":false}', '{\"code\":500,\"msg\":\"新增用户\'cs100\'失败，登录账号已存在\",\"data\":null}', 1, '', '2025-04-17 22:05:37');
INSERT INTO `sys_oper_log` VALUES (1912870339105300481, '用户管理', 1, 'com.ruoyi.system.controller.system.SysUserController.add()', 'POST', 1, 'admin', '研发部门', '/system/user', '0:0:0:0:0:0:0:1', '内网IP', '{\"createBy\":null,\"createTime\":null,\"updateBy\":null,\"updateTime\":null,\"userId\":null,\"deptId\":100,\"userName\":\"cs100\",\"nickName\":\"测试账号22\",\"userType\":null,\"email\":\"\",\"phonenumber\":\"\",\"sex\":\"0\",\"avatar\":null,\"status\":\"1\",\"delFlag\":null,\"loginIp\":null,\"loginDate\":null,\"remark\":null,\"dept\":null,\"roles\":null,\"roleIds\":[\"1911067693423845377\"],\"postIds\":[4],\"roleId\":null,\"admin\":false}', '{\"code\":500,\"msg\":\"新增用户\'cs100\'失败，登录账号已存在\",\"data\":null}', 1, '', '2025-04-17 22:06:43');
INSERT INTO `sys_oper_log` VALUES (1912871445747245057, '用户管理', 1, 'com.ruoyi.system.controller.system.SysUserController.add()', 'POST', 1, 'admin', '研发部门', '/system/user', '0:0:0:0:0:0:0:1', '内网IP', '{\"createBy\":null,\"createTime\":null,\"updateBy\":null,\"updateTime\":null,\"userId\":null,\"deptId\":100,\"userName\":\"问问\",\"nickName\":\"测试人员1\",\"userType\":null,\"email\":\"\",\"phonenumber\":\"\",\"sex\":\"0\",\"avatar\":null,\"status\":\"1\",\"delFlag\":null,\"loginIp\":null,\"loginDate\":null,\"remark\":null,\"dept\":null,\"roles\":null,\"roleIds\":[\"1911067693423845377\"],\"postIds\":[1],\"roleId\":null,\"admin\":false}', '{\"code\":500,\"msg\":\"新增用户\'问问\'失败，登录账号已存在\",\"data\":null}', 1, '', '2025-04-17 22:11:07');
INSERT INTO `sys_oper_log` VALUES (1912872451377766401, '用户管理', 1, 'com.ruoyi.system.controller.system.SysUserController.add()', 'POST', 1, 'admin', '研发部门', '/system/user', '0:0:0:0:0:0:0:1', '内网IP', '{\"createBy\":null,\"createTime\":null,\"updateBy\":null,\"updateTime\":null,\"userId\":null,\"deptId\":100,\"userName\":\"cs100\",\"nickName\":\"测试账号1\",\"userType\":null,\"email\":\"\",\"phonenumber\":\"\",\"sex\":\"0\",\"avatar\":null,\"status\":\"1\",\"delFlag\":null,\"loginIp\":null,\"loginDate\":null,\"remark\":null,\"dept\":null,\"roles\":null,\"roleIds\":[1],\"postIds\":[4],\"roleId\":null,\"admin\":false}', '{\"code\":500,\"msg\":\"新增用户\'cs100\'失败，登录账号已存在\",\"data\":null}', 1, '', '2025-04-17 22:15:07');
INSERT INTO `sys_oper_log` VALUES (1912872646182215682, '用户管理', 1, 'com.ruoyi.system.controller.system.SysUserController.add()', 'POST', 1, 'admin', '研发部门', '/system/user', '0:0:0:0:0:0:0:1', '内网IP', '{\"createBy\":null,\"createTime\":null,\"updateBy\":null,\"updateTime\":null,\"userId\":null,\"deptId\":100,\"userName\":\"cs100\",\"nickName\":\"测试账号1\",\"userType\":null,\"email\":\"\",\"phonenumber\":\"\",\"sex\":\"0\",\"avatar\":null,\"status\":\"1\",\"delFlag\":null,\"loginIp\":null,\"loginDate\":null,\"remark\":null,\"dept\":null,\"roles\":null,\"roleIds\":[1],\"postIds\":[4],\"roleId\":null,\"admin\":false}', '{\"code\":500,\"msg\":\"新增用户\'cs100\'失败，登录账号已存在\",\"data\":null}', 1, '', '2025-04-17 22:15:53');
INSERT INTO `sys_oper_log` VALUES (1912873913772187649, '用户管理', 2, 'com.ruoyi.system.controller.system.SysUserController.edit()', 'PUT', 1, 'admin', '研发部门', '/system/user', '0:0:0:0:0:0:0:1', '内网IP', '{\"createBy\":null,\"createTime\":null,\"updateBy\":null,\"updateTime\":null,\"userId\":\"1912865254853877761\",\"deptId\":100,\"userName\":\"cs100\",\"nickName\":\"测试账号22\",\"userType\":null,\"email\":\"\",\"phonenumber\":\"\",\"sex\":\"0\",\"avatar\":null,\"status\":\"1\",\"delFlag\":null,\"loginIp\":null,\"loginDate\":null,\"remark\":null,\"dept\":null,\"roles\":null,\"roleIds\":[1],\"postIds\":[4],\"roleId\":null,\"admin\":false}', '{\"code\":200,\"msg\":\"操作成功\",\"data\":null}', 1, '', '2025-04-17 22:20:55');
INSERT INTO `sys_oper_log` VALUES (1912873986719522817, '用户管理', 2, 'com.ruoyi.system.controller.system.SysUserController.edit()', 'PUT', 1, 'admin', '研发部门', '/system/user', '0:0:0:0:0:0:0:1', '内网IP', '{\"createBy\":null,\"createTime\":null,\"updateBy\":null,\"updateTime\":null,\"userId\":\"1912865254853877761\",\"deptId\":100,\"userName\":\"cs100\",\"nickName\":\"测试账号22\",\"userType\":null,\"email\":\"\",\"phonenumber\":\"\",\"sex\":\"0\",\"avatar\":null,\"status\":\"0\",\"delFlag\":null,\"loginIp\":null,\"loginDate\":null,\"remark\":null,\"dept\":null,\"roles\":null,\"roleIds\":[1],\"postIds\":[4],\"roleId\":null,\"admin\":false}', '{\"code\":200,\"msg\":\"操作成功\",\"data\":null}', 1, '', '2025-04-17 22:21:13');
INSERT INTO `sys_oper_log` VALUES (1912874051827703809, '用户管理', 2, 'com.ruoyi.system.controller.system.SysUserController.edit()', 'PUT', 1, 'admin', '研发部门', '/system/user', '0:0:0:0:0:0:0:1', '内网IP', '{\"createBy\":null,\"createTime\":null,\"updateBy\":null,\"updateTime\":null,\"userId\":\"1912865254853877761\",\"deptId\":100,\"userName\":\"cs100\",\"nickName\":\"测试账号22\",\"userType\":null,\"email\":\"\",\"phonenumber\":\"\",\"sex\":\"0\",\"avatar\":null,\"status\":\"0\",\"delFlag\":null,\"loginIp\":null,\"loginDate\":null,\"remark\":\"测试更新\",\"dept\":null,\"roles\":null,\"roleIds\":[1],\"postIds\":[4],\"roleId\":null,\"admin\":false}', '{\"code\":200,\"msg\":\"操作成功\",\"data\":null}', 1, '', '2025-04-17 22:21:28');
INSERT INTO `sys_oper_log` VALUES (1912874299182587906, '用户管理', 2, 'com.ruoyi.system.controller.system.SysUserController.edit()', 'PUT', 1, 'admin', '研发部门', '/system/user', '0:0:0:0:0:0:0:1', '内网IP', '{\"createBy\":null,\"createTime\":null,\"updateBy\":null,\"updateTime\":null,\"userId\":\"1912865254853877761\",\"deptId\":100,\"userName\":\"cs100\",\"nickName\":\"测试账号22\",\"userType\":null,\"email\":\"123@qq.com\",\"phonenumber\":\"18889999666\",\"sex\":\"0\",\"avatar\":null,\"status\":\"0\",\"delFlag\":null,\"loginIp\":null,\"loginDate\":null,\"remark\":\"测试更新\",\"dept\":null,\"roles\":null,\"roleIds\":[1],\"postIds\":[4],\"roleId\":null,\"admin\":false}', '{\"code\":200,\"msg\":\"操作成功\",\"data\":null}', 1, '', '2025-04-17 22:22:27');
INSERT INTO `sys_oper_log` VALUES (1912874712279588866, '用户管理', 2, 'com.ruoyi.system.controller.system.SysUserController.edit()', 'PUT', 1, 'admin', '研发部门', '/system/user', '0:0:0:0:0:0:0:1', '内网IP', '{\"createBy\":null,\"createTime\":null,\"updateBy\":null,\"updateTime\":null,\"userId\":\"1912865254853877761\",\"deptId\":100,\"userName\":\"cs100\",\"nickName\":\"测试账号22\",\"userType\":null,\"email\":\"123@qq.com\",\"phonenumber\":\"18889999666\",\"sex\":\"0\",\"avatar\":null,\"status\":\"0\",\"delFlag\":null,\"loginIp\":null,\"loginDate\":null,\"remark\":\"测试更新\",\"dept\":null,\"roles\":null,\"roleIds\":[1],\"postIds\":[1],\"roleId\":null,\"admin\":false}', '{\"code\":200,\"msg\":\"操作成功\",\"data\":null}', 1, '', '2025-04-17 22:24:06');
INSERT INTO `sys_oper_log` VALUES (1912874842181378050, '用户管理', 2, 'com.ruoyi.system.controller.system.SysUserController.edit()', 'PUT', 1, 'admin', '研发部门', '/system/user', '0:0:0:0:0:0:0:1', '内网IP', '{\"createBy\":null,\"createTime\":null,\"updateBy\":null,\"updateTime\":null,\"userId\":\"1912865254853877761\",\"deptId\":100,\"userName\":\"cs100\",\"nickName\":\"测试账号22\",\"userType\":null,\"email\":\"123@qq.com\",\"phonenumber\":\"18889999666\",\"sex\":\"0\",\"avatar\":null,\"status\":\"0\",\"delFlag\":null,\"loginIp\":null,\"loginDate\":null,\"remark\":\"测试更新\",\"dept\":null,\"roles\":null,\"roleIds\":[\"1829105952432427010\"],\"postIds\":[1],\"roleId\":null,\"admin\":false}', '{\"code\":200,\"msg\":\"操作成功\",\"data\":null}', 1, '', '2025-04-17 22:24:37');
INSERT INTO `sys_oper_log` VALUES (1912875129692528641, '角色管理', 1, 'com.ruoyi.system.controller.system.SysRoleController.add()', 'POST', 1, 'admin', '研发部门', '/system/role', '0:0:0:0:0:0:0:1', '内网IP', '{\"createBy\":null,\"createTime\":null,\"updateBy\":null,\"updateTime\":null,\"roleId\":\"1912875129050800129\",\"roleName\":\"测试员工\",\"roleKey\":\"14\",\"roleSort\":5,\"dataScope\":null,\"menuCheckStrictly\":null,\"deptCheckStrictly\":null,\"status\":\"1\",\"remark\":null,\"menuIds\":[\"1808758090157985794\",\"1909128585102680065\"],\"deptIds\":null,\"admin\":false}', '{\"code\":200,\"msg\":\"操作成功\",\"data\":null}', 1, '', '2025-04-17 22:25:45');
INSERT INTO `sys_oper_log` VALUES (1912879530394034178, '用户管理', 2, 'com.ruoyi.system.controller.system.SysUserController.changeStatus()', 'PUT', 1, 'admin', '研发部门', '/system/user/changeStatus', '0:0:0:0:0:0:0:1', '内网IP', '{\"createBy\":null,\"createTime\":null,\"updateBy\":null,\"updateTime\":null,\"userId\":\"1912865254853877761\",\"deptId\":null,\"userName\":null,\"nickName\":null,\"userType\":null,\"email\":null,\"phonenumber\":null,\"sex\":null,\"avatar\":null,\"status\":\"1\",\"delFlag\":null,\"loginIp\":null,\"loginDate\":null,\"remark\":null,\"dept\":null,\"roles\":null,\"roleIds\":null,\"postIds\":null,\"roleId\":null,\"admin\":false}', '{\"code\":200,\"msg\":\"操作成功\",\"data\":null}', 1, '', '2025-04-17 22:43:14');
INSERT INTO `sys_oper_log` VALUES (1912879975439048705, '用户管理', 2, 'com.ruoyi.system.controller.system.SysUserController.edit()', 'PUT', 1, 'admin', '研发部门', '/system/user', '0:0:0:0:0:0:0:1', '内网IP', '{\"createBy\":null,\"createTime\":null,\"updateBy\":null,\"updateTime\":null,\"userId\":\"1912508493747789826\",\"deptId\":101,\"userName\":\"123\",\"nickName\":\"123\",\"userType\":null,\"email\":\"\",\"phonenumber\":\"\",\"sex\":\"0\",\"avatar\":null,\"status\":\"1\",\"delFlag\":null,\"loginIp\":null,\"loginDate\":null,\"remark\":null,\"dept\":null,\"roles\":null,\"roleIds\":[\"1829105952432427010\"],\"postIds\":[1],\"roleId\":null,\"admin\":false}', '{\"code\":200,\"msg\":\"操作成功\",\"data\":null}', 1, '', '2025-04-17 22:45:00');
INSERT INTO `sys_oper_log` VALUES (1912880073405407233, '用户管理', 2, 'com.ruoyi.system.controller.system.SysUserController.edit()', 'PUT', 1, 'admin', '研发部门', '/system/user', '0:0:0:0:0:0:0:1', '内网IP', '{\"createBy\":null,\"createTime\":null,\"updateBy\":null,\"updateTime\":null,\"userId\":\"1912508493747789826\",\"deptId\":102,\"userName\":\"123\",\"nickName\":\"123\",\"userType\":null,\"email\":\"\",\"phonenumber\":\"\",\"sex\":\"0\",\"avatar\":null,\"status\":\"1\",\"delFlag\":null,\"loginIp\":null,\"loginDate\":null,\"remark\":null,\"dept\":null,\"roles\":null,\"roleIds\":[\"1829105952432427010\"],\"postIds\":[1],\"roleId\":null,\"admin\":false}', '{\"code\":200,\"msg\":\"操作成功\",\"data\":null}', 1, '', '2025-04-17 22:45:24');
INSERT INTO `sys_oper_log` VALUES (1912882424132444162, '用户管理', 2, 'com.ruoyi.system.controller.system.SysUserController.edit()', 'PUT', 1, 'admin', '研发部门', '/system/user', '0:0:0:0:0:0:0:1', '内网IP', '{\"createBy\":null,\"createTime\":null,\"updateBy\":null,\"updateTime\":null,\"userId\":\"1912508493747789826\",\"deptId\":101,\"userName\":\"123\",\"nickName\":\"123\",\"userType\":null,\"email\":\"\",\"phonenumber\":\"\",\"sex\":\"0\",\"avatar\":null,\"status\":\"1\",\"delFlag\":null,\"loginIp\":null,\"loginDate\":null,\"remark\":null,\"dept\":null,\"roles\":null,\"roleIds\":[\"1829105952432427010\"],\"postIds\":[1],\"roleId\":null,\"admin\":false}', '{\"code\":200,\"msg\":\"操作成功\",\"data\":null}', 1, '', '2025-04-17 22:54:44');
INSERT INTO `sys_oper_log` VALUES (1912885486662230017, '用户管理', 2, 'com.ruoyi.system.controller.system.SysUserController.edit()', 'PUT', 1, 'admin', '研发部门', '/system/user', '0:0:0:0:0:0:0:1', '内网IP', '{\"createBy\":null,\"createTime\":null,\"updateBy\":null,\"updateTime\":null,\"userId\":\"1912508493747789826\",\"deptId\":102,\"userName\":\"123\",\"nickName\":\"123\",\"userType\":null,\"email\":\"\",\"phonenumber\":\"\",\"sex\":\"0\",\"avatar\":null,\"status\":\"1\",\"delFlag\":null,\"loginIp\":null,\"loginDate\":null,\"remark\":null,\"dept\":null,\"roles\":null,\"roleIds\":[\"1829105952432427010\"],\"postIds\":[1],\"roleId\":null,\"admin\":false}', '{\"code\":200,\"msg\":\"操作成功\",\"data\":null}', 1, '', '2025-04-17 23:06:54');
INSERT INTO `sys_oper_log` VALUES (1912886634605486081, '用户管理', 2, 'com.ruoyi.system.controller.system.SysUserController.edit()', 'PUT', 1, 'admin', '研发部门', '/system/user', '0:0:0:0:0:0:0:1', '内网IP', '{\"createBy\":null,\"createTime\":null,\"updateBy\":null,\"updateTime\":null,\"userId\":\"1912508493747789826\",\"deptId\":101,\"userName\":\"123\",\"nickName\":\"123\",\"userType\":null,\"email\":\"\",\"phonenumber\":\"\",\"sex\":\"0\",\"avatar\":null,\"status\":\"1\",\"delFlag\":null,\"loginIp\":null,\"loginDate\":null,\"remark\":null,\"dept\":null,\"roles\":null,\"roleIds\":[\"1829105952432427010\"],\"postIds\":[1],\"roleId\":null,\"admin\":false}', '{\"code\":200,\"msg\":\"操作成功\",\"data\":null}', 1, '', '2025-04-17 23:11:28');
INSERT INTO `sys_oper_log` VALUES (1912886958078586882, '用户管理', 2, 'com.ruoyi.system.controller.system.SysUserController.edit()', 'PUT', 1, 'admin', '研发部门', '/system/user', '0:0:0:0:0:0:0:1', '内网IP', '{\"createBy\":null,\"createTime\":null,\"updateBy\":null,\"updateTime\":null,\"userId\":\"1912508493747789826\",\"deptId\":102,\"userName\":\"123\",\"nickName\":\"123\",\"userType\":null,\"email\":\"\",\"phonenumber\":\"\",\"sex\":\"0\",\"avatar\":null,\"status\":\"1\",\"delFlag\":null,\"loginIp\":null,\"loginDate\":null,\"remark\":null,\"dept\":null,\"roles\":null,\"roleIds\":[\"1829105952432427010\"],\"postIds\":[1],\"roleId\":null,\"admin\":false}', '{\"code\":200,\"msg\":\"操作成功\",\"data\":null}', 1, '', '2025-04-17 23:12:45');
INSERT INTO `sys_oper_log` VALUES (1912887791511957505, '用户管理', 2, 'com.ruoyi.system.controller.system.SysUserController.edit()', 'PUT', 1, 'admin', '研发部门', '/system/user', '0:0:0:0:0:0:0:1', '内网IP', '{\"createBy\":null,\"createTime\":null,\"updateBy\":null,\"updateTime\":null,\"userId\":\"1912508493747789826\",\"deptId\":101,\"userName\":\"123\",\"nickName\":\"123\",\"userType\":null,\"email\":\"\",\"phonenumber\":\"\",\"sex\":\"0\",\"avatar\":null,\"status\":\"1\",\"delFlag\":null,\"loginIp\":null,\"loginDate\":null,\"remark\":null,\"dept\":null,\"roles\":null,\"roleIds\":[\"1829105952432427010\"],\"postIds\":[1],\"roleId\":null,\"admin\":false}', '{\"code\":200,\"msg\":\"操作成功\",\"data\":null}', 1, '', '2025-04-17 23:16:04');
INSERT INTO `sys_oper_log` VALUES (1912888128666861570, '用户管理', 2, 'com.ruoyi.system.controller.system.SysUserController.edit()', 'PUT', 1, 'admin', '研发部门', '/system/user', '0:0:0:0:0:0:0:1', '内网IP', '{\"createBy\":null,\"createTime\":null,\"updateBy\":null,\"updateTime\":null,\"userId\":\"1912508493747789826\",\"deptId\":102,\"userName\":\"123\",\"nickName\":\"123\",\"userType\":null,\"email\":\"\",\"phonenumber\":\"\",\"sex\":\"0\",\"avatar\":null,\"status\":\"1\",\"delFlag\":null,\"loginIp\":null,\"loginDate\":null,\"remark\":null,\"dept\":null,\"roles\":null,\"roleIds\":[\"1829105952432427010\"],\"postIds\":[1],\"roleId\":null,\"admin\":false}', '', 0, 'Cannot invoke \"com.ruoyi.system.domain.entity.SysDept.getDeptName()\" because the return value of \"com.ruoyi.system.domain.bo.SysUserBo.getDept()\" is null', '2025-04-17 23:17:24');
INSERT INTO `sys_oper_log` VALUES (1912888231368589313, '用户管理', 2, 'com.ruoyi.system.controller.system.SysUserController.edit()', 'PUT', 1, 'admin', '研发部门', '/system/user', '0:0:0:0:0:0:0:1', '内网IP', '{\"createBy\":null,\"createTime\":null,\"updateBy\":null,\"updateTime\":null,\"userId\":\"1912508493747789826\",\"deptId\":102,\"userName\":\"123\",\"nickName\":\"123\",\"userType\":null,\"email\":\"\",\"phonenumber\":\"\",\"sex\":\"0\",\"avatar\":null,\"status\":\"1\",\"delFlag\":null,\"loginIp\":null,\"loginDate\":null,\"remark\":null,\"dept\":null,\"roles\":null,\"roleIds\":[\"1829105952432427010\"],\"postIds\":[1],\"roleId\":null,\"admin\":false}', '', 0, 'Cannot invoke \"com.ruoyi.system.domain.entity.SysDept.getDeptName()\" because the return value of \"com.ruoyi.system.domain.bo.SysUserBo.getDept()\" is null', '2025-04-17 23:17:49');
INSERT INTO `sys_oper_log` VALUES (1912888964855906305, '用户管理', 2, 'com.ruoyi.system.controller.system.SysUserController.edit()', 'PUT', 1, 'admin', '研发部门', '/system/user', '0:0:0:0:0:0:0:1', '内网IP', '{\"createBy\":null,\"createTime\":null,\"updateBy\":null,\"updateTime\":null,\"userId\":\"1912508493747789826\",\"deptId\":102,\"userName\":\"123\",\"nickName\":\"123\",\"userType\":null,\"email\":\"\",\"phonenumber\":\"\",\"sex\":\"0\",\"avatar\":null,\"status\":\"1\",\"delFlag\":null,\"loginIp\":null,\"loginDate\":null,\"remark\":null,\"dept\":null,\"roles\":null,\"roleIds\":[\"1829105952432427010\"],\"postIds\":[1],\"roleId\":null,\"admin\":false}', '{\"code\":200,\"msg\":\"操作成功\",\"data\":null}', 1, '', '2025-04-17 23:20:44');
INSERT INTO `sys_oper_log` VALUES (1912889004387221505, '用户管理', 2, 'com.ruoyi.system.controller.system.SysUserController.edit()', 'PUT', 1, 'admin', '研发部门', '/system/user', '0:0:0:0:0:0:0:1', '内网IP', '{\"createBy\":null,\"createTime\":null,\"updateBy\":null,\"updateTime\":null,\"userId\":\"1912508493747789826\",\"deptId\":102,\"userName\":\"123\",\"nickName\":\"123\",\"userType\":null,\"email\":\"\",\"phonenumber\":\"\",\"sex\":\"0\",\"avatar\":null,\"status\":\"1\",\"delFlag\":null,\"loginIp\":null,\"loginDate\":null,\"remark\":null,\"dept\":null,\"roles\":null,\"roleIds\":[\"1829105952432427010\"],\"postIds\":[1],\"roleId\":null,\"admin\":false}', '{\"code\":200,\"msg\":\"操作成功\",\"data\":null}', 1, '', '2025-04-17 23:20:53');
INSERT INTO `sys_oper_log` VALUES (1912889549600604162, '用户管理', 2, 'com.ruoyi.system.controller.system.SysUserController.edit()', 'PUT', 1, 'admin', '研发部门', '/system/user', '0:0:0:0:0:0:0:1', '内网IP', '{\"createBy\":null,\"createTime\":null,\"updateBy\":null,\"updateTime\":null,\"userId\":\"1912508493747789826\",\"deptId\":102,\"userName\":\"123\",\"nickName\":\"123\",\"userType\":null,\"email\":\"\",\"phonenumber\":\"\",\"sex\":\"0\",\"avatar\":null,\"status\":\"1\",\"delFlag\":null,\"loginIp\":null,\"loginDate\":null,\"remark\":null,\"dept\":null,\"roles\":null,\"roleIds\":[\"1829105952432427010\"],\"postIds\":[1],\"roleId\":null,\"admin\":false}', '{\"code\":200,\"msg\":\"操作成功\",\"data\":null}', 1, '', '2025-04-17 23:23:03');
INSERT INTO `sys_oper_log` VALUES (1913127568211480578, '部门管理', 2, 'com.ruoyi.system.controller.system.SysDeptController.edit()', 'PUT', 1, 'admin', '研发部门', '/system/dept', '0:0:0:0:0:0:0:1', '内网IP', '{\"createBy\":null,\"createTime\":null,\"updateBy\":null,\"updateTime\":null,\"deptId\":100,\"parentId\":0,\"deptName\":\"物联科技\",\"orderNum\":0,\"leader\":\"若依\",\"phone\":\"15888888888\",\"email\":\"ry@qq.com\",\"status\":\"1\"}', '', 0, 'EL1007E: Property or field \'deptId\' cannot be found on null', '2025-04-18 15:08:51');
INSERT INTO `sys_oper_log` VALUES (1913127837175418882, '用户管理', 2, 'com.ruoyi.system.controller.system.SysUserController.edit()', 'PUT', 1, 'admin', '研发部门', '/system/user', '0:0:0:0:0:0:0:1', '内网IP', '{\"createBy\":null,\"createTime\":null,\"updateBy\":null,\"updateTime\":null,\"userId\":\"1912507840543662082\",\"deptId\":100,\"userName\":\"问问\",\"nickName\":\"测试人员\",\"userType\":null,\"email\":\"\",\"phonenumber\":\"\",\"sex\":\"0\",\"avatar\":null,\"status\":\"1\",\"delFlag\":null,\"loginIp\":null,\"loginDate\":null,\"remark\":null,\"dept\":null,\"roles\":null,\"roleIds\":[\"1911067693423845377\"],\"postIds\":[1],\"roleId\":null,\"admin\":false}', '{\"code\":200,\"msg\":\"操作成功\",\"data\":null}', 1, '', '2025-04-18 15:09:55');
INSERT INTO `sys_oper_log` VALUES (1913129498509873153, '物料', 1, 'com.ruoyi.wms.controller.ItemController.add()', 'POST', 1, 'admin', '研发部门', '/wms/item', '0:0:0:0:0:0:0:1', '内网IP', '{\"createBy\":null,\"createTime\":null,\"updateBy\":null,\"updateTime\":null,\"id\":null,\"ids\":null,\"itemCode\":\"100\",\"itemName\":\"测试\",\"itemCategory\":\"1828364988754595841\",\"unit\":\"1\",\"itemBrand\":\"1911764903073415169\",\"remark\":null,\"sku\":[{\"createBy\":null,\"createTime\":null,\"updateBy\":null,\"updateTime\":null,\"id\":null,\"skuName\":\"规格\",\"itemId\":\"1913129497717149697\",\"barcode\":\"\",\"skuCode\":\"100\",\"length\":\"1\",\"width\":\"1\",\"height\":\"1\",\"grossWeight\":\"1\",\"netWeight\":\"1\",\"costPrice\":\"1\",\"sellingPrice\":\"1\",\"itemName\":null,\"itemCode\":null,\"itemCategory\":null,\"itemBrand\":null}]}', '{\"code\":200,\"msg\":\"操作成功\",\"data\":null}', 1, '', '2025-04-18 15:16:31');
INSERT INTO `sys_oper_log` VALUES (1913129556236079105, 'sku信息', 2, 'com.ruoyi.wms.controller.ItemSkuController.edit()', 'PUT', 1, 'admin', '研发部门', '/wms/itemSku', '0:0:0:0:0:0:0:1', '内网IP', '{\"createBy\":null,\"createTime\":null,\"updateBy\":null,\"updateTime\":null,\"id\":\"1913129498052694018\",\"skuName\":\"规格\",\"itemId\":\"1913129497717149697\",\"barcode\":\"222\",\"skuCode\":\"100\",\"length\":\"1.0\",\"width\":\"1.0\",\"height\":\"1.0\",\"grossWeight\":\"1.000\",\"netWeight\":\"1.000\",\"costPrice\":\"1.00\",\"sellingPrice\":\"1.00\",\"itemName\":null,\"itemCode\":null,\"itemCategory\":null,\"itemBrand\":null}', '{\"code\":200,\"msg\":\"操作成功\",\"data\":null}', 1, '', '2025-04-18 15:16:45');
INSERT INTO `sys_oper_log` VALUES (1913129557532119042, '物料', 2, 'com.ruoyi.wms.controller.ItemController.edit()', 'PUT', 1, 'admin', '研发部门', '/wms/item', '0:0:0:0:0:0:0:1', '内网IP', '{\"createBy\":null,\"createTime\":null,\"updateBy\":null,\"updateTime\":null,\"id\":\"1913129497717149697\",\"ids\":null,\"itemCode\":\"100\",\"itemName\":\"测试\",\"itemCategory\":\"1828364988754595841\",\"unit\":\"1\",\"itemBrand\":\"1911764903073415169\",\"remark\":null,\"sku\":[{\"createBy\":null,\"createTime\":null,\"updateBy\":null,\"updateTime\":null,\"id\":\"1913129498052694018\",\"skuName\":\"规格\",\"itemId\":\"1913129497717149697\",\"barcode\":\"222\",\"skuCode\":\"100\",\"length\":\"1.0\",\"width\":\"1.0\",\"height\":\"1.0\",\"grossWeight\":\"1.000\",\"netWeight\":\"1.000\",\"costPrice\":\"1.00\",\"sellingPrice\":\"1.00\",\"itemName\":null,\"itemCode\":null,\"itemCategory\":null,\"itemBrand\":null}]}', '{\"code\":200,\"msg\":\"操作成功\",\"data\":null}', 1, '', '2025-04-18 15:16:45');
INSERT INTO `sys_oper_log` VALUES (1913129826206650370, '物料', 1, 'com.ruoyi.wms.controller.ItemController.add()', 'POST', 1, 'admin', '研发部门', '/wms/item', '0:0:0:0:0:0:0:1', '内网IP', '{\"createBy\":null,\"createTime\":null,\"updateBy\":null,\"updateTime\":null,\"id\":null,\"ids\":null,\"itemCode\":\"1\",\"itemName\":\"测试2\",\"itemCategory\":\"1828364988754595841\",\"unit\":\"1\",\"itemBrand\":null,\"remark\":null,\"sku\":[{\"createBy\":null,\"createTime\":null,\"updateBy\":null,\"updateTime\":null,\"id\":null,\"skuName\":\"1\",\"itemId\":\"1913129825485230081\",\"barcode\":\"\",\"skuCode\":\"\",\"length\":null,\"width\":null,\"height\":null,\"grossWeight\":null,\"netWeight\":null,\"costPrice\":null,\"sellingPrice\":null,\"itemName\":null,\"itemCode\":null,\"itemCategory\":null,\"itemBrand\":null}]}', '{\"code\":200,\"msg\":\"操作成功\",\"data\":null}', 1, '', '2025-04-18 15:17:49');
INSERT INTO `sys_oper_log` VALUES (1913129848583262209, '物料', 3, 'com.ruoyi.wms.controller.ItemController.remove()', 'DELETE', 1, 'admin', '研发部门', '/wms/item/1913129825485230081', '0:0:0:0:0:0:0:1', '内网IP', '{}', '{\"code\":200,\"msg\":\"操作成功\",\"data\":null}', 1, '', '2025-04-18 15:17:55');
INSERT INTO `sys_oper_log` VALUES (1913129859874328577, '物料', 3, 'com.ruoyi.wms.controller.ItemController.remove()', 'DELETE', 1, 'admin', '研发部门', '/wms/item/1913129497717149697', '0:0:0:0:0:0:0:1', '内网IP', '{}', '{\"code\":200,\"msg\":\"操作成功\",\"data\":null}', 1, '', '2025-04-18 15:17:57');
INSERT INTO `sys_oper_log` VALUES (1913133087890378754, '用户管理', 2, 'com.ruoyi.system.controller.system.SysUserController.changeStatus()', 'PUT', 1, 'admin', '研发部门', '/system/user/changeStatus', '0:0:0:0:0:0:0:1', '内网IP', '{\"createBy\":null,\"createTime\":null,\"updateBy\":null,\"updateTime\":null,\"userId\":\"1912865254853877761\",\"deptId\":null,\"userName\":null,\"nickName\":null,\"userType\":null,\"email\":null,\"phonenumber\":null,\"sex\":null,\"avatar\":null,\"status\":\"0\",\"delFlag\":null,\"loginIp\":null,\"loginDate\":null,\"remark\":null,\"dept\":null,\"roles\":null,\"roleIds\":null,\"postIds\":null,\"roleId\":null,\"admin\":false}', '{\"code\":200,\"msg\":\"操作成功\",\"data\":null}', 1, '', '2025-04-18 15:30:47');
INSERT INTO `sys_oper_log` VALUES (1913136850931847170, '用户管理', 3, 'com.ruoyi.system.controller.system.SysUserController.remove()', 'DELETE', 1, 'admin', '研发部门', '/system/user/1912508493747789826', '0:0:0:0:0:0:0:1', '内网IP', '{}', '{\"code\":200,\"msg\":\"操作成功\",\"data\":null}', 1, '', '2025-04-18 15:45:44');
INSERT INTO `sys_oper_log` VALUES (1913136866329137153, '用户管理', 3, 'com.ruoyi.system.controller.system.SysUserController.remove()', 'DELETE', 1, 'admin', '研发部门', '/system/user/1912865369626812418', '0:0:0:0:0:0:0:1', '内网IP', '{}', '{\"code\":200,\"msg\":\"操作成功\",\"data\":null}', 1, '', '2025-04-18 15:45:48');
INSERT INTO `sys_oper_log` VALUES (1913136881504129026, '用户管理', 3, 'com.ruoyi.system.controller.system.SysUserController.remove()', 'DELETE', 1, 'admin', '研发部门', '/system/user/1912507840543662082', '0:0:0:0:0:0:0:1', '内网IP', '{}', '{\"code\":200,\"msg\":\"操作成功\",\"data\":null}', 1, '', '2025-04-18 15:45:52');
INSERT INTO `sys_oper_log` VALUES (1913136936277544962, '用户管理', 2, 'com.ruoyi.system.controller.system.SysUserController.edit()', 'PUT', 1, 'admin', '研发部门', '/system/user', '0:0:0:0:0:0:0:1', '内网IP', '{\"createBy\":null,\"createTime\":null,\"updateBy\":null,\"updateTime\":null,\"userId\":\"1912865254853877761\",\"deptId\":100,\"userName\":\"cs100\",\"nickName\":\"测试账号\",\"userType\":null,\"email\":\"123@qq.com\",\"phonenumber\":\"18889999666\",\"sex\":\"0\",\"avatar\":null,\"status\":\"0\",\"delFlag\":null,\"loginIp\":null,\"loginDate\":null,\"remark\":\"测试更新\",\"dept\":null,\"roles\":null,\"roleIds\":[\"1829105952432427010\"],\"postIds\":[1],\"roleId\":null,\"admin\":false}', '{\"code\":200,\"msg\":\"操作成功\",\"data\":null}', 1, '', '2025-04-18 15:46:05');
INSERT INTO `sys_oper_log` VALUES (1913136970104606721, '用户管理', 2, 'com.ruoyi.system.controller.system.SysUserController.changeStatus()', 'PUT', 1, 'admin', '研发部门', '/system/user/changeStatus', '0:0:0:0:0:0:0:1', '内网IP', '{\"createBy\":null,\"createTime\":null,\"updateBy\":null,\"updateTime\":null,\"userId\":\"1912865254853877761\",\"deptId\":null,\"userName\":null,\"nickName\":null,\"userType\":null,\"email\":null,\"phonenumber\":null,\"sex\":null,\"avatar\":null,\"status\":\"1\",\"delFlag\":null,\"loginIp\":null,\"loginDate\":null,\"remark\":null,\"dept\":null,\"roles\":null,\"roleIds\":null,\"postIds\":null,\"roleId\":null,\"admin\":false}', '{\"code\":200,\"msg\":\"操作成功\",\"data\":null}', 1, '', '2025-04-18 15:46:13');
INSERT INTO `sys_oper_log` VALUES (1913138122359607298, '角色管理', 2, 'com.ruoyi.system.controller.system.SysRoleController.changeStatus()', 'PUT', 1, 'admin', '研发部门', '/system/role/changeStatus', '0:0:0:0:0:0:0:1', '内网IP', '{\"createBy\":null,\"createTime\":null,\"updateBy\":null,\"updateTime\":null,\"roleId\":\"1911067693423845377\",\"roleName\":null,\"roleKey\":null,\"roleSort\":null,\"dataScope\":null,\"menuCheckStrictly\":null,\"deptCheckStrictly\":null,\"status\":\"0\",\"remark\":null,\"menuIds\":null,\"deptIds\":null,\"admin\":false}', '{\"code\":200,\"msg\":\"操作成功\",\"data\":null}', 1, '', '2025-04-18 15:50:47');
INSERT INTO `sys_oper_log` VALUES (1913138230950137857, '角色管理', 3, 'com.ruoyi.system.controller.system.SysRoleController.remove()', 'DELETE', 1, 'admin', '研发部门', '/system/role/1911067693423845377', '0:0:0:0:0:0:0:1', '内网IP', '{}', '{\"code\":200,\"msg\":\"操作成功\",\"data\":null}', 1, '', '2025-04-18 15:51:13');
INSERT INTO `sys_oper_log` VALUES (1913138480645443585, '角色管理', 1, 'com.ruoyi.system.controller.system.SysRoleController.add()', 'POST', 1, 'admin', '研发部门', '/system/role', '0:0:0:0:0:0:0:1', '内网IP', '{\"createBy\":null,\"createTime\":null,\"updateBy\":null,\"updateTime\":null,\"roleId\":\"1913138480121155586\",\"roleName\":\"仅测试\",\"roleKey\":\"3\",\"roleSort\":7,\"dataScope\":null,\"menuCheckStrictly\":null,\"deptCheckStrictly\":null,\"status\":\"1\",\"remark\":null,\"menuIds\":[\"1808758090157985794\"],\"deptIds\":null,\"admin\":false}', '{\"code\":200,\"msg\":\"操作成功\",\"data\":null}', 1, '', '2025-04-18 15:52:13');
INSERT INTO `sys_oper_log` VALUES (1913139201885376514, '角色管理', 3, 'com.ruoyi.system.controller.system.SysRoleController.remove()', 'DELETE', 1, 'admin', '研发部门', '/system/role/1913138480121155586', '0:0:0:0:0:0:0:1', '内网IP', '{}', '{\"code\":200,\"msg\":\"操作成功\",\"data\":null}', 1, '', '2025-04-18 15:55:05');
INSERT INTO `sys_oper_log` VALUES (1929784351951851522, '仓库', 1, 'com.ruoyi.wms.controller.WarehouseController.add()', 'POST', 1, 'admin', '研发部门', '/wms/warehouse', '0:0:0:0:0:0:0:1', '内网IP', '{\"createBy\":null,\"createTime\":null,\"updateBy\":null,\"updateTime\":null,\"id\":null,\"warehouseCode\":\"sadfasf\",\"warehouseName\":\"dSDf\",\"remark\":\"asdfsaf\",\"orderNum\":null}', '{\"code\":200,\"msg\":\"操作成功\",\"data\":null}', 1, '', '2025-06-03 14:16:58');
INSERT INTO `sys_oper_log` VALUES (1929784373506379777, '仓库', 3, 'com.ruoyi.wms.controller.WarehouseController.remove()', 'DELETE', 1, 'admin', '研发部门', '/wms/warehouse/1929784351498866689', '0:0:0:0:0:0:0:1', '内网IP', '{}', '{\"code\":200,\"msg\":\"操作成功\",\"data\":null}', 1, '', '2025-06-03 14:17:03');
INSERT INTO `sys_oper_log` VALUES (1932263775182229505, '菜单管理', 2, 'com.ruoyi.system.controller.system.SysMenuController.edit()', 'PUT', 1, 'admin', '研发部门', '/system/menu', '0:0:0:0:0:0:0:1', '内网IP', '{\"createBy\":null,\"createTime\":null,\"updateBy\":null,\"updateTime\":null,\"menuId\":\"1823190638784757762\",\"parentId\":\"1823187248797270018\",\"menuName\":\"编辑盘库单\",\"orderNum\":1000,\"path\":\"checkOrderEdit\",\"component\":\"wms/order/check/edit\",\"queryParam\":null,\"isFrame\":\"0\",\"isCache\":\"0\",\"menuType\":\"C\",\"visible\":\"0\",\"status\":\"1\",\"perms\":\"wms:check:edit\",\"icon\":\"#\",\"remark\":null}', '{\"code\":200,\"msg\":\"操作成功\",\"data\":null}', 1, '', '2025-06-10 10:29:18');
INSERT INTO `sys_oper_log` VALUES (1932263857101180929, '菜单管理', 2, 'com.ruoyi.system.controller.system.SysMenuController.edit()', 'PUT', 1, 'admin', '研发部门', '/system/menu', '0:0:0:0:0:0:0:1', '内网IP', '{\"createBy\":null,\"createTime\":null,\"updateBy\":null,\"updateTime\":null,\"menuId\":\"1822862323595145218\",\"parentId\":\"1822820194307051521\",\"menuName\":\"编辑移库单\",\"orderNum\":1000,\"path\":\"movementOrderEdit\",\"component\":\"wms/order/movement/edit\",\"queryParam\":null,\"isFrame\":\"0\",\"isCache\":\"0\",\"menuType\":\"F\",\"visible\":\"0\",\"status\":\"1\",\"perms\":\"wms:movement:edit\",\"icon\":\"#\",\"remark\":null}', '{\"code\":200,\"msg\":\"操作成功\",\"data\":null}', 1, '', '2025-06-10 10:29:38');
INSERT INTO `sys_oper_log` VALUES (1932263908603039746, '菜单管理', 2, 'com.ruoyi.system.controller.system.SysMenuController.edit()', 'PUT', 1, 'admin', '研发部门', '/system/menu', '0:0:0:0:0:0:0:1', '内网IP', '{\"createBy\":null,\"createTime\":null,\"updateBy\":null,\"updateTime\":null,\"menuId\":\"1818855673632727042\",\"parentId\":\"1818854933803638785\",\"menuName\":\"编辑出库单\",\"orderNum\":1000,\"path\":\"shipmentOrderEdit\",\"component\":\"wms/order/shipment/edit\",\"queryParam\":null,\"isFrame\":\"0\",\"isCache\":\"0\",\"menuType\":\"F\",\"visible\":\"0\",\"status\":\"1\",\"perms\":\"wms:shipment:edit\",\"icon\":\"#\",\"remark\":null}', '{\"code\":200,\"msg\":\"操作成功\",\"data\":null}', 1, '', '2025-06-10 10:29:50');
INSERT INTO `sys_oper_log` VALUES (1932263977918107649, '菜单管理', 2, 'com.ruoyi.system.controller.system.SysMenuController.edit()', 'PUT', 1, 'admin', '研发部门', '/system/menu', '0:0:0:0:0:0:0:1', '内网IP', '{\"createBy\":null,\"createTime\":null,\"updateBy\":null,\"updateTime\":null,\"menuId\":\"1815207165755183105\",\"parentId\":\"1818466281474822145\",\"menuName\":\"编辑入库单\",\"orderNum\":1000,\"path\":\"receiptOrderEdit\",\"component\":\"wms/order/receipt/edit\",\"queryParam\":null,\"isFrame\":\"0\",\"isCache\":\"0\",\"menuType\":\"F\",\"visible\":\"0\",\"status\":\"1\",\"perms\":\"wms:receipt:edit\",\"icon\":\"#\",\"remark\":null}', '{\"code\":200,\"msg\":\"操作成功\",\"data\":null}', 1, '', '2025-06-10 10:30:07');
INSERT INTO `sys_oper_log` VALUES (1932264351609622530, '菜单管理', 2, 'com.ruoyi.system.controller.system.SysMenuController.edit()', 'PUT', 1, 'admin', '研发部门', '/system/menu', '0:0:0:0:0:0:0:1', '内网IP', '{\"createBy\":null,\"createTime\":null,\"updateBy\":null,\"updateTime\":null,\"menuId\":\"1808758090157985794\",\"parentId\":0,\"menuName\":\"基础信息管理\",\"orderNum\":100,\"path\":\"basic\",\"component\":null,\"queryParam\":null,\"isFrame\":\"0\",\"isCache\":\"0\",\"menuType\":\"M\",\"visible\":\"1\",\"status\":\"1\",\"icon\":\"BorderOuterOutlined\",\"remark\":null}', '{\"code\":200,\"msg\":\"操作成功\",\"data\":null}', 1, '', '2025-06-10 10:31:36');
INSERT INTO `sys_oper_log` VALUES (1932264452499410945, '菜单管理', 2, 'com.ruoyi.system.controller.system.SysMenuController.edit()', 'PUT', 1, 'admin', '研发部门', '/system/menu', '0:0:0:0:0:0:0:1', '内网IP', '{\"createBy\":null,\"createTime\":null,\"updateBy\":null,\"updateTime\":null,\"menuId\":\"1909128585102680065\",\"parentId\":0,\"menuName\":\"业务操作管理\",\"orderNum\":105,\"path\":\"warehouse-mng\",\"component\":null,\"queryParam\":null,\"isFrame\":\"0\",\"isCache\":\"0\",\"menuType\":\"M\",\"visible\":\"1\",\"status\":\"1\",\"icon\":\"documentation\",\"remark\":null}', '{\"code\":200,\"msg\":\"操作成功\",\"data\":null}', 1, '', '2025-06-10 10:32:00');
INSERT INTO `sys_oper_log` VALUES (1932264904574078978, '菜单管理', 2, 'com.ruoyi.system.controller.system.SysMenuController.edit()', 'PUT', 1, 'admin', '研发部门', '/system/menu', '0:0:0:0:0:0:0:1', '内网IP', '{\"createBy\":null,\"createTime\":null,\"updateBy\":null,\"updateTime\":null,\"menuId\":\"1808758090157985794\",\"parentId\":0,\"menuName\":\"基础信息\",\"orderNum\":100,\"path\":\"basic\",\"component\":null,\"queryParam\":null,\"isFrame\":\"0\",\"isCache\":\"0\",\"menuType\":\"M\",\"visible\":\"1\",\"status\":\"1\",\"icon\":\"BorderOuterOutlined\",\"remark\":null}', '{\"code\":200,\"msg\":\"操作成功\",\"data\":null}', 1, '', '2025-06-10 10:33:48');
INSERT INTO `sys_oper_log` VALUES (1932265286389960705, '菜单管理', 1, 'com.ruoyi.system.controller.system.SysMenuController.add()', 'POST', 1, 'admin', '研发部门', '/system/menu', '0:0:0:0:0:0:0:1', '内网IP', '{\"createBy\":null,\"createTime\":null,\"updateBy\":null,\"updateTime\":null,\"menuId\":null,\"parentId\":0,\"menuName\":\"基础信息管理\",\"orderNum\":1,\"path\":\"basicInfo\",\"component\":null,\"queryParam\":null,\"isFrame\":\"1\",\"isCache\":\"0\",\"menuType\":\"M\",\"visible\":\"0\",\"status\":\"0\",\"icon\":\"BorderOuterOutlined\",\"remark\":null}', '{\"code\":500,\"msg\":\"新增菜单\'基础信息管理\'失败，地址必须以http(s)://开头\",\"data\":null}', 1, '', '2025-06-10 10:35:19');
INSERT INTO `sys_oper_log` VALUES (1932269948560183298, '菜单管理', 1, 'com.ruoyi.system.controller.system.SysMenuController.add()', 'POST', 1, 'admin', '研发部门', '/system/menu', '0:0:0:0:0:0:0:1', '内网IP', '{\"createBy\":null,\"createTime\":null,\"updateBy\":null,\"updateTime\":null,\"menuId\":null,\"parentId\":\"1909128585102680065\",\"menuName\":\"基础信息管理\",\"orderNum\":1,\"path\":\"baseinfo\",\"component\":null,\"queryParam\":null,\"isFrame\":\"1\",\"isCache\":\"0\",\"menuType\":\"M\",\"visible\":\"0\",\"status\":\"1\",\"icon\":\"BorderOuterOutlined\",\"remark\":null}', '{\"code\":500,\"msg\":\"新增菜单\'基础信息管理\'失败，地址必须以http(s)://开头\",\"data\":null}', 1, '', '2025-06-10 10:53:50');
INSERT INTO `sys_oper_log` VALUES (1932271328435867649, '菜单管理', 2, 'com.ruoyi.system.controller.system.SysMenuController.edit()', 'PUT', 1, 'admin', '研发部门', '/system/menu', '0:0:0:0:0:0:0:1', '内网IP', '{\"createBy\":null,\"createTime\":null,\"updateBy\":null,\"updateTime\":null,\"menuId\":1061,\"parentId\":0,\"menuName\":\"基础信息管理\",\"orderNum\":100,\"path\":\"basicinfo\",\"component\":null,\"queryParam\":null,\"isFrame\":\"0\",\"isCache\":\"0\",\"menuType\":\"M\",\"visible\":\"1\",\"status\":\"1\",\"icon\":\"BorderOuterOutlined\",\"remark\":null}', '{\"code\":200,\"msg\":\"操作成功\",\"data\":null}', 1, '', '2025-06-10 10:59:19');
INSERT INTO `sys_oper_log` VALUES (1932272689701425154, '菜单管理', 2, 'com.ruoyi.system.controller.system.SysMenuController.edit()', 'PUT', 1, 'admin', '研发部门', '/system/menu', '0:0:0:0:0:0:0:1', '内网IP', '{\"createBy\":null,\"createTime\":null,\"updateBy\":null,\"updateTime\":null,\"menuId\":1,\"parentId\":1061,\"menuName\":\"系统管理\",\"orderNum\":110,\"path\":\"system\",\"component\":null,\"queryParam\":null,\"isFrame\":\"0\",\"isCache\":\"0\",\"menuType\":\"M\",\"visible\":\"1\",\"status\":\"1\",\"perms\":\"\",\"icon\":\"system\",\"remark\":null}', '{\"code\":200,\"msg\":\"操作成功\",\"data\":null}', 1, '', '2025-06-10 11:04:44');
INSERT INTO `sys_oper_log` VALUES (1932272750317506561, '菜单管理', 2, 'com.ruoyi.system.controller.system.SysMenuController.edit()', 'PUT', 1, 'admin', '研发部门', '/system/menu', '0:0:0:0:0:0:0:1', '内网IP', '{\"createBy\":null,\"createTime\":null,\"updateBy\":null,\"updateTime\":null,\"menuId\":115,\"parentId\":0,\"menuName\":\"代码生成\",\"orderNum\":130,\"path\":\"gen\",\"component\":\"tool/gen/index\",\"queryParam\":null,\"isFrame\":\"0\",\"isCache\":\"0\",\"menuType\":\"C\",\"visible\":\"0\",\"status\":\"1\",\"perms\":\"tool:gen:list\",\"icon\":\"code\",\"remark\":null}', '{\"code\":200,\"msg\":\"操作成功\",\"data\":null}', 1, '', '2025-06-10 11:04:58');
INSERT INTO `sys_oper_log` VALUES (1932272792055025665, '菜单管理', 2, 'com.ruoyi.system.controller.system.SysMenuController.edit()', 'PUT', 1, 'admin', '研发部门', '/system/menu', '0:0:0:0:0:0:0:1', '内网IP', '{\"createBy\":null,\"createTime\":null,\"updateBy\":null,\"updateTime\":null,\"menuId\":108,\"parentId\":1061,\"menuName\":\"日志管理\",\"orderNum\":140,\"path\":\"log\",\"component\":\"\",\"queryParam\":null,\"isFrame\":\"0\",\"isCache\":\"0\",\"menuType\":\"M\",\"visible\":\"1\",\"status\":\"1\",\"perms\":\"\",\"icon\":\"log\",\"remark\":null}', '{\"code\":200,\"msg\":\"操作成功\",\"data\":null}', 1, '', '2025-06-10 11:05:08');
INSERT INTO `sys_oper_log` VALUES (1932272840180469762, '菜单管理', 2, 'com.ruoyi.system.controller.system.SysMenuController.edit()', 'PUT', 1, 'admin', '研发部门', '/system/menu', '0:0:0:0:0:0:0:1', '内网IP', '{\"createBy\":null,\"createTime\":null,\"updateBy\":null,\"updateTime\":null,\"menuId\":\"1809059968309743618\",\"parentId\":1061,\"menuName\":\"往来单位\",\"orderNum\":1,\"path\":\"merchant\",\"component\":\"wms/basic/merchant/index\",\"queryParam\":null,\"isFrame\":\"0\",\"isCache\":\"0\",\"menuType\":\"C\",\"visible\":\"1\",\"status\":\"1\",\"perms\":\"wms:merchant:list\",\"icon\":\"documentation\",\"remark\":null}', '{\"code\":200,\"msg\":\"操作成功\",\"data\":null}', 1, '', '2025-06-10 11:05:20');
INSERT INTO `sys_oper_log` VALUES (1932272909654921217, '菜单管理', 2, 'com.ruoyi.system.controller.system.SysMenuController.edit()', 'PUT', 1, 'admin', '研发部门', '/system/menu', '0:0:0:0:0:0:0:1', '内网IP', '{\"createBy\":null,\"createTime\":null,\"updateBy\":null,\"updateTime\":null,\"menuId\":\"1813458070128599041\",\"parentId\":1061,\"menuName\":\"仓库/库区\",\"orderNum\":2,\"path\":\"warehouse\",\"component\":\"wms/basic/warehouse/index\",\"queryParam\":null,\"isFrame\":\"0\",\"isCache\":\"0\",\"menuType\":\"C\",\"visible\":\"1\",\"status\":\"1\",\"perms\":\"wms:warehouse:list\",\"icon\":\"documentation\",\"remark\":null}', '{\"code\":200,\"msg\":\"操作成功\",\"data\":null}', 1, '', '2025-06-10 11:05:36');
INSERT INTO `sys_oper_log` VALUES (1932272941720375298, '菜单管理', 2, 'com.ruoyi.system.controller.system.SysMenuController.edit()', 'PUT', 1, 'admin', '研发部门', '/system/menu', '0:0:0:0:0:0:0:1', '内网IP', '{\"createBy\":null,\"createTime\":null,\"updateBy\":null,\"updateTime\":null,\"menuId\":\"1818123963605549057\",\"parentId\":1061,\"menuName\":\"品牌管理\",\"orderNum\":3,\"path\":\"itemBrand\",\"component\":\"wms/basic/itemBrand/index\",\"queryParam\":null,\"isFrame\":\"0\",\"isCache\":\"0\",\"menuType\":\"C\",\"visible\":\"1\",\"status\":\"1\",\"perms\":\"wms:itemBrand:list\",\"icon\":\"documentation\",\"remark\":null}', '{\"code\":200,\"msg\":\"操作成功\",\"data\":null}', 1, '', '2025-06-10 11:05:44');
INSERT INTO `sys_oper_log` VALUES (1932273040492040193, '菜单管理', 2, 'com.ruoyi.system.controller.system.SysMenuController.edit()', 'PUT', 1, 'admin', '研发部门', '/system/menu', '0:0:0:0:0:0:0:1', '内网IP', '{\"createBy\":null,\"createTime\":null,\"updateBy\":null,\"updateTime\":null,\"menuId\":\"1813820131794837506\",\"parentId\":1061,\"menuName\":\"商品管理\",\"orderNum\":4,\"path\":\"item\",\"component\":\"wms/basic/item/index\",\"queryParam\":null,\"isFrame\":\"0\",\"isCache\":\"0\",\"menuType\":\"C\",\"visible\":\"1\",\"status\":\"1\",\"perms\":\"wms:item:list\",\"icon\":\"documentation\",\"remark\":null}', '{\"code\":200,\"msg\":\"操作成功\",\"data\":null}', 1, '', '2025-06-10 11:06:07');
INSERT INTO `sys_oper_log` VALUES (1932273064944832513, '菜单管理', 3, 'com.ruoyi.system.controller.system.SysMenuController.remove()', 'DELETE', 1, 'admin', '研发部门', '/system/menu/115', '0:0:0:0:0:0:0:1', '内网IP', '{}', '{\"code\":601,\"msg\":\"存在子菜单,不允许删除\",\"data\":null}', 1, '', '2025-06-10 11:06:13');
INSERT INTO `sys_oper_log` VALUES (1932736505333649409, '菜单管理', 1, 'com.ruoyi.system.controller.system.SysMenuController.add()', 'POST', 1, 'admin', '研发部门', '/system/menu', '0:0:0:0:0:0:0:1', '内网IP', '{\"createBy\":null,\"createTime\":null,\"updateBy\":null,\"updateTime\":null,\"menuId\":null,\"parentId\":1061,\"menuName\":\"基本信息设置\",\"orderNum\":1,\"path\":\"basic\",\"component\":null,\"queryParam\":null,\"isFrame\":\"1\",\"isCache\":\"0\",\"menuType\":\"M\",\"visible\":\"0\",\"status\":\"0\",\"icon\":\"BorderOuterOutlined\",\"remark\":null,\"path2\":null}', '{\"code\":500,\"msg\":\"新增菜单\'基本信息设置\'失败，地址必须以http(s)://开头\",\"data\":null}', 1, '', '2025-06-11 17:47:46');
INSERT INTO `sys_oper_log` VALUES (1932737441288392705, '菜单管理', 2, 'com.ruoyi.system.controller.system.SysMenuController.edit()', 'PUT', 1, 'admin', '研发部门', '/system/menu', '0:0:0:0:0:0:0:1', '内网IP', '{\"createBy\":null,\"createTime\":null,\"updateBy\":null,\"updateTime\":null,\"menuId\":\"1809059968309743618\",\"parentId\":\"1909128585102680066\",\"menuName\":\"往来单位\",\"orderNum\":1,\"path\":\"merchant\",\"component\":\"wms/basic/merchant/index\",\"queryParam\":null,\"isFrame\":\"0\",\"isCache\":\"0\",\"menuType\":\"C\",\"visible\":\"1\",\"status\":\"1\",\"perms\":\"wms:merchant:list\",\"icon\":\"documentation\",\"remark\":null,\"path2\":null}', '{\"code\":200,\"msg\":\"操作成功\",\"data\":null}', 1, '', '2025-06-11 17:51:29');
INSERT INTO `sys_oper_log` VALUES (1932737486389743618, '菜单管理', 2, 'com.ruoyi.system.controller.system.SysMenuController.edit()', 'PUT', 1, 'admin', '研发部门', '/system/menu', '0:0:0:0:0:0:0:1', '内网IP', '{\"createBy\":null,\"createTime\":null,\"updateBy\":null,\"updateTime\":null,\"menuId\":\"1813458070128599041\",\"parentId\":\"1909128585102680066\",\"menuName\":\"仓库/库区\",\"orderNum\":2,\"path\":\"warehouse\",\"component\":\"wms/basic/warehouse/index\",\"queryParam\":null,\"isFrame\":\"0\",\"isCache\":\"0\",\"menuType\":\"C\",\"visible\":\"1\",\"status\":\"1\",\"perms\":\"wms:warehouse:list\",\"icon\":\"documentation\",\"remark\":null,\"path2\":null}', '{\"code\":200,\"msg\":\"操作成功\",\"data\":null}', 1, '', '2025-06-11 17:51:40');
INSERT INTO `sys_oper_log` VALUES (1932737525803618305, '菜单管理', 2, 'com.ruoyi.system.controller.system.SysMenuController.edit()', 'PUT', 1, 'admin', '研发部门', '/system/menu', '0:0:0:0:0:0:0:1', '内网IP', '{\"createBy\":null,\"createTime\":null,\"updateBy\":null,\"updateTime\":null,\"menuId\":\"1818123963605549057\",\"parentId\":\"1909128585102680066\",\"menuName\":\"品牌管理\",\"orderNum\":3,\"path\":\"itemBrand\",\"component\":\"wms/basic/itemBrand/index\",\"queryParam\":null,\"isFrame\":\"0\",\"isCache\":\"0\",\"menuType\":\"C\",\"visible\":\"1\",\"status\":\"1\",\"perms\":\"wms:itemBrand:list\",\"icon\":\"documentation\",\"remark\":null,\"path2\":null}', '{\"code\":200,\"msg\":\"操作成功\",\"data\":null}', 1, '', '2025-06-11 17:51:49');
INSERT INTO `sys_oper_log` VALUES (1932737565745975298, '菜单管理', 2, 'com.ruoyi.system.controller.system.SysMenuController.edit()', 'PUT', 1, 'admin', '研发部门', '/system/menu', '0:0:0:0:0:0:0:1', '内网IP', '{\"createBy\":null,\"createTime\":null,\"updateBy\":null,\"updateTime\":null,\"menuId\":1061,\"parentId\":\"1909128585102680066\",\"menuName\":\"基础信息管理\",\"orderNum\":100,\"path\":\"basic-info\",\"component\":null,\"queryParam\":null,\"isFrame\":\"0\",\"isCache\":\"0\",\"menuType\":\"M\",\"visible\":\"1\",\"status\":\"1\",\"icon\":\"BorderOuterOutlined\",\"remark\":null,\"path2\":null}', '{\"code\":200,\"msg\":\"操作成功\",\"data\":null}', 1, '', '2025-06-11 17:51:59');
INSERT INTO `sys_oper_log` VALUES (1932738021180280833, '菜单管理', 2, 'com.ruoyi.system.controller.system.SysMenuController.edit()', 'PUT', 1, 'admin', '研发部门', '/system/menu', '0:0:0:0:0:0:0:1', '内网IP', '{\"createBy\":null,\"createTime\":null,\"updateBy\":null,\"updateTime\":null,\"menuId\":\"1813820131794837506\",\"parentId\":\"1909128585102680066\",\"menuName\":\"商品管理\",\"orderNum\":4,\"path\":\"item\",\"component\":\"wms/basic/item/index\",\"queryParam\":null,\"isFrame\":\"0\",\"isCache\":\"0\",\"menuType\":\"C\",\"visible\":\"1\",\"status\":\"1\",\"perms\":\"wms:item:list\",\"icon\":\"documentation\",\"remark\":null,\"path2\":null}', '{\"code\":200,\"msg\":\"操作成功\",\"data\":null}', 1, '', '2025-06-11 17:53:47');

-- ----------------------------
-- Table structure for sys_oss
-- ----------------------------
DROP TABLE IF EXISTS `sys_oss`;
CREATE TABLE `sys_oss`  (
  `oss_id` bigint NOT NULL,
  `file_name` varchar(255) CHARACTER SET utf8mb4 COLLATE utf8mb4_0900_ai_ci NULL DEFAULT NULL,
  `original_name` varchar(255) CHARACTER SET utf8mb4 COLLATE utf8mb4_0900_ai_ci NULL DEFAULT NULL,
  `file_suffix` varchar(10) CHARACTER SET utf8mb4 COLLATE utf8mb4_0900_ai_ci NULL DEFAULT NULL,
  `url` varchar(500) CHARACTER SET utf8mb4 COLLATE utf8mb4_0900_ai_ci NULL DEFAULT NULL,
  `create_time` datetime NULL DEFAULT NULL,
  `create_by` varchar(64) CHARACTER SET utf8mb4 COLLATE utf8mb4_0900_ai_ci NULL DEFAULT NULL,
  `update_time` datetime NULL DEFAULT NULL,
  `update_by` varchar(64) CHARACTER SET utf8mb4 COLLATE utf8mb4_0900_ai_ci NULL DEFAULT NULL,
  `service` varchar(20) CHARACTER SET utf8mb4 COLLATE utf8mb4_0900_ai_ci NULL DEFAULT NULL
) ENGINE = InnoDB CHARACTER SET = utf8mb4 COLLATE = utf8mb4_0900_ai_ci ROW_FORMAT = DYNAMIC;

-- ----------------------------
-- Records of sys_oss
-- ----------------------------

-- ----------------------------
-- Table structure for sys_oss_config
-- ----------------------------
DROP TABLE IF EXISTS `sys_oss_config`;
CREATE TABLE `sys_oss_config`  (
  `oss_config_id` bigint NOT NULL,
  `config_key` varchar(20) CHARACTER SET utf8mb4 COLLATE utf8mb4_0900_ai_ci NULL DEFAULT NULL,
  `access_key` varchar(255) CHARACTER SET utf8mb4 COLLATE utf8mb4_0900_ai_ci NULL DEFAULT NULL,
  `secret_key` varchar(255) CHARACTER SET utf8mb4 COLLATE utf8mb4_0900_ai_ci NULL DEFAULT NULL,
  `bucket_name` varchar(255) CHARACTER SET utf8mb4 COLLATE utf8mb4_0900_ai_ci NULL DEFAULT NULL,
  `prefix` varchar(255) CHARACTER SET utf8mb4 COLLATE utf8mb4_0900_ai_ci NULL DEFAULT NULL,
  `endpoint` varchar(255) CHARACTER SET utf8mb4 COLLATE utf8mb4_0900_ai_ci NULL DEFAULT NULL,
  `domain` varchar(255) CHARACTER SET utf8mb4 COLLATE utf8mb4_0900_ai_ci NULL DEFAULT NULL,
  `is_https` char(1) CHARACTER SET utf8mb4 COLLATE utf8mb4_0900_ai_ci NULL DEFAULT NULL,
  `region` varchar(255) CHARACTER SET utf8mb4 COLLATE utf8mb4_0900_ai_ci NULL DEFAULT NULL,
  `access_policy` char(1) CHARACTER SET utf8mb4 COLLATE utf8mb4_0900_ai_ci NULL DEFAULT NULL,
  `status` char(1) CHARACTER SET utf8mb4 COLLATE utf8mb4_0900_ai_ci NULL DEFAULT NULL,
  `ext1` varchar(255) CHARACTER SET utf8mb4 COLLATE utf8mb4_0900_ai_ci NULL DEFAULT NULL,
  `create_by` varchar(64) CHARACTER SET utf8mb4 COLLATE utf8mb4_0900_ai_ci NULL DEFAULT NULL,
  `create_time` datetime NULL DEFAULT NULL,
  `update_by` varchar(64) CHARACTER SET utf8mb4 COLLATE utf8mb4_0900_ai_ci NULL DEFAULT NULL,
  `update_time` datetime NULL DEFAULT NULL,
  `remark` varchar(500) CHARACTER SET utf8mb4 COLLATE utf8mb4_0900_ai_ci NULL DEFAULT NULL
) ENGINE = InnoDB CHARACTER SET = utf8mb4 COLLATE = utf8mb4_0900_ai_ci ROW_FORMAT = DYNAMIC;

-- ----------------------------
-- Records of sys_oss_config
-- ----------------------------
INSERT INTO `sys_oss_config` VALUES (1, 'minio', 'ruoyi', 'ruoyi123', 'ruoyi', '', '127.0.0.1:9000', '', 'N', '', '1', '0', '', 'admin', '2024-06-13 16:06:38', 'admin', '2024-08-16 16:48:05', NULL);
INSERT INTO `sys_oss_config` VALUES (2, 'qiniu', 'XXXXXXXXXXXXXXX', 'XXXXXXXXXXXXXXX', 'ruoyi', '', 's3-cn-north-1.qiniucs.com', '', 'N', '', '1', '0', '', 'admin', '2024-06-13 16:06:38', 'admin', '2024-06-13 16:06:38', NULL);
INSERT INTO `sys_oss_config` VALUES (3, 'aliyun', 'XXXXXXXXXXXXXXX', 'XXXXXXXXXXXXXXX', 'ruoyi', '', 'oss-cn-beijing.aliyuncs.com', '', 'N', '', '1', '0', '', 'admin', '2024-06-13 16:06:38', 'admin', '2024-07-10 17:50:41', NULL);
INSERT INTO `sys_oss_config` VALUES (4, 'qcloud', 'XXXXXXXXXXXXXXX', 'XXXXXXXXXXXXXXX', 'ruoyi-1250000000', '', 'cos.ap-beijing.myqcloud.com', '', 'N', 'ap-beijing', '1', '0', '', 'admin', '2024-06-13 16:06:38', 'admin', '2024-06-13 16:06:38', NULL);
INSERT INTO `sys_oss_config` VALUES (5, 'image', 'ruoyi', 'ruoyi123', 'ruoyi', 'image', '127.0.0.1:9000', '', 'N', '', '1', '0', '', 'admin', '2024-06-13 16:06:38', 'admin', '2024-06-13 16:06:38', NULL);

-- ----------------------------
-- Table structure for sys_post
-- ----------------------------
DROP TABLE IF EXISTS `sys_post`;
CREATE TABLE `sys_post`  (
  `post_id` bigint NOT NULL,
  `post_code` varchar(64) CHARACTER SET utf8mb4 COLLATE utf8mb4_0900_ai_ci NULL DEFAULT NULL,
  `post_name` varchar(50) CHARACTER SET utf8mb4 COLLATE utf8mb4_0900_ai_ci NULL DEFAULT NULL,
  `post_sort` int NOT NULL,
  `status` char(1) CHARACTER SET utf8mb4 COLLATE utf8mb4_0900_ai_ci NULL DEFAULT NULL,
  `create_by` varchar(64) CHARACTER SET utf8mb4 COLLATE utf8mb4_0900_ai_ci NULL DEFAULT NULL,
  `create_time` datetime NULL DEFAULT NULL,
  `update_by` varchar(64) CHARACTER SET utf8mb4 COLLATE utf8mb4_0900_ai_ci NULL DEFAULT NULL,
  `update_time` datetime NULL DEFAULT NULL,
  `remark` varchar(500) CHARACTER SET utf8mb4 COLLATE utf8mb4_0900_ai_ci NULL DEFAULT NULL
) ENGINE = InnoDB CHARACTER SET = utf8mb4 COLLATE = utf8mb4_0900_ai_ci ROW_FORMAT = DYNAMIC;

-- ----------------------------
-- Records of sys_post
-- ----------------------------
INSERT INTO `sys_post` VALUES (1, 'ceo', '董事长', 1, '1', 'admin', '2024-06-13 16:06:25', '', NULL, '');
INSERT INTO `sys_post` VALUES (2, 'se', '项目经理', 2, '1', 'admin', '2024-06-13 16:06:25', '', NULL, '');
INSERT INTO `sys_post` VALUES (3, 'hr', '人力资源', 3, '1', 'admin', '2024-06-13 16:06:25', '', NULL, '');
INSERT INTO `sys_post` VALUES (4, 'user', '普通员工', 4, '1', 'admin', '2024-06-13 16:06:25', '', NULL, '');
INSERT INTO `sys_post` VALUES (1811656351757385729, 'caiwu8989', '财务', 5, '1', 'admin', '2024-07-12 22:58:28', 'admin', '2024-07-12 14:58:38', NULL);

-- ----------------------------
-- Table structure for sys_role
-- ----------------------------
DROP TABLE IF EXISTS `sys_role`;
CREATE TABLE `sys_role`  (
  `role_id` bigint NOT NULL,
  `role_name` varchar(30) CHARACTER SET utf8mb4 COLLATE utf8mb4_0900_ai_ci NULL DEFAULT NULL,
  `role_key` varchar(100) CHARACTER SET utf8mb4 COLLATE utf8mb4_0900_ai_ci NULL DEFAULT NULL,
  `role_sort` int NOT NULL,
  `data_scope` char(1) CHARACTER SET utf8mb4 COLLATE utf8mb4_0900_ai_ci NULL DEFAULT NULL,
  `menu_check_strictly` tinyint(1) NULL DEFAULT NULL,
  `dept_check_strictly` tinyint(1) NULL DEFAULT NULL,
  `status` char(1) CHARACTER SET utf8mb4 COLLATE utf8mb4_0900_ai_ci NULL DEFAULT NULL,
  `del_flag` char(1) CHARACTER SET utf8mb4 COLLATE utf8mb4_0900_ai_ci NULL DEFAULT NULL,
  `create_by` varchar(64) CHARACTER SET utf8mb4 COLLATE utf8mb4_0900_ai_ci NULL DEFAULT NULL,
  `create_time` datetime NULL DEFAULT NULL,
  `update_by` varchar(64) CHARACTER SET utf8mb4 COLLATE utf8mb4_0900_ai_ci NULL DEFAULT NULL,
  `update_time` datetime NULL DEFAULT NULL,
  `remark` varchar(500) CHARACTER SET utf8mb4 COLLATE utf8mb4_0900_ai_ci NULL DEFAULT NULL
) ENGINE = InnoDB CHARACTER SET = utf8mb4 COLLATE = utf8mb4_0900_ai_ci ROW_FORMAT = DYNAMIC;

-- ----------------------------
-- Records of sys_role
-- ----------------------------
INSERT INTO `sys_role` VALUES (1, '超级管理员', 'admin', 1, '1', 1, 1, '1', '0', 'admin', '2024-06-13 16:06:26', '', NULL, '超级管理员');
INSERT INTO `sys_role` VALUES (2, '普通角色', 'common', 2, '2', 1, 1, '1', '1', 'admin', '2024-06-13 16:06:26', 'admin', '2024-07-10 17:13:05', '普通角色');
INSERT INTO `sys_role` VALUES (1811607750859661314, '测试角色1', 'test1', 2, '1', 1, 1, '1', '1', 'admin', '2024-07-12 11:45:21', 'admin', '2024-07-12 11:45:21', NULL);
INSERT INTO `sys_role` VALUES (1811629311809396737, '测试角色2', 'test2', 3, '1', 1, 1, '1', '1', 'admin', '2024-07-12 13:11:01', 'admin', '2024-07-12 13:11:01', NULL);
INSERT INTO `sys_role` VALUES (1829105952432427010, '试用', 'trier', 0, '1', 1, 1, '1', '0', 'admin', '2024-08-29 18:36:57', 'admin', '2024-08-30 10:51:57', NULL);
INSERT INTO `sys_role` VALUES (1911067693423845377, '普通员工', '100', 12, '1', 1, 1, '0', '1', 'admin', '2025-04-12 22:43:39', 'admin', '2025-04-12 22:43:39', NULL);
INSERT INTO `sys_role` VALUES (1912875129050800129, '测试员工', '14', 5, '1', 1, 1, '1', '0', 'admin', '2025-04-17 22:25:45', 'admin', '2025-04-17 22:25:45', NULL);
INSERT INTO `sys_role` VALUES (1913138480121155586, '仅测试', '3', 7, '1', 1, 1, '1', '1', 'admin', '2025-04-18 15:52:13', 'admin', '2025-04-18 15:52:13', NULL);

-- ----------------------------
-- Table structure for sys_role_dept
-- ----------------------------
DROP TABLE IF EXISTS `sys_role_dept`;
CREATE TABLE `sys_role_dept`  (
  `role_id` bigint NOT NULL,
  `dept_id` bigint NOT NULL
) ENGINE = InnoDB CHARACTER SET = utf8mb4 COLLATE = utf8mb4_0900_ai_ci ROW_FORMAT = DYNAMIC;

-- ----------------------------
-- Records of sys_role_dept
-- ----------------------------

-- ----------------------------
-- Table structure for sys_role_menu
-- ----------------------------
DROP TABLE IF EXISTS `sys_role_menu`;
CREATE TABLE `sys_role_menu`  (
  `role_id` bigint NOT NULL,
  `menu_id` bigint NOT NULL
) ENGINE = InnoDB CHARACTER SET = utf8mb4 COLLATE = utf8mb4_0900_ai_ci ROW_FORMAT = DYNAMIC;

-- ----------------------------
-- Records of sys_role_menu
-- ----------------------------
INSERT INTO `sys_role_menu` VALUES (1829105952432427010, 1808758090157985794);
INSERT INTO `sys_role_menu` VALUES (1829105952432427010, 1809059968309743618);
INSERT INTO `sys_role_menu` VALUES (1829105952432427010, 1809059968309743619);
INSERT INTO `sys_role_menu` VALUES (1829105952432427010, 1813458070128599041);
INSERT INTO `sys_role_menu` VALUES (1829105952432427010, 1813820131794837506);
INSERT INTO `sys_role_menu` VALUES (1829105952432427010, 1815207165755183105);
INSERT INTO `sys_role_menu` VALUES (1829105952432427010, 1818123963605549057);
INSERT INTO `sys_role_menu` VALUES (1829105952432427010, 1818466281474822145);
INSERT INTO `sys_role_menu` VALUES (1829105952432427010, 1818854933803638785);
INSERT INTO `sys_role_menu` VALUES (1829105952432427010, 1818855673632727042);
INSERT INTO `sys_role_menu` VALUES (1829105952432427010, 1820729144067321858);
INSERT INTO `sys_role_menu` VALUES (1829105952432427010, 1821075355068559361);
INSERT INTO `sys_role_menu` VALUES (1829105952432427010, 1822820194307051521);
INSERT INTO `sys_role_menu` VALUES (1829105952432427010, 1822862323595145218);
INSERT INTO `sys_role_menu` VALUES (1829105952432427010, 1823187248797270018);
INSERT INTO `sys_role_menu` VALUES (1829105952432427010, 1823190638784757762);
INSERT INTO `sys_role_menu` VALUES (1829105952432427010, 1825769009480142850);
INSERT INTO `sys_role_menu` VALUES (1829105952432427010, 1829349433573822466);
INSERT INTO `sys_role_menu` VALUES (1829105952432427010, 1829350164603260929);
INSERT INTO `sys_role_menu` VALUES (1829105952432427010, 1829351081448755202);
INSERT INTO `sys_role_menu` VALUES (1912875129050800129, 1808758090157985794);
INSERT INTO `sys_role_menu` VALUES (1912875129050800129, 1909128585102680065);

-- ----------------------------
-- Table structure for sys_user
-- ----------------------------
DROP TABLE IF EXISTS `sys_user`;
CREATE TABLE `sys_user`  (
  `user_id` bigint NOT NULL,
  `dept_id` bigint NULL DEFAULT NULL,
  `user_name` varchar(30) CHARACTER SET utf8mb4 COLLATE utf8mb4_0900_ai_ci NULL DEFAULT NULL,
  `nick_name` varchar(30) CHARACTER SET utf8mb4 COLLATE utf8mb4_0900_ai_ci NULL DEFAULT NULL,
  `user_type` varchar(10) CHARACTER SET utf8mb4 COLLATE utf8mb4_0900_ai_ci NULL DEFAULT NULL,
  `email` varchar(50) CHARACTER SET utf8mb4 COLLATE utf8mb4_0900_ai_ci NULL DEFAULT NULL,
  `phonenumber` varchar(11) CHARACTER SET utf8mb4 COLLATE utf8mb4_0900_ai_ci NULL DEFAULT NULL,
  `sex` char(1) CHARACTER SET utf8mb4 COLLATE utf8mb4_0900_ai_ci NULL DEFAULT NULL,
  `avatar` varchar(100) CHARACTER SET utf8mb4 COLLATE utf8mb4_0900_ai_ci NULL DEFAULT NULL,
  `password` varchar(100) CHARACTER SET utf8mb4 COLLATE utf8mb4_0900_ai_ci NULL DEFAULT NULL,
  `status` char(1) CHARACTER SET utf8mb4 COLLATE utf8mb4_0900_ai_ci NULL DEFAULT NULL,
  `del_flag` char(1) CHARACTER SET utf8mb4 COLLATE utf8mb4_0900_ai_ci NULL DEFAULT NULL,
  `login_ip` varchar(128) CHARACTER SET utf8mb4 COLLATE utf8mb4_0900_ai_ci NULL DEFAULT NULL,
  `login_date` datetime NULL DEFAULT NULL,
  `create_by` varchar(64) CHARACTER SET utf8mb4 COLLATE utf8mb4_0900_ai_ci NULL DEFAULT NULL,
  `create_time` datetime NULL DEFAULT NULL,
  `update_by` varchar(64) CHARACTER SET utf8mb4 COLLATE utf8mb4_0900_ai_ci NULL DEFAULT NULL,
  `update_time` datetime NULL DEFAULT NULL,
  `remark` varchar(500) CHARACTER SET utf8mb4 COLLATE utf8mb4_0900_ai_ci NULL DEFAULT NULL
) ENGINE = InnoDB CHARACTER SET = utf8mb4 COLLATE = utf8mb4_0900_ai_ci ROW_FORMAT = DYNAMIC;

-- ----------------------------
-- Records of sys_user
-- ----------------------------
INSERT INTO `sys_user` VALUES (1, 103, 'admin', '管理员', 'sys_user', 'zccbbg@qq.com', '18888888888', '0', '', '$2a$10$0Z/eg.trTaGUXDnRLNH0pOcGWrqDoatG.VhQTRjsTM1Mz7jyKilSe', '1', '0', '0:0:0:0:0:0:0:1', '2025-12-22 14:37:03', 'admin', '2024-06-13 16:06:25', 'admin', '2025-12-22 14:37:03', '管理员');
INSERT INTO `sys_user` VALUES (1829105396288688129, 105, 'kucun', 'kucun', 'sys_user', '', '', '0', '', '$2a$10$jpbgHXxmB9nszkvhixjaQuwQtXcq7XJrqFaFpev/93WvaWa/oEpGy', '1', '0', '127.0.0.1', '2024-08-30 13:54:01', 'admin', '2024-08-29 18:34:44', 'kucun', '2024-08-30 13:54:01', NULL);
INSERT INTO `sys_user` VALUES (1912506203460673537, 100, '123', '测试人员', 'sys_user', '', '', '0', '', '$2a$10$VkfiPPWiWzgqjCoaz48FUOsegbZAt.09jE.Zg9kjfQ4Cw26MFUeza', '0', '1', '', NULL, 'admin', '2025-04-16 21:59:46', 'admin', '2025-04-16 21:59:46', NULL);
INSERT INTO `sys_user` VALUES (1912507603993305090, 100, 'ww', '测试人员', 'sys_user', '', '', '0', '', '$2a$10$pD.Byi1Hs82Z/OZjKUe8OOj3rIiEQtotpvot0K8U5kkJFQQzKTvfK', '1', '1', '', NULL, 'admin', '2025-04-16 22:05:20', 'admin', '2025-04-16 22:05:20', NULL);
INSERT INTO `sys_user` VALUES (1912507840543662082, 100, '问问', '测试人员', 'sys_user', '', '', '0', '', '123456', '1', '1', '', NULL, 'admin', '2025-04-16 22:06:17', 'admin', '2025-04-18 15:09:55', NULL);
INSERT INTO `sys_user` VALUES (1912508025374056449, 100, '123', '测试', 'sys_user', '', '', '0', '', '$2a$10$giZpt/cD20L8yzY.hsevyuku.nmyxxmhkVT4bSGhw1aUFO50E7ma.', '1', '1', '', NULL, 'admin', '2025-04-16 22:07:01', 'admin', '2025-04-16 22:07:01', NULL);
INSERT INTO `sys_user` VALUES (1912508493747789826, 102, '123', '123', 'sys_user', '', '', '0', '', '123456', '1', '1', '', NULL, 'admin', '2025-04-16 22:08:52', 'admin', '2025-04-17 23:23:03', NULL);
INSERT INTO `sys_user` VALUES (1912865254853877761, 100, 'cs100', '测试账号', 'sys_user', '123@qq.com', '18889999666', '0', '', '123456', '1', '0', '', NULL, 'admin', '2025-04-17 21:46:31', 'admin', '2025-04-18 15:46:05', '测试更新');
INSERT INTO `sys_user` VALUES (1912865369626812418, 100, '问问我', '测试人员', 'sys_user', '', '', '0', '', '$2a$10$pG3UGI58k0pLugV59cMW9OoIrCK98r6sGl8zQN4ozlNU.af0Ia746', '1', '1', '', NULL, 'admin', '2025-04-17 21:46:58', 'admin', '2025-04-17 21:46:58', NULL);
INSERT INTO `sys_user` VALUES (2, 111, 'xiaoxiao', '测试人员', 'sys_user', NULL, NULL, '1', NULL, '123456', '1', '1', NULL, NULL, 'admin', '2025-10-02 17:05:22', 'admin', '2025-10-02 17:05:27', NULL);

-- ----------------------------
-- Table structure for sys_user_post
-- ----------------------------
DROP TABLE IF EXISTS `sys_user_post`;
CREATE TABLE `sys_user_post`  (
  `user_id` bigint NOT NULL,
  `post_id` bigint NOT NULL
) ENGINE = InnoDB CHARACTER SET = utf8mb4 COLLATE = utf8mb4_0900_ai_ci ROW_FORMAT = DYNAMIC;

-- ----------------------------
-- Records of sys_user_post
-- ----------------------------
INSERT INTO `sys_user_post` VALUES (1, 1);
INSERT INTO `sys_user_post` VALUES (1912865254853877761, 1);

-- ----------------------------
-- Table structure for sys_user_role
-- ----------------------------
DROP TABLE IF EXISTS `sys_user_role`;
CREATE TABLE `sys_user_role`  (
  `user_id` bigint NOT NULL,
  `role_id` bigint NOT NULL
) ENGINE = InnoDB CHARACTER SET = utf8mb4 COLLATE = utf8mb4_0900_ai_ci ROW_FORMAT = DYNAMIC;

-- ----------------------------
-- Records of sys_user_role
-- ----------------------------
INSERT INTO `sys_user_role` VALUES (1, 1);
INSERT INTO `sys_user_role` VALUES (1829105396288688129, 1829105952432427010);
INSERT INTO `sys_user_role` VALUES (1912865254853877761, 1829105952432427010);

-- ----------------------------
-- Table structure for user_account
-- ----------------------------
DROP TABLE IF EXISTS `user_account`;
CREATE TABLE `user_account`  (
  `id` bigint NOT NULL AUTO_INCREMENT COMMENT '主键ID',
  `username` varchar(64) CHARACTER SET utf8mb4 COLLATE utf8mb4_0900_ai_ci NOT NULL COMMENT '登录用户名，唯一',
  `password_md5` varchar(64) CHARACTER SET utf8mb4 COLLATE utf8mb4_0900_ai_ci NOT NULL COMMENT '密码MD5摘要，后端仅保存散列值',
  `role_code` varchar(32) CHARACTER SET utf8mb4 COLLATE utf8mb4_0900_ai_ci NOT NULL DEFAULT 'USER' COMMENT '角色编码：USER/ADMIN等',
  `status` tinyint NOT NULL DEFAULT 1 COMMENT '账户状态：1正常，0禁用',
  `content_enc` text CHARACTER SET utf8mb4 COLLATE utf8mb4_0900_ai_ci NULL COMMENT '加密存储的扩展信息（AES Base64）',
  `created_at` timestamp NOT NULL DEFAULT CURRENT_TIMESTAMP COMMENT '创建时间',
  `updated_at` timestamp NOT NULL DEFAULT CURRENT_TIMESTAMP ON UPDATE CURRENT_TIMESTAMP COMMENT '更新时间',
  PRIMARY KEY (`id`) USING BTREE,
  UNIQUE INDEX `username`(`username` ASC) USING BTREE
) ENGINE = InnoDB AUTO_INCREMENT = 2 CHARACTER SET = utf8mb4 COLLATE = utf8mb4_0900_ai_ci COMMENT = '用户账户与鉴权' ROW_FORMAT = DYNAMIC;

-- ----------------------------
-- Records of user_account
-- ----------------------------
INSERT INTO `user_account` VALUES (1, '测试用户', 'e10adc3949ba59abbe56e057f20f883e', 'USER', 1, NULL, '2025-11-22 19:49:20', '2025-11-22 19:49:20');

-- ----------------------------
-- Table structure for wms_area
-- ----------------------------
DROP TABLE IF EXISTS `wms_area`;
CREATE TABLE `wms_area`  (
  `id` bigint NOT NULL,
  `area_code` varchar(20) CHARACTER SET utf8mb4 COLLATE utf8mb4_0900_ai_ci NULL DEFAULT NULL,
  `area_name` varchar(60) CHARACTER SET utf8mb4 COLLATE utf8mb4_0900_ai_ci NULL DEFAULT NULL,
  `warehouse_id` bigint NOT NULL,
  `remark` varchar(255) CHARACTER SET utf8mb4 COLLATE utf8mb4_0900_ai_ci NULL DEFAULT NULL,
  `del_flag` tinyint NOT NULL,
  `create_by` varchar(64) CHARACTER SET utf8mb4 COLLATE utf8mb4_0900_ai_ci NULL DEFAULT NULL,
  `create_time` datetime(3) NULL DEFAULT NULL,
  `update_by` varchar(64) CHARACTER SET utf8mb4 COLLATE utf8mb4_0900_ai_ci NULL DEFAULT NULL,
  `update_time` datetime(3) NULL DEFAULT NULL
) ENGINE = InnoDB CHARACTER SET = utf8mb4 COLLATE = utf8mb4_0900_ai_ci ROW_FORMAT = DYNAMIC;

-- ----------------------------
-- Records of wms_area
-- ----------------------------
INSERT INTO `wms_area` VALUES (1828364518342430721, NULL, '亭洪存储库', 1828364459110469633, NULL, 0, 'admin', '2024-08-27 17:30:45.210', 'admin', '2025-04-16 21:01:34.680');
INSERT INTO `wms_area` VALUES (1828364560503574530, NULL, '石柱岭存储库', 1828364459110469633, NULL, 0, 'admin', '2024-08-27 17:30:55.261', 'admin', '2025-04-16 21:01:42.696');
INSERT INTO `wms_area` VALUES (1828364666585911297, NULL, '凤岭储存库', 1828364609002311682, NULL, 0, 'admin', '2024-08-27 17:31:20.553', 'admin', '2025-04-16 20:51:23.172');
INSERT INTO `wms_area` VALUES (1828364702635954177, NULL, '琅东存储库', 1828364609002311682, NULL, 0, 'admin', '2024-08-27 17:31:29.140', 'admin', '2025-04-16 21:01:54.438');
INSERT INTO `wms_area` VALUES (1829397566185992193, NULL, '朝阳地区仓库', 1828364740028174337, NULL, 0, 'admin', '2024-08-30 13:55:43.009', 'admin', '2025-04-16 20:51:50.637');
INSERT INTO `wms_area` VALUES (1829397621378838530, NULL, '虎邱地区仓库', 1828364740028174337, NULL, 0, 'admin', '2024-08-30 13:55:56.167', 'admin', '2025-04-16 20:52:19.427');
INSERT INTO `wms_area` VALUES (1829397661719654401, NULL, '金桥地区仓库', 1828364740028174337, NULL, 0, 'admin', '2024-08-30 13:56:05.790', 'admin', '2025-04-16 21:02:36.956');
INSERT INTO `wms_area` VALUES (1829397707726974978, NULL, '秀厢地区仓库', 1828364740028174337, NULL, 0, 'admin', '2024-08-30 13:56:16.756', 'admin', '2025-04-16 21:02:31.078');
INSERT INTO `wms_area` VALUES (1829397742493560833, NULL, '相思湖地区仓库', 1828364740028174337, NULL, 0, 'admin', '2024-08-30 13:56:25.043', 'admin', '2025-04-16 20:53:49.780');

-- ----------------------------
-- Table structure for wms_check_order
-- ----------------------------
DROP TABLE IF EXISTS `wms_check_order`;
CREATE TABLE `wms_check_order`  (
  `id` bigint NOT NULL,
  `check_order_no` varchar(22) CHARACTER SET utf8mb4 COLLATE utf8mb4_0900_ai_ci NULL DEFAULT NULL,
  `check_order_status` tinyint NULL DEFAULT NULL,
  `check_order_total` decimal(20, 2) NULL DEFAULT NULL,
  `warehouse_id` bigint NULL DEFAULT NULL,
  `area_id` bigint NULL DEFAULT NULL,
  `remark` varchar(255) CHARACTER SET utf8mb4 COLLATE utf8mb4_0900_ai_ci NULL DEFAULT NULL,
  `create_by` varchar(64) CHARACTER SET utf8mb4 COLLATE utf8mb4_0900_ai_ci NULL DEFAULT NULL,
  `create_time` datetime(3) NULL DEFAULT NULL,
  `update_by` varchar(64) CHARACTER SET utf8mb4 COLLATE utf8mb4_0900_ai_ci NULL DEFAULT NULL,
  `update_time` datetime(3) NULL DEFAULT NULL
) ENGINE = InnoDB CHARACTER SET = utf8mb4 COLLATE = utf8mb4_0900_ai_ci ROW_FORMAT = DYNAMIC;

-- ----------------------------
-- Records of wms_check_order
-- ----------------------------
INSERT INTO `wms_check_order` VALUES (1828631466955448321, 'PK08286054', 1, 3.00, 1828364459110469633, 1828364518342430721, NULL, 'admin', '2024-08-28 11:11:30.723', 'admin', '2024-08-28 11:11:37.825');
INSERT INTO `wms_check_order` VALUES (1828632546531549185, 'PK08288055', 1, 3.00, 1828364459110469633, NULL, NULL, 'admin', '2024-08-28 11:15:48.103', 'admin', '2024-08-28 11:16:17.508');
INSERT INTO `wms_check_order` VALUES (1828633046379339778, 'PK08283199', 1, 2.00, 1828364609002311682, NULL, NULL, 'admin', '2024-08-28 11:17:47.274', 'admin', '2024-08-28 11:17:47.274');

-- ----------------------------
-- Table structure for wms_check_order_detail
-- ----------------------------
DROP TABLE IF EXISTS `wms_check_order_detail`;
CREATE TABLE `wms_check_order_detail`  (
  `id` bigint NOT NULL,
  `check_order_id` bigint NULL DEFAULT NULL,
  `sku_id` bigint NOT NULL,
  `quantity` decimal(20, 2) NULL DEFAULT NULL,
  `check_quantity` decimal(20, 2) NULL DEFAULT NULL,
  `warehouse_id` bigint NULL DEFAULT NULL,
  `area_id` bigint NULL DEFAULT NULL,
  `batch_no` varchar(64) CHARACTER SET utf8mb4 COLLATE utf8mb4_0900_ai_ci NULL DEFAULT NULL,
  `production_date` datetime(3) NULL DEFAULT NULL,
  `expiration_date` datetime(3) NULL DEFAULT NULL,
  `receipt_time` datetime(3) NULL DEFAULT NULL,
  `inventory_detail_id` bigint NULL DEFAULT NULL,
  `remark` varchar(255) CHARACTER SET utf8mb4 COLLATE utf8mb4_0900_ai_ci NULL DEFAULT NULL,
  `create_by` varchar(64) CHARACTER SET utf8mb4 COLLATE utf8mb4_0900_ai_ci NULL DEFAULT NULL,
  `create_time` datetime(3) NULL DEFAULT NULL,
  `update_by` varchar(64) CHARACTER SET utf8mb4 COLLATE utf8mb4_0900_ai_ci NULL DEFAULT NULL,
  `update_time` datetime(3) NULL DEFAULT NULL
) ENGINE = InnoDB CHARACTER SET = utf8mb4 COLLATE = utf8mb4_0900_ai_ci ROW_FORMAT = DYNAMIC;

-- ----------------------------
-- Records of wms_check_order_detail
-- ----------------------------
INSERT INTO `wms_check_order_detail` VALUES (1828631467345518594, 1828631466955448321, 1828408796968030211, 0.00, 1.00, 1828364459110469633, 1828364518342430721, NULL, NULL, NULL, '2024-08-28 11:11:22.000', NULL, NULL, 'admin', '2024-08-28 11:11:30.807', 'admin', '2024-08-28 11:11:37.943');
INSERT INTO `wms_check_order_detail` VALUES (1828631467345518595, 1828631466955448321, 1828408796968030212, 0.00, 1.00, 1828364459110469633, 1828364518342430721, NULL, NULL, NULL, '2024-08-28 11:11:22.000', NULL, NULL, 'admin', '2024-08-28 11:11:30.812', 'admin', '2024-08-28 11:11:38.067');
INSERT INTO `wms_check_order_detail` VALUES (1828631467345518596, 1828631466955448321, 1828408796968030210, 0.00, 1.00, 1828364459110469633, 1828364518342430721, NULL, NULL, NULL, '2024-08-28 11:11:22.000', NULL, NULL, 'admin', '2024-08-28 11:11:30.812', 'admin', '2024-08-28 11:11:38.184');
INSERT INTO `wms_check_order_detail` VALUES (1828632546862899202, 1828632546531549185, 1828408796968030210, 1.00, 2.00, 1828364459110469633, 1828364518342430721, NULL, NULL, NULL, '2024-08-28 11:11:22.000', 1828631499662630916, NULL, 'admin', '2024-08-28 11:15:48.180', 'admin', '2024-08-28 11:16:17.636');
INSERT INTO `wms_check_order_detail` VALUES (1828632546862899203, 1828632546531549185, 1828408796968030211, 1.00, 2.00, 1828364459110469633, 1828364518342430721, NULL, NULL, NULL, '2024-08-28 11:11:22.000', 1828631499662630914, NULL, 'admin', '2024-08-28 11:15:48.180', 'admin', '2024-08-28 11:16:17.758');
INSERT INTO `wms_check_order_detail` VALUES (1828632546862899204, 1828632546531549185, 1828408796968030212, 1.00, 2.00, 1828364459110469633, 1828364518342430721, NULL, NULL, NULL, '2024-08-28 11:11:22.000', 1828631499662630915, NULL, 'admin', '2024-08-28 11:15:48.181', 'admin', '2024-08-28 11:16:17.885');
INSERT INTO `wms_check_order_detail` VALUES (1828632600055062530, 1828632546531549185, 1828408321522700289, 0.00, 0.00, 1828364459110469633, 1828364518342430721, NULL, NULL, NULL, '2024-08-28 11:15:56.000', NULL, NULL, 'admin', '2024-08-28 11:16:00.866', 'admin', '2024-08-28 11:16:18.004');
INSERT INTO `wms_check_order_detail` VALUES (1828633046706495490, 1828633046379339778, 1828408796968030210, 1.00, 1.00, 1828364609002311682, 1828364666585911297, NULL, NULL, NULL, '2024-08-27 20:34:28.000', 1828410751362736129, NULL, 'admin', '2024-08-28 11:17:47.350', 'admin', '2024-08-28 11:17:47.350');
INSERT INTO `wms_check_order_detail` VALUES (1828633046706495491, 1828633046379339778, 1828408796968030211, 1.00, 1.00, 1828364609002311682, 1828364666585911297, NULL, NULL, NULL, '2024-08-27 20:34:28.000', 1828410751362736130, NULL, 'admin', '2024-08-28 11:17:47.351', 'admin', '2024-08-28 11:17:47.351');
INSERT INTO `wms_check_order_detail` VALUES (1828633046706495492, 1828633046379339778, 1828408796968030212, 1.00, 1.00, 1828364609002311682, 1828364666585911297, NULL, NULL, NULL, '2024-08-27 20:34:28.000', 1828410751362736131, NULL, 'admin', '2024-08-28 11:17:47.351', 'admin', '2024-08-28 11:17:47.351');
INSERT INTO `wms_check_order_detail` VALUES (1828633046706495493, 1828633046379339778, 1828408321522700289, 0.00, 2.00, 1828364609002311682, 1828364666585911297, NULL, NULL, NULL, '2024-08-28 11:17:34.000', NULL, NULL, 'admin', '2024-08-28 11:17:47.352', 'admin', '2024-08-28 11:17:47.352');

-- ----------------------------
-- Table structure for wms_inventory
-- ----------------------------
DROP TABLE IF EXISTS `wms_inventory`;
CREATE TABLE `wms_inventory`  (
  `id` bigint NOT NULL,
  `sku_id` bigint NULL DEFAULT NULL,
  `warehouse_id` bigint NULL DEFAULT NULL,
  `area_id` bigint NULL DEFAULT NULL,
  `quantity` decimal(20, 2) NULL DEFAULT NULL,
  `remark` varchar(255) CHARACTER SET utf8mb4 COLLATE utf8mb4_0900_ai_ci NULL DEFAULT NULL,
  `create_by` varchar(64) CHARACTER SET utf8mb4 COLLATE utf8mb4_0900_ai_ci NULL DEFAULT NULL,
  `create_time` datetime(3) NULL DEFAULT NULL,
  `update_by` varchar(64) CHARACTER SET utf8mb4 COLLATE utf8mb4_0900_ai_ci NULL DEFAULT NULL,
  `update_time` datetime(3) NULL DEFAULT NULL
) ENGINE = InnoDB CHARACTER SET = utf8mb4 COLLATE = utf8mb4_0900_ai_ci ROW_FORMAT = DYNAMIC;

-- ----------------------------
-- Records of wms_inventory
-- ----------------------------
INSERT INTO `wms_inventory` VALUES (1828410752281288706, 1828408796968030210, 1828364609002311682, 1828364666585911297, 1.00, NULL, 'admin', '2024-08-27 20:34:28.229', 'admin', '2024-08-27 20:34:28.229');
INSERT INTO `wms_inventory` VALUES (1828410752285483010, 1828408796968030212, 1828364609002311682, 1828364666585911297, 1.00, NULL, 'admin', '2024-08-27 20:34:28.231', 'admin', '2024-08-27 20:34:28.231');
INSERT INTO `wms_inventory` VALUES (1828410752285483011, 1828408796968030211, 1828364609002311682, 1828364666585911297, 1.00, NULL, 'admin', '2024-08-27 20:34:28.231', 'admin', '2024-08-27 20:34:28.231');
INSERT INTO `wms_inventory` VALUES (1828631499272560641, 1828408796968030212, 1828364459110469633, 1828364518342430721, 2.00, NULL, 'admin', '2024-08-28 11:11:38.423', 'admin', '2024-08-28 11:16:18.237');
INSERT INTO `wms_inventory` VALUES (1828631499272560642, 1828408796968030211, 1828364459110469633, 1828364518342430721, 1.00, NULL, 'admin', '2024-08-28 11:11:38.424', 'admin', '2024-08-28 11:19:20.733');
INSERT INTO `wms_inventory` VALUES (1828631499272560643, 1828408796968030210, 1828364459110469633, 1828364518342430721, 0.00, NULL, 'admin', '2024-08-28 11:11:38.425', 'admin', '2024-08-28 11:19:20.734');
INSERT INTO `wms_inventory` VALUES (1828633047683768322, 1828408321522700289, 1828364609002311682, 1828364666585911297, 1.00, NULL, 'admin', '2024-08-28 11:17:47.585', 'admin', '2024-08-28 14:35:26.915');
INSERT INTO `wms_inventory` VALUES (1828682789792980994, 1828408321522700289, 1828364459110469633, 1828364518342430721, 1.00, NULL, 'admin', '2024-08-28 14:35:27.039', 'admin', '2024-08-28 14:35:27.039');
INSERT INTO `wms_inventory` VALUES (1829399582966738945, 1829398193024724993, 1828364740028174337, 1829397742493560833, 99.00, NULL, 'admin', '2024-08-30 14:03:43.850', 'kucun', '2024-08-30 14:30:23.390');
INSERT INTO `wms_inventory` VALUES (1829399582966738946, 1829398193024724994, 1828364740028174337, 1829397742493560833, 100.00, NULL, 'admin', '2024-08-30 14:03:43.851', 'kucun', '2024-08-30 14:30:23.391');
INSERT INTO `wms_inventory` VALUES (1829399582966738947, 1829399118304964610, 1828364740028174337, 1829397566185992193, 97.00, NULL, 'admin', '2024-08-30 14:03:43.851', 'kucun', '2024-08-30 15:20:29.232');
INSERT INTO `wms_inventory` VALUES (1829399582966738948, 1829398702011904001, 1828364740028174337, 1829397661719654401, 99.00, NULL, 'admin', '2024-08-30 14:03:43.852', 'kucun', '2024-08-30 14:30:23.391');
INSERT INTO `wms_inventory` VALUES (1829399582966738949, 1829398702011904002, 1828364740028174337, 1829397661719654401, 99.00, NULL, 'admin', '2024-08-30 14:03:43.852', 'kucun', '2024-08-30 14:30:23.392');
INSERT INTO `wms_inventory` VALUES (1829399583033847810, 1829398333903007746, 1828364740028174337, 1829397707726974978, 99.00, NULL, 'admin', '2024-08-30 14:03:43.854', 'kucun', '2024-08-30 14:30:23.392');
INSERT INTO `wms_inventory` VALUES (1829399583033847811, 1829398333903007745, 1828364740028174337, 1829397707726974978, 98.00, NULL, 'admin', '2024-08-30 14:03:43.854', 'kucun', '2024-08-30 14:30:23.393');
INSERT INTO `wms_inventory` VALUES (1829399583033847812, 1829398492779048963, 1828364740028174337, 1829397621378838530, 98.00, NULL, 'admin', '2024-08-30 14:03:43.855', 'kucun', '2024-08-30 14:30:23.393');
INSERT INTO `wms_inventory` VALUES (1829399583033847813, 1829399118304964609, 1828364740028174337, 1829397566185992193, 97.00, NULL, 'admin', '2024-08-30 14:03:43.856', 'kucun', '2024-08-30 15:20:29.232');
INSERT INTO `wms_inventory` VALUES (1829399583033847814, 1829398492779048962, 1828364740028174337, 1829397621378838530, 98.00, NULL, 'admin', '2024-08-30 14:03:43.856', 'kucun', '2024-08-30 14:30:23.394');
INSERT INTO `wms_inventory` VALUES (1829418900177743873, 1829399118304964609, 1828364740028174337, 1829397621378838530, 1.00, NULL, 'kucun', '2024-08-30 15:20:29.435', 'kucun', '2024-08-30 15:20:29.435');
INSERT INTO `wms_inventory` VALUES (1829418900244852737, 1829399118304964610, 1828364740028174337, 1829397621378838530, 1.00, NULL, 'kucun', '2024-08-30 15:20:29.436', 'kucun', '2024-08-30 15:20:29.436');

-- ----------------------------
-- Table structure for wms_inventory_detail
-- ----------------------------
DROP TABLE IF EXISTS `wms_inventory_detail`;
CREATE TABLE `wms_inventory_detail`  (
  `id` bigint NOT NULL,
  `receipt_order_id` bigint NULL DEFAULT NULL,
  `receipt_order_type` varchar(20) CHARACTER SET utf8mb4 COLLATE utf8mb4_0900_ai_ci NULL DEFAULT NULL,
  `order_no` varchar(255) CHARACTER SET utf8mb4 COLLATE utf8mb4_0900_ai_ci NULL DEFAULT NULL,
  `type` int NULL DEFAULT NULL,
  `sku_id` bigint NULL DEFAULT NULL,
  `warehouse_id` bigint NULL DEFAULT NULL,
  `area_id` bigint NULL DEFAULT NULL,
  `quantity` decimal(20, 2) NULL DEFAULT NULL,
  `batch_no` varchar(64) CHARACTER SET utf8mb4 COLLATE utf8mb4_0900_ai_ci NULL DEFAULT NULL,
  `production_date` datetime(3) NULL DEFAULT NULL,
  `expiration_date` datetime(3) NULL DEFAULT NULL,
  `amount` decimal(10, 2) NULL DEFAULT NULL,
  `remark` varchar(255) CHARACTER SET utf8mb4 COLLATE utf8mb4_0900_ai_ci NULL DEFAULT NULL,
  `remain_quantity` decimal(10, 2) NULL DEFAULT NULL,
  `create_by` varchar(64) CHARACTER SET utf8mb4 COLLATE utf8mb4_0900_ai_ci NULL DEFAULT NULL,
  `create_time` datetime(3) NULL DEFAULT NULL,
  `update_by` varchar(64) CHARACTER SET utf8mb4 COLLATE utf8mb4_0900_ai_ci NULL DEFAULT NULL,
  `update_time` datetime(3) NULL DEFAULT NULL
) ENGINE = InnoDB CHARACTER SET = utf8mb4 COLLATE = utf8mb4_0900_ai_ci ROW_FORMAT = DYNAMIC;

-- ----------------------------
-- Records of wms_inventory_detail
-- ----------------------------
INSERT INTO `wms_inventory_detail` VALUES (1828410751362736129, 1828410750511292417, NULL, NULL, 1, 1828408796968030210, 1828364609002311682, 1828364666585911297, 1.00, NULL, NULL, NULL, NULL, NULL, 1.00, 'admin', '2024-08-27 20:34:28.015', 'admin', '2024-08-27 20:34:28.015');
INSERT INTO `wms_inventory_detail` VALUES (1828410751362736130, 1828410750511292417, NULL, NULL, 1, 1828408796968030211, 1828364609002311682, 1828364666585911297, 1.00, NULL, NULL, NULL, NULL, NULL, 1.00, 'admin', '2024-08-27 20:34:28.017', 'admin', '2024-08-27 20:34:28.017');
INSERT INTO `wms_inventory_detail` VALUES (1828410751362736131, 1828410750511292417, NULL, NULL, 1, 1828408796968030212, 1828364609002311682, 1828364666585911297, 1.00, NULL, NULL, NULL, NULL, NULL, 1.00, 'admin', '2024-08-27 20:34:28.017', 'admin', '2024-08-27 20:34:28.017');
INSERT INTO `wms_inventory_detail` VALUES (1828631499662630914, 1828631466955448321, NULL, NULL, 3, 1828408796968030211, 1828364459110469633, 1828364518342430721, 1.00, NULL, NULL, NULL, NULL, NULL, 1.00, 'admin', '2024-08-28 11:11:22.000', 'admin', '2024-08-28 11:11:22.000');
INSERT INTO `wms_inventory_detail` VALUES (1828631499662630915, 1828631466955448321, NULL, NULL, 3, 1828408796968030212, 1828364459110469633, 1828364518342430721, 1.00, NULL, NULL, NULL, NULL, NULL, 1.00, 'admin', '2024-08-28 11:11:22.000', 'admin', '2024-08-28 11:11:22.000');
INSERT INTO `wms_inventory_detail` VALUES (1828632673883201539, 1828632546531549185, NULL, NULL, 3, 1828408796968030212, 1828364459110469633, 1828364518342430721, 1.00, NULL, NULL, NULL, NULL, NULL, 1.00, 'admin', '2024-08-28 11:11:22.000', 'admin', '2024-08-28 11:11:22.000');
INSERT INTO `wms_inventory_detail` VALUES (1828633048015118337, NULL, NULL, NULL, 3, 1828408321522700289, 1828364609002311682, 1828364666585911297, 2.00, NULL, NULL, NULL, NULL, NULL, 1.00, 'admin', '2024-08-28 11:17:34.000', 'admin', '2024-08-28 14:35:27.121');
INSERT INTO `wms_inventory_detail` VALUES (1828682790510206977, 1828682788358529025, NULL, NULL, 2, 1828408321522700289, 1828364459110469633, 1828364518342430721, 1.00, NULL, NULL, NULL, NULL, NULL, 1.00, 'admin', '2024-08-28 14:35:27.202', 'admin', '2024-08-28 14:35:27.202');
INSERT INTO `wms_inventory_detail` VALUES (1829399580546625538, 1829399579699376129, NULL, NULL, 1, 1829399118304964609, 1828364740028174337, 1829397566185992193, 100.00, NULL, NULL, NULL, NULL, NULL, 97.00, 'admin', '2024-08-30 14:03:43.274', 'kucun', '2024-08-30 15:20:29.514');
INSERT INTO `wms_inventory_detail` VALUES (1829399580546625539, 1829399579699376129, NULL, NULL, 1, 1829399118304964610, 1828364740028174337, 1829397566185992193, 100.00, NULL, NULL, NULL, NULL, NULL, 97.00, 'admin', '2024-08-30 14:03:43.275', 'kucun', '2024-08-30 15:20:29.514');
INSERT INTO `wms_inventory_detail` VALUES (1829399580613734402, 1829399579699376129, NULL, NULL, 1, 1829398702011904001, 1828364740028174337, 1829397661719654401, 100.00, NULL, NULL, NULL, NULL, NULL, 99.00, 'admin', '2024-08-30 14:03:43.275', 'kucun', '2024-08-30 14:30:23.602');
INSERT INTO `wms_inventory_detail` VALUES (1829399580613734403, 1829399579699376129, NULL, NULL, 1, 1829398702011904002, 1828364740028174337, 1829397661719654401, 100.00, NULL, NULL, NULL, NULL, NULL, 99.00, 'admin', '2024-08-30 14:03:43.276', 'kucun', '2024-08-30 14:30:23.602');
INSERT INTO `wms_inventory_detail` VALUES (1829399580613734404, 1829399579699376129, NULL, NULL, 1, 1829398492779048962, 1828364740028174337, 1829397621378838530, 99.00, NULL, NULL, NULL, NULL, NULL, 98.00, 'admin', '2024-08-30 14:03:43.277', 'kucun', '2024-08-30 14:30:23.602');
INSERT INTO `wms_inventory_detail` VALUES (1829399580613734405, 1829399579699376129, NULL, NULL, 1, 1829398492779048963, 1828364740028174337, 1829397621378838530, 99.00, NULL, NULL, NULL, NULL, NULL, 98.00, 'admin', '2024-08-30 14:03:43.281', 'kucun', '2024-08-30 14:30:23.602');
INSERT INTO `wms_inventory_detail` VALUES (1829399580613734406, 1829399579699376129, NULL, NULL, 1, 1829398333903007745, 1828364740028174337, 1829397707726974978, 99.00, NULL, NULL, NULL, NULL, NULL, 98.00, 'admin', '2024-08-30 14:03:43.282', 'kucun', '2024-08-30 14:30:23.602');
INSERT INTO `wms_inventory_detail` VALUES (1829399580613734407, 1829399579699376129, NULL, NULL, 1, 1829398333903007746, 1828364740028174337, 1829397707726974978, 100.00, NULL, NULL, NULL, NULL, NULL, 99.00, 'admin', '2024-08-30 14:03:43.285', 'kucun', '2024-08-30 14:30:23.602');
INSERT INTO `wms_inventory_detail` VALUES (1829399580613734408, 1829399579699376129, NULL, NULL, 1, 1829398193024724993, 1828364740028174337, 1829397742493560833, 100.00, NULL, NULL, NULL, NULL, NULL, 99.00, 'admin', '2024-08-30 14:03:43.287', 'kucun', '2024-08-30 14:30:23.602');
INSERT INTO `wms_inventory_detail` VALUES (1829399580613734409, 1829399579699376129, NULL, NULL, 1, 1829398193024724994, 1828364740028174337, 1829397742493560833, 101.00, NULL, NULL, NULL, NULL, NULL, 100.00, 'admin', '2024-08-30 14:03:43.287', 'kucun', '2024-08-30 14:30:23.602');
INSERT INTO `wms_inventory_detail` VALUES (1829418900894969858, 1829418487672139777, NULL, NULL, 2, 1829399118304964609, 1828364740028174337, 1829397621378838530, 1.00, NULL, NULL, NULL, NULL, NULL, 1.00, 'kucun', '2024-08-30 15:20:29.600', 'kucun', '2024-08-30 15:20:29.600');
INSERT INTO `wms_inventory_detail` VALUES (1829418900894969859, 1829418487672139777, NULL, NULL, 2, 1829399118304964610, 1828364740028174337, 1829397621378838530, 1.00, NULL, NULL, NULL, NULL, NULL, 1.00, 'kucun', '2024-08-30 15:20:29.601', 'kucun', '2024-08-30 15:20:29.601');

-- ----------------------------
-- Table structure for wms_inventory_history
-- ----------------------------
DROP TABLE IF EXISTS `wms_inventory_history`;
CREATE TABLE `wms_inventory_history`  (
  `id` bigint NOT NULL,
  `warehouse_id` bigint NULL DEFAULT NULL,
  `area_id` bigint NULL DEFAULT NULL,
  `sku_id` bigint NULL DEFAULT NULL,
  `quantity` decimal(20, 2) NULL DEFAULT NULL,
  `batch_no` varchar(64) CHARACTER SET utf8mb4 COLLATE utf8mb4_0900_ai_ci NULL DEFAULT NULL,
  `production_date` datetime(3) NULL DEFAULT NULL,
  `expiration_date` datetime(3) NULL DEFAULT NULL,
  `amount` decimal(10, 2) NULL DEFAULT NULL,
  `remark` varchar(255) CHARACTER SET utf8mb4 COLLATE utf8mb4_0900_ai_ci NULL DEFAULT NULL,
  `order_id` bigint NULL DEFAULT NULL,
  `order_no` varchar(64) CHARACTER SET utf8mb4 COLLATE utf8mb4_0900_ai_ci NULL DEFAULT NULL,
  `order_type` int NULL DEFAULT NULL,
  `create_time` datetime(3) NULL DEFAULT NULL
) ENGINE = InnoDB CHARACTER SET = utf8mb4 COLLATE = utf8mb4_0900_ai_ci ROW_FORMAT = DYNAMIC;

-- ----------------------------
-- Records of wms_inventory_history
-- ----------------------------
INSERT INTO `wms_inventory_history` VALUES (1828410752604250113, 1828364609002311682, 1828364666585911297, 1828408796968030210, 1.00, NULL, NULL, NULL, NULL, NULL, 1828410750511292417, 'RK08270491', 1, '2024-08-27 20:34:28.311');
INSERT INTO `wms_inventory_history` VALUES (1828410752604250114, 1828364609002311682, 1828364666585911297, 1828408796968030211, 1.00, NULL, NULL, NULL, NULL, NULL, 1828410750511292417, 'RK08270491', 1, '2024-08-27 20:34:28.312');
INSERT INTO `wms_inventory_history` VALUES (1828410752604250115, 1828364609002311682, 1828364666585911297, 1828408796968030212, 1.00, NULL, NULL, NULL, NULL, NULL, 1828410750511292417, 'RK08270491', 1, '2024-08-27 20:34:28.313');
INSERT INTO `wms_inventory_history` VALUES (1828631500056895489, 1828364459110469633, 1828364518342430721, 1828408796968030211, 1.00, NULL, NULL, NULL, NULL, NULL, 1828631466955448321, 'PK08286054', 4, '2024-08-28 11:11:22.000');
INSERT INTO `wms_inventory_history` VALUES (1828631500056895490, 1828364459110469633, 1828364518342430721, 1828408796968030212, 1.00, NULL, NULL, NULL, NULL, NULL, 1828631466955448321, 'PK08286054', 4, '2024-08-28 11:11:22.000');
INSERT INTO `wms_inventory_history` VALUES (1828631500056895491, 1828364459110469633, 1828364518342430721, 1828408796968030210, 1.00, NULL, NULL, NULL, NULL, NULL, 1828631466955448321, 'PK08286054', 4, '2024-08-28 11:11:22.000');
INSERT INTO `wms_inventory_history` VALUES (1828632674210357249, 1828364459110469633, 1828364518342430721, 1828408796968030210, 1.00, NULL, NULL, NULL, NULL, NULL, 1828632546531549185, 'PK08288055', 4, '2024-08-28 11:11:22.000');
INSERT INTO `wms_inventory_history` VALUES (1828632674210357250, 1828364459110469633, 1828364518342430721, 1828408796968030211, 1.00, NULL, NULL, NULL, NULL, NULL, 1828632546531549185, 'PK08288055', 4, '2024-08-28 11:11:22.000');
INSERT INTO `wms_inventory_history` VALUES (1828632674210357251, 1828364459110469633, 1828364518342430721, 1828408796968030212, 1.00, NULL, NULL, NULL, NULL, NULL, 1828632546531549185, 'PK08288055', 4, '2024-08-28 11:11:22.000');
INSERT INTO `wms_inventory_history` VALUES (1828633048333885442, 1828364609002311682, 1828364666585911297, 1828408321522700289, 2.00, NULL, NULL, NULL, NULL, NULL, NULL, 'PK08283199', 4, '2024-08-28 11:17:34.000');
INSERT INTO `wms_inventory_history` VALUES (1828633439272378369, 1828364459110469633, 1828364518342430721, 1828408796968030210, -1.00, NULL, NULL, NULL, NULL, NULL, 1828633402429612034, 'CK08286097', 2, '2024-08-28 11:19:20.946');
INSERT INTO `wms_inventory_history` VALUES (1828633439272378370, 1828364459110469633, 1828364518342430721, 1828408796968030210, -1.00, NULL, NULL, NULL, NULL, NULL, 1828633402429612034, 'CK08286097', 2, '2024-08-28 11:19:20.946');
INSERT INTO `wms_inventory_history` VALUES (1828633439272378371, 1828364459110469633, 1828364518342430721, 1828408796968030211, -1.00, NULL, NULL, NULL, NULL, NULL, 1828633402429612034, 'CK08286097', 2, '2024-08-28 11:19:20.947');
INSERT INTO `wms_inventory_history` VALUES (1828682790845751297, 1828364609002311682, 1828364666585911297, 1828408321522700289, -1.00, NULL, NULL, NULL, NULL, NULL, 1828682788358529025, 'YK08281599', 3, '2024-08-28 14:35:27.279');
INSERT INTO `wms_inventory_history` VALUES (1828682790845751298, 1828364459110469633, 1828364518342430721, 1828408321522700289, 1.00, NULL, NULL, NULL, NULL, NULL, 1828682788358529025, 'YK08281599', 3, '2024-08-28 14:35:27.280');
INSERT INTO `wms_inventory_history` VALUES (1829399583423918082, 1828364740028174337, 1829397566185992193, 1829399118304964609, 100.00, NULL, NULL, NULL, NULL, NULL, 1829399579699376129, 'RK08302046', 1, '2024-08-30 14:03:43.957');
INSERT INTO `wms_inventory_history` VALUES (1829399583423918083, 1828364740028174337, 1829397566185992193, 1829399118304964610, 100.00, NULL, NULL, NULL, NULL, NULL, 1829399579699376129, 'RK08302046', 1, '2024-08-30 14:03:43.957');
INSERT INTO `wms_inventory_history` VALUES (1829399583423918084, 1828364740028174337, 1829397661719654401, 1829398702011904001, 100.00, NULL, NULL, NULL, NULL, NULL, 1829399579699376129, 'RK08302046', 1, '2024-08-30 14:03:43.957');
INSERT INTO `wms_inventory_history` VALUES (1829399583423918085, 1828364740028174337, 1829397661719654401, 1829398702011904002, 100.00, NULL, NULL, NULL, NULL, NULL, 1829399579699376129, 'RK08302046', 1, '2024-08-30 14:03:43.958');
INSERT INTO `wms_inventory_history` VALUES (1829399583423918086, 1828364740028174337, 1829397621378838530, 1829398492779048962, 99.00, NULL, NULL, NULL, NULL, NULL, 1829399579699376129, 'RK08302046', 1, '2024-08-30 14:03:43.958');
INSERT INTO `wms_inventory_history` VALUES (1829399583423918087, 1828364740028174337, 1829397621378838530, 1829398492779048963, 99.00, NULL, NULL, NULL, NULL, NULL, 1829399579699376129, 'RK08302046', 1, '2024-08-30 14:03:43.959');
INSERT INTO `wms_inventory_history` VALUES (1829399583423918088, 1828364740028174337, 1829397707726974978, 1829398333903007745, 99.00, NULL, NULL, NULL, NULL, NULL, 1829399579699376129, 'RK08302046', 1, '2024-08-30 14:03:43.960');
INSERT INTO `wms_inventory_history` VALUES (1829399583486832642, 1828364740028174337, 1829397707726974978, 1829398333903007746, 100.00, NULL, NULL, NULL, NULL, NULL, 1829399579699376129, 'RK08302046', 1, '2024-08-30 14:03:43.963');
INSERT INTO `wms_inventory_history` VALUES (1829399583486832643, 1828364740028174337, 1829397742493560833, 1829398193024724993, 100.00, NULL, NULL, NULL, NULL, NULL, 1829399579699376129, 'RK08302046', 1, '2024-08-30 14:03:43.963');
INSERT INTO `wms_inventory_history` VALUES (1829399583486832644, 1828364740028174337, 1829397742493560833, 1829398193024724994, 101.00, NULL, NULL, NULL, NULL, NULL, 1829399579699376129, 'RK08302046', 1, '2024-08-30 14:03:43.964');
INSERT INTO `wms_inventory_history` VALUES (1829406293219799042, 1828364740028174337, 1829397566185992193, 1829399118304964609, -1.00, NULL, NULL, NULL, NULL, NULL, 1829405767363129345, 'CK08305241', 2, '2024-08-30 14:30:23.691');
INSERT INTO `wms_inventory_history` VALUES (1829406293219799043, 1828364740028174337, 1829397566185992193, 1829399118304964610, -1.00, NULL, NULL, NULL, NULL, NULL, 1829405767363129345, 'CK08305241', 2, '2024-08-30 14:30:23.692');
INSERT INTO `wms_inventory_history` VALUES (1829406293219799044, 1828364740028174337, 1829397621378838530, 1829398492779048962, -1.00, NULL, NULL, NULL, NULL, NULL, 1829405767363129345, 'CK08305241', 2, '2024-08-30 14:30:23.692');
INSERT INTO `wms_inventory_history` VALUES (1829406293219799045, 1828364740028174337, 1829397621378838530, 1829398492779048963, -1.00, NULL, NULL, NULL, NULL, NULL, 1829405767363129345, 'CK08305241', 2, '2024-08-30 14:30:23.693');
INSERT INTO `wms_inventory_history` VALUES (1829406293219799046, 1828364740028174337, 1829397661719654401, 1829398702011904001, -1.00, NULL, NULL, NULL, NULL, NULL, 1829405767363129345, 'CK08305241', 2, '2024-08-30 14:30:23.693');
INSERT INTO `wms_inventory_history` VALUES (1829406293219799047, 1828364740028174337, 1829397661719654401, 1829398702011904002, -1.00, NULL, NULL, NULL, NULL, NULL, 1829405767363129345, 'CK08305241', 2, '2024-08-30 14:30:23.695');
INSERT INTO `wms_inventory_history` VALUES (1829406293219799048, 1828364740028174337, 1829397707726974978, 1829398333903007745, -1.00, NULL, NULL, NULL, NULL, NULL, 1829405767363129345, 'CK08305241', 2, '2024-08-30 14:30:23.696');
INSERT INTO `wms_inventory_history` VALUES (1829406293219799049, 1828364740028174337, 1829397707726974978, 1829398333903007746, -1.00, NULL, NULL, NULL, NULL, NULL, 1829405767363129345, 'CK08305241', 2, '2024-08-30 14:30:23.697');
INSERT INTO `wms_inventory_history` VALUES (1829406293219799050, 1828364740028174337, 1829397742493560833, 1829398193024724993, -1.00, NULL, NULL, NULL, NULL, NULL, 1829405767363129345, 'CK08305241', 2, '2024-08-30 14:30:23.697');
INSERT INTO `wms_inventory_history` VALUES (1829406293219799051, 1828364740028174337, 1829397742493560833, 1829398193024724994, -1.00, NULL, NULL, NULL, NULL, NULL, 1829405767363129345, 'CK08305241', 2, '2024-08-30 14:30:23.698');
INSERT INTO `wms_inventory_history` VALUES (1829407249542082561, 1828364740028174337, 1829397566185992193, 1829399118304964609, -1.00, NULL, NULL, NULL, NULL, NULL, 1829407217174638593, 'CK08304574', 2, '2024-08-30 14:34:11.704');
INSERT INTO `wms_inventory_history` VALUES (1829407249542082562, 1828364740028174337, 1829397566185992193, 1829399118304964610, -1.00, NULL, NULL, NULL, NULL, NULL, 1829407217174638593, 'CK08304574', 2, '2024-08-30 14:34:11.704');
INSERT INTO `wms_inventory_history` VALUES (1829418901289234433, 1828364740028174337, 1829397566185992193, 1829399118304964609, -1.00, NULL, NULL, NULL, NULL, NULL, 1829418487672139777, 'YK08301821', 3, '2024-08-30 15:20:29.686');
INSERT INTO `wms_inventory_history` VALUES (1829418901289234434, 1828364740028174337, 1829397621378838530, 1829399118304964609, 1.00, NULL, NULL, NULL, NULL, NULL, 1829418487672139777, 'YK08301821', 3, '2024-08-30 15:20:29.686');
INSERT INTO `wms_inventory_history` VALUES (1829418901289234435, 1828364740028174337, 1829397566185992193, 1829399118304964610, -1.00, NULL, NULL, NULL, NULL, NULL, 1829418487672139777, 'YK08301821', 3, '2024-08-30 15:20:29.686');
INSERT INTO `wms_inventory_history` VALUES (1829418901289234436, 1828364740028174337, 1829397621378838530, 1829399118304964610, 1.00, NULL, NULL, NULL, NULL, NULL, 1829418487672139777, 'YK08301821', 3, '2024-08-30 15:20:29.687');

-- ----------------------------
-- Table structure for wms_item
-- ----------------------------
DROP TABLE IF EXISTS `wms_item`;
CREATE TABLE `wms_item`  (
  `id` bigint NOT NULL,
  `item_code` varchar(20) CHARACTER SET utf8mb4 COLLATE utf8mb4_0900_ai_ci NULL DEFAULT NULL,
  `item_name` varchar(60) CHARACTER SET utf8mb4 COLLATE utf8mb4_0900_ai_ci NULL DEFAULT NULL,
  `item_category` varchar(20) CHARACTER SET utf8mb4 COLLATE utf8mb4_0900_ai_ci NULL DEFAULT NULL,
  `unit` varchar(20) CHARACTER SET utf8mb4 COLLATE utf8mb4_0900_ai_ci NULL DEFAULT NULL,
  `item_brand` bigint NULL DEFAULT NULL,
  `remark` varchar(255) CHARACTER SET utf8mb4 COLLATE utf8mb4_0900_ai_ci NULL DEFAULT NULL,
  `create_by` varchar(64) CHARACTER SET utf8mb4 COLLATE utf8mb4_0900_ai_ci NULL DEFAULT NULL,
  `create_time` datetime(3) NULL DEFAULT NULL,
  `update_by` varchar(64) CHARACTER SET utf8mb4 COLLATE utf8mb4_0900_ai_ci NULL DEFAULT NULL,
  `update_time` datetime(3) NULL DEFAULT NULL
) ENGINE = InnoDB CHARACTER SET = utf8mb4 COLLATE = utf8mb4_0900_ai_ci ROW_FORMAT = DYNAMIC;

-- ----------------------------
-- Records of wms_item
-- ----------------------------
INSERT INTO `wms_item` VALUES (1828402622516334594, NULL, '华为 nova flip', '1828364988754595841', NULL, 1828364927610032129, NULL, 'admin', '2024-08-27 20:02:09.948', 'admin', '2025-04-16 21:00:43.539');
INSERT INTO `wms_item` VALUES (1828406450112335874, NULL, 'macbook', '1828365043024695297', NULL, 1828364873889386498, NULL, 'admin', '2024-08-27 20:17:22.521', 'admin', '2024-08-27 20:17:22.521');
INSERT INTO `wms_item` VALUES (1828407870173646849, NULL, '爱普生打印机', '1828365014901886978', NULL, NULL, NULL, 'admin', '2024-08-27 20:23:01.096', 'admin', '2024-08-27 20:23:01.096');
INSERT INTO `wms_item` VALUES (1828408320146968578, NULL, '小米米家436L十字四门风冷无霜嵌入式家用冰箱', '1828405773474631681', NULL, 1828364846953566209, NULL, 'admin', '2024-08-27 20:24:48.375', 'admin', '2024-08-27 20:24:48.375');
INSERT INTO `wms_item` VALUES (1828408795734904833, NULL, '杠铃', '1828408600515219457', NULL, NULL, NULL, 'admin', '2024-08-27 20:26:41.757', 'admin', '2024-08-27 20:33:27.034');
INSERT INTO `wms_item` VALUES (1829398192563351554, NULL, '钦州青蟹', '1829398007993004034', NULL, NULL, NULL, 'admin', '2024-08-30 13:58:12.354', 'admin', '2025-04-16 21:00:24.738');
INSERT INTO `wms_item` VALUES (1829398333580046338, NULL, '钦州生蚝', '1829398007993004034', NULL, NULL, NULL, 'admin', '2024-08-30 13:58:45.971', 'admin', '2025-04-16 20:59:42.255');
INSERT INTO `wms_item` VALUES (1829398492388978689, NULL, '皮皮虾', '1829398007993004034', NULL, NULL, NULL, 'admin', '2024-08-30 13:59:23.834', 'admin', '2025-04-16 20:56:06.186');
INSERT INTO `wms_item` VALUES (1829398701680553985, NULL, '沃柑', '1829397958923841538', NULL, NULL, NULL, 'admin', '2024-08-30 14:00:13.735', 'admin', '2025-04-16 20:59:06.927');
INSERT INTO `wms_item` VALUES (1829399118040723457, NULL, '沙田柚', '1829397958923841538', NULL, NULL, NULL, 'admin', '2024-08-30 14:01:52.989', 'admin', '2025-04-16 20:55:51.316');
INSERT INTO `wms_item` VALUES (1912490838865289217, '', '砂糖橘', '1829397958923841538', NULL, NULL, NULL, 'admin', '2025-04-16 20:58:43.013', 'admin', '2025-04-16 20:58:55.504');

-- ----------------------------
-- Table structure for wms_item_brand
-- ----------------------------
DROP TABLE IF EXISTS `wms_item_brand`;
CREATE TABLE `wms_item_brand`  (
  `id` bigint NOT NULL,
  `brand_name` varchar(30) CHARACTER SET utf8mb4 COLLATE utf8mb4_0900_ai_ci NULL DEFAULT NULL,
  `create_by` varchar(64) CHARACTER SET utf8mb4 COLLATE utf8mb4_0900_ai_ci NULL DEFAULT NULL,
  `create_time` datetime(3) NULL DEFAULT NULL,
  `update_by` varchar(64) CHARACTER SET utf8mb4 COLLATE utf8mb4_0900_ai_ci NULL DEFAULT NULL,
  `update_time` datetime(3) NULL DEFAULT NULL
) ENGINE = InnoDB CHARACTER SET = utf8mb4 COLLATE = utf8mb4_0900_ai_ci ROW_FORMAT = DYNAMIC;

-- ----------------------------
-- Records of wms_item_brand
-- ----------------------------
INSERT INTO `wms_item_brand` VALUES (1828364846953566209, '小米', 'admin', '2024-08-27 17:32:03.551', 'admin', '2024-08-27 17:32:03.551');
INSERT INTO `wms_item_brand` VALUES (1828364873889386498, '苹果', 'admin', '2024-08-27 17:32:09.971', 'admin', '2024-08-27 17:32:09.971');
INSERT INTO `wms_item_brand` VALUES (1828364927610032129, '华为', 'admin', '2024-08-27 17:32:22.786', 'admin', '2024-08-27 17:32:22.786');
INSERT INTO `wms_item_brand` VALUES (1828407151135723522, '爱普生', 'admin', '2024-08-27 20:20:09.656', 'admin', '2024-08-27 20:20:09.656');
INSERT INTO `wms_item_brand` VALUES (1828407291103842306, '惠普', 'admin', '2024-08-27 20:20:43.031', 'admin', '2025-04-07 01:13:39.915');
INSERT INTO `wms_item_brand` VALUES (1911764903073415169, '水果', 'admin', '2025-04-14 20:54:06.427', 'admin', '2025-04-14 20:54:06.427');

-- ----------------------------
-- Table structure for wms_item_category
-- ----------------------------
DROP TABLE IF EXISTS `wms_item_category`;
CREATE TABLE `wms_item_category`  (
  `id` bigint NOT NULL,
  `parent_id` bigint NULL DEFAULT NULL,
  `category_name` varchar(30) CHARACTER SET utf8mb4 COLLATE utf8mb4_0900_ai_ci NULL DEFAULT NULL,
  `order_num` int NULL DEFAULT NULL,
  `status` char(1) CHARACTER SET utf8mb4 COLLATE utf8mb4_0900_ai_ci NULL DEFAULT NULL,
  `create_by` varchar(64) CHARACTER SET utf8mb4 COLLATE utf8mb4_0900_ai_ci NULL DEFAULT NULL,
  `create_time` datetime(3) NULL DEFAULT NULL,
  `update_by` varchar(64) CHARACTER SET utf8mb4 COLLATE utf8mb4_0900_ai_ci NULL DEFAULT NULL,
  `update_time` datetime(3) NULL DEFAULT NULL
) ENGINE = InnoDB CHARACTER SET = utf8mb4 COLLATE = utf8mb4_0900_ai_ci ROW_FORMAT = DYNAMIC;

-- ----------------------------
-- Records of wms_item_category
-- ----------------------------
INSERT INTO `wms_item_category` VALUES (1828364988754595841, 0, '手机', 0, '1', 'admin', '2024-08-27 17:32:37.357', 'admin', '2024-08-27 20:14:12.100');
INSERT INTO `wms_item_category` VALUES (1828365014901886978, 0, '打印机', 1, '1', 'admin', '2024-08-27 17:32:43.598', 'admin', '2024-08-27 20:14:12.447');
INSERT INTO `wms_item_category` VALUES (1828365043024695297, 0, '电脑', 3, '1', 'admin', '2024-08-27 17:32:50.301', 'admin', '2024-08-27 20:14:12.704');
INSERT INTO `wms_item_category` VALUES (1828405743737016322, 0, '家电', 4, '1', 'admin', '2024-08-27 20:14:34.104', 'admin', '2024-08-27 20:14:34.104');
INSERT INTO `wms_item_category` VALUES (1828405773474631681, 1828405743737016322, '冰箱', 0, '1', 'admin', '2024-08-27 20:14:41.195', 'admin', '2024-08-27 20:14:41.195');
INSERT INTO `wms_item_category` VALUES (1828405825714688001, 1828405743737016322, '电视', 1, '1', 'admin', '2024-08-27 20:14:53.651', 'admin', '2024-08-27 20:14:53.651');
INSERT INTO `wms_item_category` VALUES (1828408600515219457, 0, '健生器材', 5, '1', 'admin', '2024-08-27 20:25:55.213', 'admin', '2024-08-27 20:25:55.213');
INSERT INTO `wms_item_category` VALUES (1829397860466749441, 0, '生鲜', 6, '1', 'admin', '2024-08-30 13:56:53.174', 'admin', '2024-08-30 13:56:53.174');
INSERT INTO `wms_item_category` VALUES (1829397958923841538, 1829397860466749441, '水果', 0, '1', 'admin', '2024-08-30 13:57:16.644', 'admin', '2024-08-30 13:57:16.644');
INSERT INTO `wms_item_category` VALUES (1829398007993004034, 1829397860466749441, '海鲜', 1, '1', 'admin', '2024-08-30 13:57:28.347', 'admin', '2024-08-30 13:57:28.347');
INSERT INTO `wms_item_category` VALUES (1910588541117718529, 0, '洗衣机', 8, '1', 'admin', '2025-04-11 14:59:39.893', 'admin', '2025-04-11 14:59:39.893');

-- ----------------------------
-- Table structure for wms_item_sku
-- ----------------------------
DROP TABLE IF EXISTS `wms_item_sku`;
CREATE TABLE `wms_item_sku`  (
  `id` bigint NOT NULL,
  `sku_name` varchar(255) CHARACTER SET utf8mb4 COLLATE utf8mb4_0900_ai_ci NULL DEFAULT NULL,
  `item_id` bigint NULL DEFAULT NULL,
  `barcode` varchar(64) CHARACTER SET utf8mb4 COLLATE utf8mb4_0900_ai_ci NULL DEFAULT NULL,
  `sku_code` varchar(64) CHARACTER SET utf8mb4 COLLATE utf8mb4_0900_ai_ci NULL DEFAULT NULL,
  `length` decimal(10, 1) NULL DEFAULT NULL,
  `width` decimal(10, 1) NULL DEFAULT NULL,
  `height` decimal(10, 1) NULL DEFAULT NULL,
  `gross_weight` decimal(10, 3) NULL DEFAULT NULL,
  `net_weight` decimal(10, 3) NULL DEFAULT NULL,
  `cost_price` decimal(10, 2) NULL DEFAULT NULL,
  `selling_price` decimal(10, 2) NULL DEFAULT NULL,
  `create_by` varchar(64) CHARACTER SET utf8mb4 COLLATE utf8mb4_0900_ai_ci NULL DEFAULT NULL,
  `create_time` datetime(3) NULL DEFAULT NULL,
  `update_by` varchar(64) CHARACTER SET utf8mb4 COLLATE utf8mb4_0900_ai_ci NULL DEFAULT NULL,
  `update_time` datetime(3) NULL DEFAULT NULL
) ENGINE = InnoDB CHARACTER SET = utf8mb4 COLLATE = utf8mb4_0900_ai_ci ROW_FORMAT = DYNAMIC;

-- ----------------------------
-- Records of wms_item_sku
-- ----------------------------
INSERT INTO `wms_item_sku` VALUES (1828402624005312514, '黑', 1828402622516334594, '', '00001', NULL, NULL, NULL, NULL, NULL, 5000.00, 5288.00, 'admin', '2024-08-27 20:02:10.302', 'admin', '2025-04-16 21:00:43.756');
INSERT INTO `wms_item_sku` VALUES (1828402624005312515, '白', 1828402622516334594, '', '00002', NULL, NULL, NULL, NULL, NULL, 5000.00, 5288.00, 'admin', '2024-08-27 20:02:10.304', 'admin', '2025-04-16 21:00:44.043');
INSERT INTO `wms_item_sku` VALUES (1828402624005312516, '粉', 1828402622516334594, '', '00003', NULL, NULL, NULL, NULL, NULL, 5000.00, 5288.00, 'admin', '2024-08-27 20:02:10.305', 'admin', '2025-04-16 21:00:44.144');
INSERT INTO `wms_item_sku` VALUES (1828406451399987201, 'pro', 1828406450112335874, '', 'mac0001', NULL, NULL, NULL, NULL, NULL, NULL, 24999.00, 'admin', '2024-08-27 20:17:22.821', 'admin', '2024-08-27 20:17:22.821');
INSERT INTO `wms_item_sku` VALUES (1828407871469686786, 'l6468', 1828407870173646849, '', NULL, NULL, NULL, NULL, NULL, NULL, NULL, 3188.00, 'admin', '2024-08-27 20:23:01.393', 'admin', '2024-08-27 20:23:01.393');
INSERT INTO `wms_item_sku` VALUES (1828408321522700289, '白色', 1828408320146968578, '', NULL, NULL, NULL, NULL, NULL, NULL, NULL, 2699.00, 'admin', '2024-08-27 20:24:48.697', 'admin', '2024-08-27 20:24:48.697');
INSERT INTO `wms_item_sku` VALUES (1828408796968030210, '10kg', 1828408795734904833, '102025115', NULL, NULL, NULL, NULL, NULL, 10.000, NULL, NULL, 'admin', '2024-08-27 20:26:42.049', 'admin', '2024-08-27 20:33:27.395');
INSERT INTO `wms_item_sku` VALUES (1828408796968030211, '20kg', 1828408795734904833, '254523055', NULL, NULL, NULL, NULL, NULL, 20.000, NULL, NULL, 'admin', '2024-08-27 20:26:42.052', 'admin', '2024-08-27 20:33:27.515');
INSERT INTO `wms_item_sku` VALUES (1828408796968030212, '50kg', 1828408795734904833, '5204862525', NULL, NULL, NULL, NULL, NULL, 50.000, NULL, NULL, 'admin', '2024-08-27 20:26:42.052', 'admin', '2024-08-27 20:33:27.634');
INSERT INTO `wms_item_sku` VALUES (1829398193024724993, '大', 1829398192563351554, '', NULL, NULL, NULL, NULL, NULL, NULL, NULL, NULL, 'admin', '2024-08-30 13:58:12.457', 'admin', '2025-04-16 21:00:24.826');
INSERT INTO `wms_item_sku` VALUES (1829398193024724994, '中', 1829398192563351554, '', NULL, NULL, NULL, NULL, NULL, NULL, NULL, NULL, 'admin', '2024-08-30 13:58:12.458', 'admin', '2025-04-16 21:00:29.861');
INSERT INTO `wms_item_sku` VALUES (1829398333903007745, '大', 1829398333580046338, '', NULL, NULL, NULL, NULL, NULL, NULL, NULL, NULL, 'admin', '2024-08-30 13:58:46.047', 'admin', '2025-04-16 20:59:42.370');
INSERT INTO `wms_item_sku` VALUES (1829398333903007746, '中', 1829398333580046338, '', NULL, NULL, NULL, NULL, NULL, NULL, NULL, NULL, 'admin', '2024-08-30 13:58:46.048', 'admin', '2025-04-16 20:59:42.466');
INSERT INTO `wms_item_sku` VALUES (1829398492779048962, '大', 1829398492388978689, '', NULL, NULL, NULL, NULL, NULL, NULL, NULL, NULL, 'admin', '2024-08-30 13:59:23.925', 'admin', '2025-04-16 20:56:06.262');
INSERT INTO `wms_item_sku` VALUES (1829398492779048963, '中', 1829398492388978689, '', NULL, NULL, NULL, NULL, NULL, NULL, NULL, NULL, 'admin', '2024-08-30 13:59:23.925', 'admin', '2025-04-16 20:56:06.438');
INSERT INTO `wms_item_sku` VALUES (1829398702011904001, '大', 1829398701680553985, '', NULL, 10.0, 10.0, 10.0, NULL, NULL, NULL, NULL, 'admin', '2024-08-30 14:00:13.810', 'admin', '2025-04-16 20:59:07.011');
INSERT INTO `wms_item_sku` VALUES (1829398702011904002, '中', 1829398701680553985, '', NULL, 5.0, 5.0, 5.0, NULL, NULL, NULL, NULL, 'admin', '2024-08-30 14:00:13.812', 'admin', '2025-04-16 20:59:07.102');
INSERT INTO `wms_item_sku` VALUES (1829399118304964609, '大', 1829399118040723457, '', NULL, NULL, NULL, NULL, NULL, NULL, NULL, NULL, 'admin', '2024-08-30 14:01:53.064', 'admin', '2025-04-16 20:55:51.469');
INSERT INTO `wms_item_sku` VALUES (1829399118304964610, '中', 1829399118040723457, '', NULL, NULL, NULL, NULL, NULL, NULL, NULL, NULL, 'admin', '2024-08-30 14:01:53.064', 'admin', '2025-04-16 20:55:51.594');
INSERT INTO `wms_item_sku` VALUES (1911775077599281154, '小', 1911775077410537473, '', NULL, NULL, NULL, NULL, NULL, NULL, NULL, NULL, 'admin', '2025-04-14 21:34:32.232', 'admin', '2025-04-14 21:34:32.232');
INSERT INTO `wms_item_sku` VALUES (1912490839255359489, '大', 1912490838865289217, '', NULL, NULL, NULL, NULL, NULL, NULL, NULL, NULL, 'admin', '2025-04-16 20:58:43.099', 'admin', '2025-04-16 20:58:55.593');
INSERT INTO `wms_item_sku` VALUES (1912490839255359490, '中', 1912490838865289217, '', NULL, NULL, NULL, NULL, NULL, NULL, NULL, NULL, 'admin', '2025-04-16 20:58:43.099', 'admin', '2025-04-16 20:58:55.728');

-- ----------------------------
-- Table structure for wms_merchant
-- ----------------------------
DROP TABLE IF EXISTS `wms_merchant`;
CREATE TABLE `wms_merchant`  (
  `id` bigint NOT NULL,
  `merchant_code` varchar(20) CHARACTER SET utf8mb4 COLLATE utf8mb4_0900_ai_ci NULL DEFAULT NULL,
  `merchant_name` varchar(60) CHARACTER SET utf8mb4 COLLATE utf8mb4_0900_ai_ci NULL DEFAULT NULL,
  `merchant_type` tinyint NULL DEFAULT NULL,
  `merchant_level` varchar(10) CHARACTER SET utf8mb4 COLLATE utf8mb4_0900_ai_ci NULL DEFAULT NULL,
  `bank_name` varchar(255) CHARACTER SET utf8mb4 COLLATE utf8mb4_0900_ai_ci NULL DEFAULT NULL,
  `bank_account` varchar(40) CHARACTER SET utf8mb4 COLLATE utf8mb4_0900_ai_ci NULL DEFAULT NULL,
  `address` varchar(200) CHARACTER SET utf8mb4 COLLATE utf8mb4_0900_ai_ci NULL DEFAULT NULL,
  `mobile` varchar(13) CHARACTER SET utf8mb4 COLLATE utf8mb4_0900_ai_ci NULL DEFAULT NULL,
  `tel` varchar(13) CHARACTER SET utf8mb4 COLLATE utf8mb4_0900_ai_ci NULL DEFAULT NULL,
  `contact_person` varchar(30) CHARACTER SET utf8mb4 COLLATE utf8mb4_0900_ai_ci NULL DEFAULT NULL,
  `email` varchar(50) CHARACTER SET utf8mb4 COLLATE utf8mb4_0900_ai_ci NULL DEFAULT NULL,
  `remark` varchar(255) CHARACTER SET utf8mb4 COLLATE utf8mb4_0900_ai_ci NULL DEFAULT NULL,
  `create_by` varchar(64) CHARACTER SET utf8mb4 COLLATE utf8mb4_0900_ai_ci NULL DEFAULT NULL,
  `create_time` datetime(3) NULL DEFAULT NULL,
  `update_by` varchar(64) CHARACTER SET utf8mb4 COLLATE utf8mb4_0900_ai_ci NULL DEFAULT NULL,
  `update_time` datetime(3) NULL DEFAULT NULL
) ENGINE = InnoDB CHARACTER SET = utf8mb4 COLLATE = utf8mb4_0900_ai_ci ROW_FORMAT = DYNAMIC;

-- ----------------------------
-- Records of wms_merchant
-- ----------------------------
INSERT INTO `wms_merchant` VALUES (1828354016258199554, 'cs_0001', '南宁江南区某有限公司', 1, NULL, NULL, NULL, NULL, NULL, NULL, NULL, NULL, NULL, 'admin', '2024-08-27 16:49:01.319', 'admin', '2025-04-16 20:45:26.894');
INSERT INTO `wms_merchant` VALUES (1828354153193836545, 'cs_0002', '南宁青秀区某有限公司', 2, NULL, NULL, NULL, NULL, NULL, NULL, NULL, NULL, NULL, 'admin', '2024-08-27 16:49:33.964', 'admin', '2025-04-16 20:45:53.562');
INSERT INTO `wms_merchant` VALUES (1828354284882399233, 'cs_0003', '南宁西乡塘区某有限公司', 1, NULL, NULL, NULL, NULL, NULL, NULL, NULL, NULL, NULL, 'admin', '2024-08-27 16:50:05.367', 'admin', '2025-04-16 20:46:16.970');
INSERT INTO `wms_merchant` VALUES (1912487836544737282, 'cs_0004', '南宁良庆区某有限公司', 3, NULL, NULL, NULL, NULL, NULL, NULL, NULL, NULL, NULL, 'admin', '2025-04-16 20:46:47.202', 'admin', '2025-04-16 20:46:47.202');

-- ----------------------------
-- Table structure for wms_movement_order
-- ----------------------------
DROP TABLE IF EXISTS `wms_movement_order`;
CREATE TABLE `wms_movement_order`  (
  `id` bigint NOT NULL,
  `movement_order_no` varchar(30) CHARACTER SET utf8mb4 COLLATE utf8mb4_0900_ai_ci NULL DEFAULT NULL,
  `source_warehouse_id` bigint NULL DEFAULT NULL,
  `source_area_id` bigint NULL DEFAULT NULL,
  `target_warehouse_id` bigint NULL DEFAULT NULL,
  `target_area_id` bigint NULL DEFAULT NULL,
  `movement_order_status` tinyint NULL DEFAULT NULL,
  `total_quantity` decimal(10, 2) NULL DEFAULT NULL,
  `remark` varchar(255) CHARACTER SET utf8mb4 COLLATE utf8mb4_0900_ai_ci NULL DEFAULT NULL,
  `create_by` varchar(64) CHARACTER SET utf8mb4 COLLATE utf8mb4_0900_ai_ci NULL DEFAULT NULL,
  `create_time` datetime(3) NULL DEFAULT NULL,
  `update_by` varchar(64) CHARACTER SET utf8mb4 COLLATE utf8mb4_0900_ai_ci NULL DEFAULT NULL,
  `update_time` datetime(3) NULL DEFAULT NULL
) ENGINE = InnoDB CHARACTER SET = utf8mb4 COLLATE = utf8mb4_0900_ai_ci ROW_FORMAT = DYNAMIC;

-- ----------------------------
-- Records of wms_movement_order
-- ----------------------------
INSERT INTO `wms_movement_order` VALUES (1828682788358529025, 'YK08281599', 1828364609002311682, NULL, 1828364459110469633, NULL, 1, 1.00, NULL, 'admin', '2024-08-28 14:35:26.686', 'admin', '2024-08-28 14:35:26.686');
INSERT INTO `wms_movement_order` VALUES (1829418487672139777, 'YK08301821', 1828364740028174337, 1829397566185992193, 1828364740028174337, 1829397621378838530, 1, 2.00, NULL, 'kucun', '2024-08-30 15:18:51.082', 'kucun', '2024-08-30 15:20:28.751');

-- ----------------------------
-- Table structure for wms_movement_order_detail
-- ----------------------------
DROP TABLE IF EXISTS `wms_movement_order_detail`;
CREATE TABLE `wms_movement_order_detail`  (
  `id` bigint NOT NULL,
  `movement_order_id` bigint NULL DEFAULT NULL,
  `sku_id` bigint NULL DEFAULT NULL,
  `quantity` decimal(20, 2) NULL DEFAULT NULL,
  `remark` varchar(255) CHARACTER SET utf8mb4 COLLATE utf8mb4_0900_ai_ci NULL DEFAULT NULL,
  `batch_no` varchar(64) CHARACTER SET utf8mb4 COLLATE utf8mb4_0900_ai_ci NULL DEFAULT NULL,
  `production_date` datetime(3) NULL DEFAULT NULL,
  `expiration_date` datetime(3) NULL DEFAULT NULL,
  `source_warehouse_id` bigint NULL DEFAULT NULL,
  `source_area_id` bigint NULL DEFAULT NULL,
  `target_warehouse_id` bigint NULL DEFAULT NULL,
  `target_area_id` bigint NULL DEFAULT NULL,
  `inventory_detail_id` bigint NULL DEFAULT NULL,
  `create_by` varchar(64) CHARACTER SET utf8mb4 COLLATE utf8mb4_0900_ai_ci NULL DEFAULT NULL,
  `create_time` datetime(3) NULL DEFAULT NULL,
  `update_by` varchar(64) CHARACTER SET utf8mb4 COLLATE utf8mb4_0900_ai_ci NULL DEFAULT NULL,
  `update_time` datetime(3) NULL DEFAULT NULL
) ENGINE = InnoDB CHARACTER SET = utf8mb4 COLLATE = utf8mb4_0900_ai_ci ROW_FORMAT = DYNAMIC;

-- ----------------------------
-- Records of wms_movement_order_detail
-- ----------------------------
INSERT INTO `wms_movement_order_detail` VALUES (1828682788677296129, 1828682788358529025, 1828408321522700289, 1.00, NULL, NULL, NULL, NULL, 1828364609002311682, 1828364666585911297, 1828364459110469633, 1828364518342430721, 1828633048015118337, 'admin', '2024-08-28 14:35:26.771', 'admin', '2024-08-28 14:35:26.771');
INSERT INTO `wms_movement_order_detail` VALUES (1829418488129318914, 1829418487672139777, 1829399118304964609, 1.00, NULL, NULL, NULL, NULL, 1828364740028174337, 1829397566185992193, 1828364740028174337, 1829397621378838530, 1829399580546625538, 'kucun', '2024-08-30 15:18:51.187', 'kucun', '2024-08-30 15:20:28.882');
INSERT INTO `wms_movement_order_detail` VALUES (1829418488129318915, 1829418487672139777, 1829399118304964610, 1.00, NULL, NULL, NULL, NULL, 1828364740028174337, 1829397566185992193, 1828364740028174337, 1829397621378838530, 1829399580546625539, 'kucun', '2024-08-30 15:18:51.188', 'kucun', '2024-08-30 15:20:29.026');

-- ----------------------------
-- Table structure for wms_receipt_order
-- ----------------------------
DROP TABLE IF EXISTS `wms_receipt_order`;
CREATE TABLE `wms_receipt_order`  (
  `id` bigint NOT NULL,
  `receipt_order_no` varchar(32) CHARACTER SET utf8mb4 COLLATE utf8mb4_0900_ai_ci NULL DEFAULT NULL,
  `receipt_order_type` int NULL DEFAULT NULL,
  `merchant_id` bigint NULL DEFAULT NULL,
  `order_no` varchar(32) CHARACTER SET utf8mb4 COLLATE utf8mb4_0900_ai_ci NULL DEFAULT NULL,
  `total_quantity` decimal(10, 2) NULL DEFAULT NULL,
  `payable_amount` decimal(10, 2) NULL DEFAULT NULL,
  `receipt_order_status` tinyint NULL DEFAULT NULL,
  `warehouse_id` bigint NULL DEFAULT NULL,
  `area_id` bigint NULL DEFAULT NULL,
  `remark` varchar(255) CHARACTER SET utf8mb4 COLLATE utf8mb4_0900_ai_ci NULL DEFAULT NULL,
  `create_by` varchar(64) CHARACTER SET utf8mb4 COLLATE utf8mb4_0900_ai_ci NULL DEFAULT NULL,
  `create_time` datetime(3) NULL DEFAULT NULL,
  `update_by` varchar(64) CHARACTER SET utf8mb4 COLLATE utf8mb4_0900_ai_ci NULL DEFAULT NULL,
  `update_time` datetime(3) NULL DEFAULT NULL
) ENGINE = InnoDB CHARACTER SET = utf8mb4 COLLATE = utf8mb4_0900_ai_ci ROW_FORMAT = DYNAMIC;

-- ----------------------------
-- Records of wms_receipt_order
-- ----------------------------
INSERT INTO `wms_receipt_order` VALUES (1828410750511292417, 'RK08270491', 2, NULL, NULL, 3.00, NULL, 1, 1828364609002311682, 1828364666585911297, NULL, 'admin', '2024-08-27 20:34:27.816', 'admin', '2024-08-27 20:34:27.816');
INSERT INTO `wms_receipt_order` VALUES (1829399579699376129, 'RK08302046', 2, NULL, NULL, 998.00, NULL, 1, 1828364740028174337, NULL, NULL, 'admin', '2024-08-30 14:03:43.061', 'admin', '2024-08-30 14:03:43.061');

-- ----------------------------
-- Table structure for wms_receipt_order_detail
-- ----------------------------
DROP TABLE IF EXISTS `wms_receipt_order_detail`;
CREATE TABLE `wms_receipt_order_detail`  (
  `id` bigint NOT NULL,
  `receipt_order_id` bigint NULL DEFAULT NULL,
  `sku_id` bigint NULL DEFAULT NULL,
  `quantity` decimal(20, 2) NULL DEFAULT NULL,
  `amount` decimal(10, 2) NULL DEFAULT NULL,
  `batch_no` varchar(64) CHARACTER SET utf8mb4 COLLATE utf8mb4_0900_ai_ci NULL DEFAULT NULL,
  `production_date` datetime(3) NULL DEFAULT NULL,
  `expiration_date` datetime(3) NULL DEFAULT NULL,
  `remark` varchar(255) CHARACTER SET utf8mb4 COLLATE utf8mb4_0900_ai_ci NULL DEFAULT NULL,
  `create_by` varchar(64) CHARACTER SET utf8mb4 COLLATE utf8mb4_0900_ai_ci NULL DEFAULT NULL,
  `create_time` datetime(3) NULL DEFAULT NULL,
  `update_by` varchar(64) CHARACTER SET utf8mb4 COLLATE utf8mb4_0900_ai_ci NULL DEFAULT NULL,
  `update_time` datetime(3) NULL DEFAULT NULL,
  `warehouse_id` bigint NULL DEFAULT NULL,
  `area_id` bigint NULL DEFAULT NULL
) ENGINE = InnoDB CHARACTER SET = utf8mb4 COLLATE = utf8mb4_0900_ai_ci ROW_FORMAT = DYNAMIC;

-- ----------------------------
-- Records of wms_receipt_order_detail
-- ----------------------------
INSERT INTO `wms_receipt_order_detail` VALUES (1828410750972665857, 1828410750511292417, 1828408796968030210, 1.00, NULL, NULL, NULL, NULL, NULL, 'admin', '2024-08-27 20:34:27.928', 'admin', '2024-08-27 20:34:27.928', 1828364609002311682, 1828364666585911297);
INSERT INTO `wms_receipt_order_detail` VALUES (1828410750972665858, 1828410750511292417, 1828408796968030211, 1.00, NULL, NULL, NULL, NULL, NULL, 'admin', '2024-08-27 20:34:27.931', 'admin', '2024-08-27 20:34:27.931', 1828364609002311682, 1828364666585911297);
INSERT INTO `wms_receipt_order_detail` VALUES (1828410750972665859, 1828410750511292417, 1828408796968030212, 1.00, NULL, NULL, NULL, NULL, NULL, 'admin', '2024-08-27 20:34:27.932', 'admin', '2024-08-27 20:34:27.932', 1828364609002311682, 1828364666585911297);
INSERT INTO `wms_receipt_order_detail` VALUES (1829399580026531841, 1829399579699376129, 1829399118304964609, 100.00, NULL, NULL, NULL, NULL, NULL, 'admin', '2024-08-30 14:03:43.145', 'admin', '2024-08-30 14:03:43.145', 1828364740028174337, 1829397566185992193);
INSERT INTO `wms_receipt_order_detail` VALUES (1829399580026531842, 1829399579699376129, 1829399118304964610, 100.00, NULL, NULL, NULL, NULL, NULL, 'admin', '2024-08-30 14:03:43.146', 'admin', '2024-08-30 14:03:43.146', 1828364740028174337, 1829397566185992193);
INSERT INTO `wms_receipt_order_detail` VALUES (1829399580026531843, 1829399579699376129, 1829398702011904001, 100.00, NULL, NULL, NULL, NULL, NULL, 'admin', '2024-08-30 14:03:43.146', 'admin', '2024-08-30 14:03:43.146', 1828364740028174337, 1829397661719654401);
INSERT INTO `wms_receipt_order_detail` VALUES (1829399580026531844, 1829399579699376129, 1829398702011904002, 100.00, NULL, NULL, NULL, NULL, NULL, 'admin', '2024-08-30 14:03:43.146', 'admin', '2024-08-30 14:03:43.146', 1828364740028174337, 1829397661719654401);
INSERT INTO `wms_receipt_order_detail` VALUES (1829399580026531845, 1829399579699376129, 1829398492779048962, 99.00, NULL, NULL, NULL, NULL, NULL, 'admin', '2024-08-30 14:03:43.147', 'admin', '2024-08-30 14:03:43.147', 1828364740028174337, 1829397621378838530);
INSERT INTO `wms_receipt_order_detail` VALUES (1829399580026531846, 1829399579699376129, 1829398492779048963, 99.00, NULL, NULL, NULL, NULL, NULL, 'admin', '2024-08-30 14:03:43.150', 'admin', '2024-08-30 14:03:43.150', 1828364740028174337, 1829397621378838530);
INSERT INTO `wms_receipt_order_detail` VALUES (1829399580026531847, 1829399579699376129, 1829398333903007745, 99.00, NULL, NULL, NULL, NULL, NULL, 'admin', '2024-08-30 14:03:43.150', 'admin', '2024-08-30 14:03:43.150', 1828364740028174337, 1829397707726974978);
INSERT INTO `wms_receipt_order_detail` VALUES (1829399580093640706, 1829399579699376129, 1829398333903007746, 100.00, NULL, NULL, NULL, NULL, NULL, 'admin', '2024-08-30 14:03:43.153', 'admin', '2024-08-30 14:03:43.153', 1828364740028174337, 1829397707726974978);
INSERT INTO `wms_receipt_order_detail` VALUES (1829399580093640707, 1829399579699376129, 1829398193024724993, 100.00, NULL, NULL, NULL, NULL, NULL, 'admin', '2024-08-30 14:03:43.154', 'admin', '2024-08-30 14:03:43.154', 1828364740028174337, 1829397742493560833);
INSERT INTO `wms_receipt_order_detail` VALUES (1829399580093640708, 1829399579699376129, 1829398193024724994, 101.00, NULL, NULL, NULL, NULL, NULL, 'admin', '2024-08-30 14:03:43.154', 'admin', '2024-08-30 14:03:43.154', 1828364740028174337, 1829397742493560833);

-- ----------------------------
-- Table structure for wms_shipment_order
-- ----------------------------
DROP TABLE IF EXISTS `wms_shipment_order`;
CREATE TABLE `wms_shipment_order`  (
  `id` bigint NOT NULL,
  `shipment_order_no` varchar(22) CHARACTER SET utf8mb4 COLLATE utf8mb4_0900_ai_ci NULL DEFAULT NULL,
  `shipment_order_type` int NULL DEFAULT NULL,
  `order_no` varchar(50) CHARACTER SET utf8mb4 COLLATE utf8mb4_0900_ai_ci NULL DEFAULT NULL,
  `merchant_id` bigint NULL DEFAULT NULL,
  `receivable_amount` decimal(10, 2) NULL DEFAULT NULL,
  `total_quantity` decimal(10, 2) NULL DEFAULT NULL,
  `shipment_order_status` tinyint NULL DEFAULT NULL,
  `warehouse_id` bigint NULL DEFAULT NULL,
  `area_id` bigint NULL DEFAULT NULL,
  `remark` varchar(255) CHARACTER SET utf8mb4 COLLATE utf8mb4_0900_ai_ci NULL DEFAULT NULL,
  `create_by` varchar(64) CHARACTER SET utf8mb4 COLLATE utf8mb4_0900_ai_ci NULL DEFAULT NULL,
  `create_time` datetime(3) NULL DEFAULT NULL,
  `update_by` varchar(64) CHARACTER SET utf8mb4 COLLATE utf8mb4_0900_ai_ci NULL DEFAULT NULL,
  `update_time` datetime(3) NULL DEFAULT NULL
) ENGINE = InnoDB CHARACTER SET = utf8mb4 COLLATE = utf8mb4_0900_ai_ci ROW_FORMAT = DYNAMIC;

-- ----------------------------
-- Records of wms_shipment_order
-- ----------------------------
INSERT INTO `wms_shipment_order` VALUES (1828633402429612034, 'CK08286097', 1, NULL, NULL, NULL, 3.00, 1, 1828364459110469633, 1828364518342430721, NULL, 'admin', '2024-08-28 11:19:12.166', 'admin', '2024-08-28 11:19:20.263');
INSERT INTO `wms_shipment_order` VALUES (1829405767363129345, 'CK08305241', 2, NULL, NULL, NULL, 10.00, 1, 1828364740028174337, NULL, NULL, 'kucun', '2024-08-30 14:28:18.316', 'kucun', '2024-08-30 14:30:21.057');
INSERT INTO `wms_shipment_order` VALUES (1829407217174638593, 'CK08304574', 2, NULL, NULL, NULL, 2.00, 1, 1828364740028174337, 1829397566185992193, NULL, 'kucun', '2024-08-30 14:34:03.985', 'kucun', '2024-08-30 14:34:11.116');

-- ----------------------------
-- Table structure for wms_shipment_order_detail
-- ----------------------------
DROP TABLE IF EXISTS `wms_shipment_order_detail`;
CREATE TABLE `wms_shipment_order_detail`  (
  `id` bigint NOT NULL,
  `shipment_order_id` bigint NULL DEFAULT NULL,
  `sku_id` bigint NULL DEFAULT NULL,
  `quantity` decimal(10, 2) NULL DEFAULT NULL,
  `amount` decimal(10, 2) NULL DEFAULT NULL,
  `warehouse_id` bigint NULL DEFAULT NULL,
  `area_id` bigint NULL DEFAULT NULL,
  `batch_no` varchar(64) CHARACTER SET utf8mb4 COLLATE utf8mb4_0900_ai_ci NULL DEFAULT NULL,
  `production_date` datetime(3) NULL DEFAULT NULL,
  `expiration_date` datetime(3) NULL DEFAULT NULL,
  `inventory_detail_id` bigint NULL DEFAULT NULL,
  `remark` varchar(255) CHARACTER SET utf8mb4 COLLATE utf8mb4_0900_ai_ci NULL DEFAULT NULL,
  `create_by` varchar(64) CHARACTER SET utf8mb4 COLLATE utf8mb4_0900_ai_ci NULL DEFAULT NULL,
  `create_time` datetime(3) NULL DEFAULT NULL,
  `update_by` varchar(64) CHARACTER SET utf8mb4 COLLATE utf8mb4_0900_ai_ci NULL DEFAULT NULL,
  `update_time` datetime(3) NULL DEFAULT NULL
) ENGINE = InnoDB CHARACTER SET = utf8mb4 COLLATE = utf8mb4_0900_ai_ci ROW_FORMAT = DYNAMIC;

-- ----------------------------
-- Records of wms_shipment_order_detail
-- ----------------------------
INSERT INTO `wms_shipment_order_detail` VALUES (1828633402760962050, 1828633402429612034, 1828408796968030210, 1.00, NULL, 1828364459110469633, 1828364518342430721, NULL, NULL, NULL, 1828631499662630916, NULL, 'admin', '2024-08-28 11:19:12.248', 'admin', '2024-08-28 11:19:20.373');
INSERT INTO `wms_shipment_order_detail` VALUES (1828633402760962051, 1828633402429612034, 1828408796968030210, 1.00, NULL, 1828364459110469633, 1828364518342430721, NULL, NULL, NULL, 1828632673883201537, NULL, 'admin', '2024-08-28 11:19:12.249', 'admin', '2024-08-28 11:19:20.481');
INSERT INTO `wms_shipment_order_detail` VALUES (1828633402760962052, 1828633402429612034, 1828408796968030211, 1.00, NULL, 1828364459110469633, 1828364518342430721, NULL, NULL, NULL, 1828632673883201538, NULL, 'admin', '2024-08-28 11:19:12.249', 'admin', '2024-08-28 11:19:20.587');
INSERT INTO `wms_shipment_order_detail` VALUES (1829405767753199617, 1829405767363129345, 1829399118304964609, 1.00, NULL, 1828364740028174337, 1829397566185992193, NULL, NULL, NULL, 1829399580546625538, NULL, 'kucun', '2024-08-30 14:28:18.415', 'kucun', '2024-08-30 14:30:21.183');
INSERT INTO `wms_shipment_order_detail` VALUES (1829405767753199618, 1829405767363129345, 1829399118304964610, 1.00, NULL, 1828364740028174337, 1829397566185992193, NULL, NULL, NULL, 1829399580546625539, NULL, 'kucun', '2024-08-30 14:28:18.416', 'kucun', '2024-08-30 14:30:21.325');
INSERT INTO `wms_shipment_order_detail` VALUES (1829405767753199619, 1829405767363129345, 1829398492779048962, 1.00, NULL, 1828364740028174337, 1829397621378838530, NULL, NULL, NULL, 1829399580613734404, NULL, 'kucun', '2024-08-30 14:28:18.416', 'kucun', '2024-08-30 14:30:21.441');
INSERT INTO `wms_shipment_order_detail` VALUES (1829405767753199620, 1829405767363129345, 1829398492779048963, 1.00, NULL, 1828364740028174337, 1829397621378838530, NULL, NULL, NULL, 1829399580613734405, NULL, 'kucun', '2024-08-30 14:28:18.417', 'kucun', '2024-08-30 14:30:21.580');
INSERT INTO `wms_shipment_order_detail` VALUES (1829405767753199621, 1829405767363129345, 1829398702011904001, 1.00, NULL, 1828364740028174337, 1829397661719654401, NULL, NULL, NULL, 1829399580613734402, NULL, 'kucun', '2024-08-30 14:28:18.417', 'kucun', '2024-08-30 14:30:21.775');
INSERT INTO `wms_shipment_order_detail` VALUES (1829405767820308481, 1829405767363129345, 1829398702011904002, 1.00, NULL, 1828364740028174337, 1829397661719654401, NULL, NULL, NULL, 1829399580613734403, NULL, 'kucun', '2024-08-30 14:28:18.427', 'kucun', '2024-08-30 14:30:22.007');
INSERT INTO `wms_shipment_order_detail` VALUES (1829405767820308482, 1829405767363129345, 1829398333903007745, 1.00, NULL, 1828364740028174337, 1829397707726974978, NULL, NULL, NULL, 1829399580613734406, NULL, 'kucun', '2024-08-30 14:28:18.428', 'kucun', '2024-08-30 14:30:22.223');
INSERT INTO `wms_shipment_order_detail` VALUES (1829405767887417345, 1829405767363129345, 1829398333903007746, 1.00, NULL, 1828364740028174337, 1829397707726974978, NULL, NULL, NULL, 1829399580613734407, NULL, 'kucun', '2024-08-30 14:28:18.437', 'kucun', '2024-08-30 14:30:22.422');
INSERT INTO `wms_shipment_order_detail` VALUES (1829405767887417346, 1829405767363129345, 1829398193024724993, 1.00, NULL, 1828364740028174337, 1829397742493560833, NULL, NULL, NULL, 1829399580613734408, NULL, 'kucun', '2024-08-30 14:28:18.438', 'kucun', '2024-08-30 14:30:22.578');
INSERT INTO `wms_shipment_order_detail` VALUES (1829405767887417347, 1829405767363129345, 1829398193024724994, 1.00, NULL, 1828364740028174337, 1829397742493560833, NULL, NULL, NULL, 1829399580613734409, NULL, 'kucun', '2024-08-30 14:28:18.438', 'kucun', '2024-08-30 14:30:22.811');
INSERT INTO `wms_shipment_order_detail` VALUES (1829407217568903170, 1829407217174638593, 1829399118304964609, 1.00, NULL, 1828364740028174337, 1829397566185992193, NULL, NULL, NULL, 1829399580546625538, NULL, 'kucun', '2024-08-30 14:34:04.068', 'kucun', '2024-08-30 14:34:11.232');
INSERT INTO `wms_shipment_order_detail` VALUES (1829407217568903171, 1829407217174638593, 1829399118304964610, 1.00, NULL, 1828364740028174337, 1829397566185992193, NULL, NULL, NULL, 1829399580546625539, NULL, 'kucun', '2024-08-30 14:34:04.069', 'kucun', '2024-08-30 14:34:11.355');

-- ----------------------------
-- Table structure for wms_warehouse
-- ----------------------------
DROP TABLE IF EXISTS `wms_warehouse`;
CREATE TABLE `wms_warehouse`  (
  `id` bigint NOT NULL,
  `warehouse_code` varchar(20) CHARACTER SET utf8mb4 COLLATE utf8mb4_0900_ai_ci NULL DEFAULT NULL,
  `warehouse_name` varchar(50) CHARACTER SET utf8mb4 COLLATE utf8mb4_0900_ai_ci NULL DEFAULT NULL,
  `remark` varchar(255) CHARACTER SET utf8mb4 COLLATE utf8mb4_0900_ai_ci NULL DEFAULT NULL,
  `order_num` bigint NULL DEFAULT NULL,
  `create_by` varchar(64) CHARACTER SET utf8mb4 COLLATE utf8mb4_0900_ai_ci NULL DEFAULT NULL,
  `create_time` datetime(3) NULL DEFAULT NULL,
  `update_by` varchar(64) CHARACTER SET utf8mb4 COLLATE utf8mb4_0900_ai_ci NULL DEFAULT NULL,
  `update_time` datetime(3) NULL DEFAULT NULL
) ENGINE = InnoDB CHARACTER SET = utf8mb4 COLLATE = utf8mb4_0900_ai_ci ROW_FORMAT = DYNAMIC;

-- ----------------------------
-- Records of wms_warehouse
-- ----------------------------
INSERT INTO `wms_warehouse` VALUES (1828364459110469633, NULL, '江南区分部仓库', NULL, 0, 'admin', '2024-08-27 17:30:31.084', 'admin', '2025-04-16 20:48:08.084');
INSERT INTO `wms_warehouse` VALUES (1828364609002311682, NULL, '青秀区分部仓库', NULL, 1, 'admin', '2024-08-27 17:31:06.821', 'admin', '2025-04-16 20:48:19.159');
INSERT INTO `wms_warehouse` VALUES (1828364740028174337, NULL, '南宁总仓', NULL, 2, 'admin', '2024-08-27 17:31:38.066', 'admin', '2025-04-16 20:47:52.756');

SET FOREIGN_KEY_CHECKS = 1;
